TransactionID,Date,CustomerID,Product,Category,Region,Quantity,UnitPrice,Sales,PaymentMethod,Channel
1,2026-08-06,C2846,Mouse,Accessories,North,10,1350,13500,Net Banking,Online
2,2026-07-21,C2886,Keyboard,Accessories,North,9,3063,27567,UPI,Distributor
3,2026-05-23,C1795,Mouse,Accessories,Northeast,7,1537,10759,Cash,Distributor
4,2026-07-15,C1117,Office Chair,Furniture,East,2,9203,18406,Net Banking,Distributor
5,2026-11-24,C1423,Keyboard,Accessories,South,3,3296,9888,Net Banking,Store
6,2026-06-25,C2400,Desk,Furniture,North,6,15099,90594,Net Banking,Store
7,2026-06-09,C1509,Office Chair,Furniture,East,1,10254,10254,Cash,Store
8,2026-02-11,C2815,Mobile,Electronics,Central,6,25767,154602,Net Banking,Distributor
9,2026-01-09,C2040,Office Chair,Furniture,South,4,9151,36604,Debit Card,Online
10,2026-03-12,C2250,Mobile,Electronics,West,10,27298,272980,Cash,Distributor
11,2026-08-02,C2962,Keyboard,Accessories,West,3,2801,8403,Debit Card,Online
12,2026-03-22,C2792,Printer,Office,South,6,11676,70056,Credit Card,Distributor
13,2026-02-20,C2298,Printer,Office,East,2,12480,24960,Cash,Online
14,2026-10-18,C1081,Headphones,Accessories,South,8,4331,34648,UPI,Online
15,2026-07-26,C1637,Monitor,Electronics,Central,7,20521,143647,Cash,Distributor
16,2026-09-16,C1305,Printer,Office,North,9,12431,111879,Net Banking,Store
17,2026-07-16,C1544,Mouse,Accessories,South,2,1476,2952,Credit Card,Distributor
18,2026-01-23,C2633,Mobile,Electronics,Northeast,8,25137,201096,Cash,Distributor
19,2026-02-21,C2213,Keyboard,Accessories,Northeast,4,3126,12504,Debit Card,Distributor
20,2026-03-24,C2194,Mouse,Accessories,Central,3,1549,4647,Cash,Store
21,2026-09-09,C1723,Monitor,Electronics,South,1,21298,21298,Debit Card,Store
22,2026-07-05,C2026,Laptop,Electronics,West,6,63877,383262,Net Banking,Store
23,2026-07-22,C2224,Office Chair,Furniture,East,7,10921,76447,UPI,Store
24,2026-06-23,C2522,Office Chair,Furniture,East,1,9419,9419,Cash,Online
25,2026-07-21,C1120,Monitor,Electronics,North,7,21970,153790,Cash,Store
26,2026-01-01,C2882,Keyboard,Accessories,West,1,3274,3274,Credit Card,Online
27,2026-10-09,C1319,Headphones,Accessories,Central,4,4266,17064,Cash,Store
28,2026-03-16,C1586,Printer,Office,South,9,12776,114984,Debit Card,Store
29,2026-06-02,C1682,Mouse,Accessories,Central,1,1416,1416,Debit Card,Distributor
30,2026-07-22,C2212,Mobile,Electronics,Northeast,10,26777,267770,Net Banking,Store
31,2026-07-14,C1228,Desk,Furniture,Northeast,6,13941,83646,Credit Card,Online
32,2026-07-13,C2785,Mouse,Accessories,North,7,1550,10850,UPI,Store
33,2026-01-27,C1437,Tablet,Electronics,North,9,31484,283356,UPI,Distributor
34,2026-03-21,C2087,Mobile,Electronics,North,4,26520,106080,Cash,Distributor
35,2026-07-28,C1423,Office Chair,Furniture,East,1,9764,9764,UPI,Distributor
36,2026-12-15,C1361,Mouse,Accessories,West,7,1440,10080,Credit Card,Distributor
37,2026-01-23,C2265,Keyboard,Accessories,East,1,3145,3145,Net Banking,Online
38,2026-11-21,C1499,Keyboard,Accessories,Central,4,2960,11840,Net Banking,Distributor
39,2026-05-29,C1912,Mobile,Electronics,West,9,24743,222687,Debit Card,Online
40,2026-07-02,C1559,Printer,Office,North,4,10846,43384,Credit Card,Online
41,2026-03-11,C1657,Keyboard,Accessories,Central,2,2830,5660,UPI,Online
42,2026-05-18,C2841,Printer,Office,East,1,12117,12117,Credit Card,Online
43,2026-02-28,C1281,Tablet,Electronics,North,3,30864,92592,Net Banking,Store
44,2026-04-04,C1771,Monitor,Electronics,East,10,20709,207090,UPI,Distributor
45,2026-07-12,C1509,Mobile,Electronics,Central,1,27472,27472,Credit Card,Store
46,2026-12-10,C2059,Tablet,Electronics,Central,3,32853,98559,UPI,Distributor
47,2026-06-13,C2553,Keyboard,Accessories,East,1,2777,2777,Debit Card,Online
48,2026-07-10,C1016,Laptop,Electronics,Central,5,62800,314000,UPI,Store
49,2026-10-24,C2493,Office Chair,Furniture,West,5,10363,51815,Debit Card,Distributor
50,2026-04-28,C1554,Laptop,Electronics,South,4,64174,256696,UPI,Store
51,2026-04-09,C1194,Laptop,Electronics,Northeast,8,61606,492848,Cash,Distributor
52,2026-12-09,C2915,Desk,Furniture,West,10,14456,144560,Debit Card,Store
53,2026-01-11,C2506,Mobile,Electronics,East,4,26966,107864,Net Banking,Online
54,2026-12-24,C2826,Office Chair,Furniture,East,10,9715,97150,Cash,Store
55,2026-04-27,C1052,Desk,Furniture,South,3,14224,42672,Net Banking,Online
56,2026-11-07,C1676,Headphones,Accessories,Northeast,8,3828,30624,Debit Card,Store
57,2026-10-08,C1022,Monitor,Electronics,West,2,18221,36442,Net Banking,Online
58,2026-04-18,C1680,Mouse,Accessories,South,10,1431,14310,Cash,Distributor
59,2026-01-12,C1970,Office Chair,Furniture,Northeast,5,10698,53490,UPI,Store
60,2026-12-01,C2096,Keyboard,Accessories,Northeast,6,2792,16752,Credit Card,Store
61,2026-06-04,C1798,Headphones,Accessories,Central,3,3879,11637,Net Banking,Distributor
62,2026-05-15,C1269,Printer,Office,Central,9,11869,106821,Debit Card,Store
63,2026-09-25,C2463,Laptop,Electronics,East,10,54297,542970,Net Banking,Distributor
64,2026-09-30,C2784,Monitor,Electronics,West,5,21397,106985,Cash,Online
65,2026-07-22,C1401,Keyboard,Accessories,West,3,3088,9264,UPI,Online
66,2026-02-10,C2326,Desk,Furniture,North,5,15850,79250,Net Banking,Online
67,2026-09-19,C1294,Desk,Furniture,East,9,13821,124389,Cash,Distributor
68,2026-06-06,C2707,Monitor,Electronics,West,4,20401,81604,Credit Card,Store
69,2026-05-07,C2992,Printer,Office,North,5,11512,57560,UPI,Online
70,2026-02-14,C1793,Monitor,Electronics,Northeast,9,21227,191043,Debit Card,Online
71,2026-03-16,C1173,Headphones,Accessories,East,10,3890,38900,Cash,Online
72,2026-10-13,C1775,Tablet,Electronics,North,3,28155,84465,Cash,Distributor
73,2026-04-25,C1858,Mobile,Electronics,East,6,25901,155406,Cash,Online
74,2026-10-19,C2492,Monitor,Electronics,West,5,21634,108170,Cash,Online
75,2026-02-16,C1764,Laptop,Electronics,South,1,65427,65427,Credit Card,Store
76,2026-01-22,C2304,Monitor,Electronics,South,1,18561,18561,Credit Card,Online
77,2026-02-12,C1552,Tablet,Electronics,Central,9,27117,244053,Net Banking,Distributor
78,2026-04-14,C2841,Office Chair,Furniture,East,1,9901,9901,Debit Card,Distributor
79,2026-08-03,C2035,Mobile,Electronics,North,4,26403,105612,Net Banking,Online
80,2026-05-09,C1911,Printer,Office,Central,9,11193,100737,Net Banking,Online
81,2026-04-17,C2888,Tablet,Electronics,Northeast,5,28417,142085,Debit Card,Store
82,2026-10-12,C1173,Tablet,Electronics,North,9,31293,281637,Credit Card,Store
83,2026-04-01,C3000,Printer,Office,East,4,12188,48752,Cash,Distributor
84,2026-07-06,C2751,Mobile,Electronics,South,10,27404,274040,UPI,Store
85,2026-12-30,C1794,Tablet,Electronics,Central,5,27385,136925,Net Banking,Distributor
86,2026-01-11,C1758,Monitor,Electronics,North,5,18388,91940,Cash,Distributor
87,2026-11-24,C1888,Keyboard,Accessories,Northeast,2,3131,6262,Cash,Store
88,2026-06-02,C2357,Office Chair,Furniture,East,7,10960,76720,Debit Card,Store
89,2026-06-02,C2608,Office Chair,Furniture,Central,8,10341,82728,Cash,Online
90,2026-06-21,C2459,Keyboard,Accessories,South,8,3064,24512,UPI,Online
91,2026-12-11,C1446,Office Chair,Furniture,West,1,9069,9069,Credit Card,Distributor
92,2026-06-07,C1148,Monitor,Electronics,Northeast,2,21526,43052,Net Banking,Store
93,2026-01-09,C1874,Keyboard,Accessories,West,1,3282,3282,Cash,Store
94,2026-12-18,C1231,Headphones,Accessories,Central,10,3787,37870,UPI,Distributor
95,2026-12-09,C1403,Monitor,Electronics,Central,9,18884,169956,Cash,Distributor
96,2026-02-22,C2121,Printer,Office,Central,6,12391,74346,Debit Card,Distributor
97,2026-05-26,C2136,Printer,Office,West,6,11311,67866,Credit Card,Store
98,2026-06-17,C2035,Headphones,Accessories,West,3,4212,12636,Net Banking,Online
99,2026-08-28,C2439,Printer,Office,East,3,13056,39168,UPI,Store
100,2026-02-14,C1054,Headphones,Accessories,Northeast,5,4118,20590,Debit Card,Online
101,2026-01-26,C2058,Keyboard,Accessories,West,2,2759,5518,Credit Card,Distributor
102,2026-11-25,C1469,Office Chair,Furniture,South,3,9497,28491,Net Banking,Online
103,2026-08-11,C1383,Office Chair,Furniture,South,9,9604,86436,Debit Card,Distributor
104,2026-12-16,C2759,Printer,Office,West,6,12927,77562,Cash,Distributor
105,2026-04-02,C1587,Mouse,Accessories,Central,5,1578,7890,UPI,Distributor
106,2026-05-29,C1309,Desk,Furniture,Central,3,15919,47757,Net Banking,Online
107,2026-01-18,C1655,Printer,Office,West,2,11483,22966,Credit Card,Online
108,2026-06-06,C1914,Tablet,Electronics,Central,5,29713,148565,Net Banking,Online
109,2026-12-31,C1246,Tablet,Electronics,Northeast,8,28504,228032,UPI,Store
110,2026-12-04,C2764,Laptop,Electronics,South,5,63198,315990,Debit Card,Store
111,2026-02-12,C2459,Printer,Office,Central,3,13151,39453,Credit Card,Online
112,2026-06-25,C1489,Mobile,Electronics,South,8,23582,188656,UPI,Store
113,2026-05-04,C1461,Keyboard,Accessories,East,3,2929,8787,Credit Card,Store
114,2026-09-30,C2343,Headphones,Accessories,East,4,4078,16312,Debit Card,Online
115,2026-03-02,C1463,Monitor,Electronics,Central,5,20073,100365,UPI,Online
116,2026-03-09,C1485,Desk,Furniture,Northeast,4,13999,55996,Credit Card,Distributor
117,2026-11-14,C1283,Mobile,Electronics,South,9,22906,206154,Net Banking,Distributor
118,2026-09-10,C2968,Tablet,Electronics,North,3,30374,91122,Cash,Online
119,2026-03-27,C2962,Mouse,Accessories,Central,2,1538,3076,UPI,Distributor
120,2026-06-08,C1888,Desk,Furniture,Central,1,14482,14482,Net Banking,Store
121,2026-10-15,C2754,Mouse,Accessories,West,2,1519,3038,UPI,Distributor
122,2026-04-28,C2678,Mobile,Electronics,South,1,26685,26685,Credit Card,Distributor
123,2026-12-24,C1247,Keyboard,Accessories,East,10,3096,30960,Net Banking,Online
124,2026-12-25,C2492,Office Chair,Furniture,Northeast,3,9884,29652,UPI,Online
125,2026-12-25,C2367,Office Chair,Furniture,Northeast,7,9330,65310,Net Banking,Online
126,2026-10-20,C2279,Headphones,Accessories,Central,5,4349,21745,UPI,Store
127,2026-01-29,C1151,Laptop,Electronics,Central,6,59043,354258,UPI,Store
128,2026-03-26,C2110,Office Chair,Furniture,West,4,10899,43596,Net Banking,Online
129,2026-12-12,C1896,Tablet,Electronics,Central,8,28363,226904,Credit Card,Online
130,2026-07-09,C1849,Mobile,Electronics,East,7,23416,163912,UPI,Online
131,2026-06-17,C1395,Laptop,Electronics,Central,5,63634,318170,UPI,Online
132,2026-01-28,C1264,Tablet,Electronics,North,2,30294,60588,Cash,Store
133,2026-01-29,C2226,Office Chair,Furniture,North,7,9246,64722,Cash,Distributor
134,2026-08-17,C1417,Office Chair,Furniture,Central,2,9281,18562,UPI,Store
135,2026-01-10,C1696,Printer,Office,East,1,11087,11087,Cash,Store
136,2026-04-04,C2252,Desk,Furniture,South,9,16346,147114,UPI,Distributor
137,2026-07-24,C1806,Printer,Office,North,4,11581,46324,UPI,Online
138,2026-11-01,C2736,Laptop,Electronics,Northeast,6,65213,391278,UPI,Distributor
139,2026-08-21,C1938,Keyboard,Accessories,East,1,2787,2787,Cash,Online
140,2026-06-02,C2712,Desk,Furniture,North,6,15395,92370,Cash,Store
141,2026-07-13,C1114,Desk,Furniture,Central,9,16422,147798,Credit Card,Online
142,2026-11-03,C1170,Monitor,Electronics,East,3,21312,63936,Credit Card,Distributor
143,2026-06-29,C2958,Mouse,Accessories,Northeast,8,1520,12160,Net Banking,Online
144,2026-01-28,C1407,Printer,Office,North,4,13102,52408,UPI,Store
145,2026-01-09,C1132,Office Chair,Furniture,North,10,9553,95530,Debit Card,Distributor
146,2026-08-16,C2116,Laptop,Electronics,North,9,65473,589257,Net Banking,Store
147,2026-05-20,C2127,Monitor,Electronics,Central,6,18160,108960,Credit Card,Store
148,2026-10-10,C2449,Laptop,Electronics,East,8,64694,517552,Credit Card,Distributor
149,2026-01-13,C1660,Printer,Office,Central,7,11020,77140,Cash,Distributor
150,2026-05-04,C2046,Tablet,Electronics,South,9,29758,267822,UPI,Distributor
151,2026-06-18,C2597,Desk,Furniture,West,6,15722,94332,Cash,Distributor
152,2026-01-20,C1735,Headphones,Accessories,East,8,4352,34816,Cash,Online
153,2026-05-01,C2089,Desk,Furniture,South,4,14339,57356,Credit Card,Store
154,2026-03-01,C2311,Mouse,Accessories,North,7,1643,11501,Credit Card,Online
155,2026-05-26,C2804,Office Chair,Furniture,East,4,10392,41568,Credit Card,Distributor
156,2026-12-27,C1060,Monitor,Electronics,Central,3,20260,60780,Credit Card,Distributor
157,2026-06-05,C1960,Mouse,Accessories,North,6,1634,9804,Net Banking,Online
158,2026-10-14,C1652,Mobile,Electronics,South,9,23745,213705,Net Banking,Distributor
159,2026-05-09,C2976,Mouse,Accessories,East,4,1603,6412,Debit Card,Distributor
160,2026-02-22,C1280,Mouse,Accessories,Central,6,1430,8580,UPI,Store
161,2026-04-19,C2807,Printer,Office,North,2,12830,25660,Credit Card,Distributor
162,2026-03-19,C1429,Desk,Furniture,West,4,15278,61112,Credit Card,Store
163,2026-02-15,C2319,Laptop,Electronics,North,8,58139,465112,Cash,Store
164,2026-02-24,C2473,Headphones,Accessories,West,2,3934,7868,Cash,Online
165,2026-09-27,C1286,Headphones,Accessories,North,4,4330,17320,Credit Card,Distributor
166,2026-07-24,C1013,Keyboard,Accessories,East,1,3177,3177,Credit Card,Store
167,2026-06-20,C2751,Mobile,Electronics,North,3,25053,75159,Net Banking,Store
168,2026-09-10,C2452,Printer,Office,North,6,11955,71730,Cash,Online
169,2026-12-14,C1474,Tablet,Electronics,Northeast,7,31575,221025,Net Banking,Store
170,2026-06-17,C2651,Headphones,Accessories,Central,5,4121,20605,Cash,Distributor
171,2026-03-31,C2269,Laptop,Electronics,East,8,55224,441792,Cash,Store
172,2026-03-04,C2765,Headphones,Accessories,East,5,3947,19735,Credit Card,Distributor
173,2026-06-24,C2279,Printer,Office,Northeast,6,12761,76566,Debit Card,Online
174,2026-04-08,C1342,Tablet,Electronics,West,2,29778,59556,Cash,Distributor
175,2026-10-08,C1003,Mobile,Electronics,East,4,27275,109100,UPI,Store
176,2026-12-11,C1009,Mouse,Accessories,South,4,1567,6268,Cash,Online
177,2026-11-15,C1081,Mobile,Electronics,Northeast,10,27471,274710,Debit Card,Store
178,2026-10-11,C1029,Mouse,Accessories,South,8,1592,12736,Cash,Distributor
179,2026-06-17,C2387,Mouse,Accessories,West,8,1522,12176,Debit Card,Distributor
180,2026-03-03,C2894,Mobile,Electronics,Central,2,27346,54692,UPI,Online
181,2026-10-15,C1022,Mouse,Accessories,Northeast,8,1491,11928,Cash,Store
182,2026-03-30,C1538,Keyboard,Accessories,East,3,2758,8274,Cash,Online
183,2026-04-08,C1276,Mobile,Electronics,West,1,23018,23018,UPI,Store
184,2026-08-23,C1948,Printer,Office,East,5,12480,62400,Cash,Distributor
185,2026-03-26,C1810,Tablet,Electronics,East,8,32680,261440,UPI,Distributor
186,2026-06-04,C1268,Printer,Office,North,4,13143,52572,Debit Card,Store
187,2026-03-18,C2734,Monitor,Electronics,East,4,18745,74980,Net Banking,Online
188,2026-08-13,C1120,Monitor,Electronics,West,3,19779,59337,Debit Card,Distributor
189,2026-08-17,C1382,Printer,Office,South,9,12892,116028,Cash,Online
190,2026-12-15,C2132,Desk,Furniture,North,10,15088,150880,Debit Card,Online
191,2026-03-06,C2566,Mobile,Electronics,North,2,23120,46240,UPI,Distributor
192,2026-03-26,C1821,Mobile,Electronics,South,5,26957,134785,Cash,Store
193,2026-11-01,C1020,Printer,Office,Central,8,13127,105016,UPI,Online
194,2026-11-08,C1570,Office Chair,Furniture,South,7,9635,67445,Credit Card,Online
195,2026-10-27,C1326,Tablet,Electronics,Central,4,31117,124468,Cash,Online
196,2026-10-12,C2646,Monitor,Electronics,North,3,20921,62763,Debit Card,Online
197,2026-06-28,C2879,Printer,Office,West,1,11069,11069,Net Banking,Store
198,2026-12-19,C2278,Mouse,Accessories,South,9,1522,13698,Credit Card,Distributor
199,2026-07-02,C1560,Keyboard,Accessories,Central,10,3159,31590,UPI,Online
200,2026-07-09,C2573,Printer,Office,South,10,11458,114580,Net Banking,Online
201,2026-07-30,C1322,Monitor,Electronics,Northeast,1,21031,21031,Cash,Distributor
202,2026-09-23,C2529,Tablet,Electronics,West,9,32597,293373,Credit Card,Online
203,2026-07-14,C1505,Desk,Furniture,South,8,13693,109544,Credit Card,Store
204,2026-10-19,C1350,Tablet,Electronics,North,2,32121,64242,Cash,Distributor
205,2026-04-10,C2036,Printer,Office,North,2,12705,25410,Debit Card,Store
206,2026-11-26,C1226,Mobile,Electronics,South,10,25433,254330,UPI,Online
207,2026-12-05,C2579,Mouse,Accessories,North,3,1631,4893,Debit Card,Store
208,2026-06-10,C2558,Desk,Furniture,Northeast,5,16271,81355,Debit Card,Store
209,2026-12-26,C2055,Printer,Office,West,10,12848,128480,UPI,Distributor
210,2026-09-09,C2501,Desk,Furniture,South,7,13998,97986,UPI,Distributor
211,2026-11-02,C1130,Office Chair,Furniture,West,10,9903,99030,Credit Card,Distributor
212,2026-09-02,C2878,Printer,Office,Central,3,11543,34629,UPI,Store
213,2026-10-29,C1091,Keyboard,Accessories,Northeast,9,3077,27693,Credit Card,Online
214,2026-02-03,C1948,Desk,Furniture,Northeast,1,13678,13678,Credit Card,Store
215,2026-05-02,C1677,Mobile,Electronics,South,3,23457,70371,Net Banking,Online
216,2026-07-30,C2752,Office Chair,Furniture,Northeast,9,10048,90432,UPI,Distributor
217,2026-07-01,C2788,Mobile,Electronics,South,3,25024,75072,Credit Card,Online
218,2026-05-02,C2147,Printer,Office,South,10,10966,109660,UPI,Online
219,2026-08-24,C2851,Mobile,Electronics,North,7,23352,163464,Net Banking,Distributor
220,2026-08-24,C1502,Monitor,Electronics,Northeast,4,19676,78704,Credit Card,Store
221,2026-09-15,C2201,Tablet,Electronics,West,5,29159,145795,Credit Card,Distributor
222,2026-06-11,C1990,Mouse,Accessories,North,5,1628,8140,Debit Card,Store
223,2026-05-11,C2868,Headphones,Accessories,Central,8,3855,30840,Credit Card,Store
224,2026-06-29,C2712,Keyboard,Accessories,Central,5,2848,14240,Debit Card,Distributor
225,2026-05-07,C2811,Monitor,Electronics,West,4,20446,81784,Credit Card,Online
226,2026-04-17,C2060,Mouse,Accessories,Central,7,1554,10878,UPI,Online
227,2026-09-11,C1706,Keyboard,Accessories,Northeast,7,3091,21637,Net Banking,Online
228,2026-05-20,C1144,Tablet,Electronics,Central,4,32104,128416,UPI,Store
229,2026-04-12,C1059,Printer,Office,West,1,11570,11570,Net Banking,Store
230,2026-02-28,C1071,Monitor,Electronics,Central,4,19976,79904,Cash,Online
231,2026-06-24,C2639,Printer,Office,Central,4,11794,47176,Cash,Store
232,2026-09-03,C2736,Mouse,Accessories,Central,6,1397,8382,UPI,Distributor
233,2026-09-23,C2557,Laptop,Electronics,Central,10,54184,541840,Cash,Store
234,2026-05-15,C1684,Laptop,Electronics,Northeast,1,55690,55690,Net Banking,Distributor
235,2026-08-15,C2870,Desk,Furniture,North,9,14100,126900,UPI,Online
236,2026-05-04,C1039,Desk,Furniture,North,6,14455,86730,Cash,Online
237,2026-10-25,C1374,Monitor,Electronics,East,7,19518,136626,Credit Card,Online
238,2026-03-15,C2280,Mouse,Accessories,Northeast,1,1578,1578,Debit Card,Store
239,2026-11-14,C2469,Printer,Office,East,4,12741,50964,Net Banking,Distributor
240,2026-01-24,C2795,Tablet,Electronics,East,8,32935,263480,Credit Card,Online
241,2026-04-12,C1410,Monitor,Electronics,Central,10,21957,219570,Cash,Distributor
242,2026-04-25,C1220,Monitor,Electronics,Central,3,21162,63486,Cash,Online
243,2026-07-14,C1179,Mouse,Accessories,Northeast,9,1539,13851,Cash,Store
244,2026-11-03,C2743,Mobile,Electronics,East,1,27181,27181,Credit Card,Online
245,2026-05-07,C1463,Printer,Office,Central,10,12679,126790,Net Banking,Distributor
246,2026-12-26,C2102,Tablet,Electronics,South,9,28851,259659,Cash,Store
247,2026-10-16,C1369,Mouse,Accessories,Northeast,5,1557,7785,Debit Card,Online
248,2026-01-09,C1212,Office Chair,Furniture,Northeast,4,9450,37800,Cash,Store
249,2026-10-11,C1645,Printer,Office,Northeast,1,12442,12442,UPI,Distributor
250,2026-10-30,C2886,Headphones,Accessories,Central,3,3674,11022,UPI,Store
251,2026-09-27,C1302,Keyboard,Accessories,West,7,2910,20370,Cash,Distributor
252,2026-08-30,C2857,Tablet,Electronics,North,1,29515,29515,Debit Card,Online
253,2026-11-05,C2130,Laptop,Electronics,South,1,63691,63691,UPI,Distributor
254,2026-02-11,C2422,Printer,Office,Central,2,12318,24636,Credit Card,Distributor
255,2026-04-02,C1047,Laptop,Electronics,North,6,64504,387024,Debit Card,Store
256,2026-05-25,C1666,Mouse,Accessories,North,7,1425,9975,Debit Card,Distributor
257,2026-05-04,C1841,Office Chair,Furniture,Northeast,6,10983,65898,Cash,Distributor
258,2026-04-01,C2166,Monitor,Electronics,East,5,20976,104880,Cash,Distributor
259,2026-07-20,C1618,Headphones,Accessories,Northeast,3,4345,13035,Net Banking,Distributor
260,2026-09-28,C1161,Tablet,Electronics,North,9,27601,248409,UPI,Store
261,2026-12-21,C2492,Office Chair,Furniture,West,3,10580,31740,UPI,Distributor
262,2026-11-27,C1121,Headphones,Accessories,North,1,3722,3722,Net Banking,Distributor
263,2026-01-16,C1186,Desk,Furniture,South,3,15741,47223,UPI,Online
264,2026-04-23,C2216,Tablet,Electronics,South,9,28976,260784,Debit Card,Distributor
265,2026-11-06,C1261,Mouse,Accessories,South,7,1496,10472,Credit Card,Distributor
266,2026-08-11,C1040,Mouse,Accessories,North,6,1510,9060,Net Banking,Online
267,2026-08-19,C1658,Laptop,Electronics,Central,6,57059,342354,Credit Card,Distributor
268,2026-07-21,C1577,Tablet,Electronics,South,1,28064,28064,UPI,Store
269,2026-10-05,C2016,Printer,Office,East,2,12929,25858,Debit Card,Online
270,2026-03-27,C1831,Laptop,Electronics,Central,4,60928,243712,Cash,Distributor
271,2026-06-12,C1708,Laptop,Electronics,South,1,58210,58210,Credit Card,Online
272,2026-06-23,C2797,Tablet,Electronics,East,10,30669,306690,Net Banking,Online
273,2026-12-18,C1929,Printer,Office,East,3,12043,36129,Debit Card,Distributor
274,2026-10-15,C1560,Tablet,Electronics,East,3,32503,97509,Credit Card,Distributor
275,2026-05-16,C2186,Laptop,Electronics,Northeast,6,54732,328392,Credit Card,Distributor
276,2026-09-09,C1592,Printer,Office,Northeast,3,10817,32451,Cash,Online
277,2026-10-28,C1535,Office Chair,Furniture,Northeast,5,10106,50530,Net Banking,Online
278,2026-08-28,C2277,Monitor,Electronics,North,5,18291,91455,Net Banking,Online
279,2026-12-11,C1193,Mobile,Electronics,East,6,23012,138072,Debit Card,Online
280,2026-12-20,C1775,Headphones,Accessories,West,3,3932,11796,Cash,Store
281,2026-10-13,C1474,Mouse,Accessories,Northeast,3,1564,4692,Debit Card,Online
282,2026-06-09,C1162,Office Chair,Furniture,West,7,10881,76167,Net Banking,Online
283,2026-12-16,C1135,Tablet,Electronics,North,7,32930,230510,Cash,Store
284,2026-11-17,C1925,Printer,Office,South,2,12057,24114,Credit Card,Distributor
285,2026-01-07,C1703,Tablet,Electronics,Central,3,31370,94110,UPI,Online
286,2026-07-26,C2145,Mouse,Accessories,Central,2,1632,3264,Net Banking,Store
287,2026-12-31,C1239,Office Chair,Furniture,Northeast,5,9028,45140,Debit Card,Distributor
288,2026-01-23,C1972,Desk,Furniture,South,10,15972,159720,Debit Card,Store
289,2026-10-09,C2102,Laptop,Electronics,Northeast,4,56561,226244,Net Banking,Online
290,2026-05-06,C2871,Mouse,Accessories,South,3,1416,4248,Net Banking,Distributor
291,2026-04-24,C1761,Mouse,Accessories,South,10,1620,16200,Debit Card,Distributor
292,2026-08-14,C2255,Monitor,Electronics,East,5,19659,98295,Debit Card,Distributor
293,2026-12-29,C2975,Mouse,Accessories,East,10,1542,15420,Credit Card,Store
294,2026-03-20,C2321,Monitor,Electronics,South,1,19451,19451,Cash,Online
295,2026-11-29,C2340,Keyboard,Accessories,North,9,3036,27324,UPI,Store
296,2026-08-23,C2292,Keyboard,Accessories,Central,6,2717,16302,Credit Card,Online
297,2026-01-05,C2343,Mouse,Accessories,North,9,1397,12573,Debit Card,Store
298,2026-06-29,C2437,Mobile,Electronics,North,4,24552,98208,Debit Card,Store
299,2026-12-05,C2527,Tablet,Electronics,Central,8,29025,232200,UPI,Online
300,2026-03-29,C2207,Tablet,Electronics,West,9,29934,269406,UPI,Online
301,2026-10-08,C2849,Laptop,Electronics,West,3,56225,168675,UPI,Store
302,2026-02-03,C1516,Mouse,Accessories,South,9,1477,13293,Net Banking,Store
303,2026-07-25,C2481,Monitor,Electronics,East,6,19584,117504,Cash,Online
304,2026-03-10,C2465,Office Chair,Furniture,North,9,10697,96273,UPI,Distributor
305,2026-08-08,C2652,Office Chair,Furniture,North,5,10309,51545,Cash,Distributor
306,2026-02-15,C2392,Mouse,Accessories,Northeast,8,1627,13016,Cash,Distributor
307,2026-07-20,C2226,Mouse,Accessories,Central,9,1586,14274,UPI,Distributor
308,2026-01-12,C2014,Office Chair,Furniture,East,3,9894,29682,Debit Card,Distributor
309,2026-06-26,C1079,Desk,Furniture,East,5,13711,68555,UPI,Distributor
310,2026-05-25,C2804,Tablet,Electronics,West,6,31330,187980,Credit Card,Store
311,2026-07-30,C2658,Office Chair,Furniture,South,1,10555,10555,Cash,Online
312,2026-05-12,C1070,Keyboard,Accessories,South,5,2708,13540,Cash,Online
313,2026-06-20,C1411,Keyboard,Accessories,East,10,2816,28160,Cash,Online
314,2026-12-01,C2392,Printer,Office,Northeast,8,12254,98032,Cash,Store
315,2026-10-18,C1203,Monitor,Electronics,West,2,21253,42506,Cash,Store
316,2026-09-13,C2726,Office Chair,Furniture,East,6,10687,64122,Debit Card,Online
317,2026-10-20,C2583,Laptop,Electronics,North,1,65596,65596,Credit Card,Store
318,2026-10-18,C1368,Monitor,Electronics,Northeast,7,20729,145103,UPI,Store
319,2026-08-07,C1706,Keyboard,Accessories,North,9,2945,26505,UPI,Store
320,2026-03-24,C2458,Mouse,Accessories,North,3,1567,4701,Cash,Distributor
321,2026-09-13,C1013,Keyboard,Accessories,East,3,3212,9636,Credit Card,Online
322,2026-03-07,C1496,Desk,Furniture,Northeast,6,15346,92076,Credit Card,Online
323,2026-01-21,C2910,Laptop,Electronics,North,9,58639,527751,Cash,Online
324,2026-05-28,C2019,Mobile,Electronics,Northeast,10,23664,236640,Net Banking,Online
325,2026-04-07,C1104,Mobile,Electronics,Central,10,24231,242310,Credit Card,Online
326,2026-05-01,C2117,Printer,Office,East,2,11731,23462,Credit Card,Distributor
327,2026-10-09,C2898,Headphones,Accessories,West,4,4274,17096,Net Banking,Online
328,2026-11-09,C2780,Keyboard,Accessories,West,5,2866,14330,Cash,Store
329,2026-06-27,C1046,Tablet,Electronics,Central,5,31244,156220,Cash,Store
330,2026-03-29,C2807,Headphones,Accessories,Northeast,2,4238,8476,Cash,Distributor
331,2026-05-23,C1816,Desk,Furniture,Central,1,15762,15762,UPI,Distributor
332,2026-04-10,C1958,Printer,Office,South,4,12299,49196,Credit Card,Store
333,2026-08-10,C2162,Mouse,Accessories,Northeast,3,1401,4203,Cash,Distributor
334,2026-03-07,C2228,Office Chair,Furniture,North,10,10570,105700,UPI,Online
335,2026-10-13,C2697,Printer,Office,Central,9,12209,109881,Debit Card,Distributor
336,2026-08-20,C2160,Tablet,Electronics,South,10,30155,301550,Credit Card,Store
337,2026-01-20,C2536,Mobile,Electronics,South,2,26340,52680,Credit Card,Store
338,2026-01-01,C2864,Office Chair,Furniture,North,2,9481,18962,Debit Card,Store
339,2026-04-11,C1078,Office Chair,Furniture,West,10,10119,101190,Debit Card,Distributor
340,2026-03-17,C1293,Mouse,Accessories,Central,10,1518,15180,Credit Card,Distributor
341,2026-11-19,C2584,Mobile,Electronics,South,9,22795,205155,UPI,Distributor
342,2026-07-16,C1044,Printer,Office,Central,9,11889,107001,Credit Card,Online
343,2026-08-25,C1993,Headphones,Accessories,Central,1,4264,4264,UPI,Distributor
344,2026-08-03,C2291,Laptop,Electronics,Northeast,7,54551,381857,Credit Card,Online
345,2026-07-19,C1989,Keyboard,Accessories,North,1,3204,3204,Cash,Distributor
346,2026-08-27,C2432,Headphones,Accessories,South,7,3772,26404,Cash,Store
347,2026-02-13,C2893,Office Chair,Furniture,Central,9,9808,88272,Net Banking,Distributor
348,2026-11-21,C2521,Headphones,Accessories,Northeast,4,3691,14764,UPI,Online
349,2026-08-09,C1119,Monitor,Electronics,South,10,18541,185410,Credit Card,Online
350,2026-07-29,C2274,Mobile,Electronics,West,8,26303,210424,UPI,Store
351,2026-01-13,C2045,Printer,Office,East,7,10857,75999,UPI,Online
352,2026-01-05,C1366,Mouse,Accessories,Central,4,1622,6488,UPI,Store
353,2026-10-19,C2160,Printer,Office,Northeast,1,12840,12840,UPI,Store
354,2026-02-27,C2825,Tablet,Electronics,West,1,30031,30031,UPI,Store
355,2026-02-20,C1268,Monitor,Electronics,North,3,21951,65853,UPI,Store
356,2026-03-23,C1499,Mouse,Accessories,South,6,1401,8406,Cash,Store
357,2026-06-03,C1792,Tablet,Electronics,South,4,28700,114800,Net Banking,Distributor
358,2026-10-14,C1012,Printer,Office,North,3,11069,33207,Net Banking,Online
359,2026-11-03,C1128,Desk,Furniture,East,5,16218,81090,Debit Card,Store
360,2026-08-16,C2792,Office Chair,Furniture,Northeast,5,9432,47160,Debit Card,Online
361,2026-02-20,C1276,Mouse,Accessories,Central,3,1644,4932,Cash,Store
362,2026-12-29,C1814,Printer,Office,Central,5,11482,57410,Debit Card,Store
363,2026-04-29,C1171,Keyboard,Accessories,Northeast,7,3196,22372,Cash,Online
364,2026-10-14,C1549,Mobile,Electronics,West,8,27262,218096,Net Banking,Store
365,2026-01-20,C1853,Laptop,Electronics,North,10,60607,606070,Cash,Store
366,2026-06-05,C1472,Printer,Office,Northeast,9,11415,102735,Credit Card,Distributor
367,2026-05-07,C2727,Monitor,Electronics,Northeast,6,21646,129876,UPI,Store
368,2026-07-23,C1809,Mouse,Accessories,Central,4,1572,6288,Credit Card,Store
369,2026-03-14,C1851,Laptop,Electronics,West,4,57914,231656,Net Banking,Store
370,2026-07-03,C1388,Headphones,Accessories,East,8,3648,29184,UPI,Online
371,2026-12-04,C1003,Tablet,Electronics,North,10,32909,329090,Net Banking,Store
372,2026-02-04,C1866,Headphones,Accessories,South,9,4077,36693,Credit Card,Store
373,2026-05-13,C1838,Monitor,Electronics,Northeast,6,20798,124788,UPI,Distributor
374,2026-02-07,C1670,Keyboard,Accessories,Northeast,8,2884,23072,Credit Card,Online
375,2026-06-13,C1038,Mouse,Accessories,Central,5,1380,6900,Cash,Distributor
376,2026-10-14,C2116,Laptop,Electronics,Central,4,60665,242660,UPI,Store
377,2026-11-29,C1726,Headphones,Accessories,Northeast,2,4216,8432,Debit Card,Online
378,2026-04-02,C1954,Monitor,Electronics,West,9,18052,162468,UPI,Distributor
379,2026-01-06,C2657,Mouse,Accessories,Central,10,1531,15310,Net Banking,Distributor
380,2026-04-02,C2313,Keyboard,Accessories,Northeast,4,3279,13116,Debit Card,Store
381,2026-10-18,C1862,Laptop,Electronics,Northeast,5,62471,312355,Credit Card,Online
382,2026-04-25,C1612,Monitor,Electronics,South,3,20195,60585,Credit Card,Online
383,2026-01-24,C1773,Mouse,Accessories,East,6,1437,8622,Credit Card,Store
384,2026-01-11,C1651,Office Chair,Furniture,Northeast,9,10732,96588,Cash,Online
385,2026-12-31,C2160,Tablet,Electronics,Central,10,28978,289780,Net Banking,Online
386,2026-11-10,C1126,Office Chair,Furniture,East,1,10462,10462,Debit Card,Store
387,2026-09-24,C2551,Keyboard,Accessories,Central,2,2942,5884,Net Banking,Online
388,2026-04-29,C1086,Keyboard,Accessories,West,7,3223,22561,UPI,Online
389,2026-08-07,C2252,Printer,Office,Central,1,11317,11317,Debit Card,Distributor
390,2026-05-20,C2304,Printer,Office,East,10,11822,118220,Credit Card,Store
391,2026-06-19,C1442,Laptop,Electronics,South,5,61456,307280,Net Banking,Store
392,2026-04-18,C1375,Printer,Office,Northeast,5,12564,62820,Net Banking,Distributor
393,2026-04-04,C2442,Mouse,Accessories,West,1,1590,1590,Net Banking,Online
394,2026-06-18,C2237,Tablet,Electronics,Central,5,27649,138245,Credit Card,Store
395,2026-01-20,C1706,Laptop,Electronics,Northeast,4,61903,247612,UPI,Store
396,2026-09-08,C1505,Keyboard,Accessories,South,2,2851,5702,Cash,Distributor
397,2026-02-08,C1979,Laptop,Electronics,East,6,56210,337260,Credit Card,Store
398,2026-11-13,C2329,Office Chair,Furniture,Central,6,10002,60012,Credit Card,Distributor
399,2026-10-15,C1895,Headphones,Accessories,Northeast,7,3949,27643,UPI,Store
400,2026-09-01,C2510,Desk,Furniture,North,10,13638,136380,Cash,Online
401,2026-09-04,C2877,Keyboard,Accessories,East,5,3130,15650,Cash,Online
402,2026-09-19,C1203,Desk,Furniture,Central,9,14949,134541,Debit Card,Store
403,2026-12-02,C1867,Desk,Furniture,East,7,15895,111265,UPI,Online
404,2026-10-26,C1209,Office Chair,Furniture,East,3,10330,30990,Debit Card,Online
405,2026-02-02,C2201,Printer,Office,Northeast,8,11111,88888,Net Banking,Distributor
406,2026-12-30,C2354,Printer,Office,East,1,12995,12995,Credit Card,Online
407,2026-09-29,C1095,Headphones,Accessories,West,5,4329,21645,UPI,Distributor
408,2026-02-16,C1221,Tablet,Electronics,South,3,28646,85938,Debit Card,Online
409,2026-05-15,C1654,Keyboard,Accessories,East,8,2957,23656,Credit Card,Store
410,2026-08-09,C1485,Mobile,Electronics,Northeast,6,26082,156492,UPI,Store
411,2026-12-26,C1304,Mouse,Accessories,Northeast,10,1517,15170,UPI,Distributor
412,2026-11-19,C2686,Monitor,Electronics,East,1,18294,18294,Cash,Store
413,2026-02-23,C1004,Mobile,Electronics,North,7,22514,157598,Cash,Online
414,2026-08-16,C1607,Office Chair,Furniture,West,9,10414,93726,Cash,Online
415,2026-09-19,C1168,Laptop,Electronics,West,2,59035,118070,Credit Card,Online
416,2026-03-19,C1756,Mouse,Accessories,Central,6,1626,9756,UPI,Distributor
417,2026-03-10,C2493,Monitor,Electronics,East,9,20967,188703,Cash,Distributor
418,2026-10-20,C2349,Office Chair,Furniture,West,9,10380,93420,Cash,Store
419,2026-04-01,C1005,Mouse,Accessories,West,10,1533,15330,Debit Card,Online
420,2026-01-11,C1923,Monitor,Electronics,South,4,20517,82068,Cash,Distributor
421,2026-08-02,C2578,Desk,Furniture,East,2,13854,27708,Credit Card,Online
422,2026-05-21,C2961,Keyboard,Accessories,West,5,3062,15310,Net Banking,Distributor
423,2026-08-22,C2785,Tablet,Electronics,South,2,28358,56716,Credit Card,Store
424,2026-04-30,C2270,Office Chair,Furniture,Northeast,9,10078,90702,Debit Card,Online
425,2026-08-03,C2599,Desk,Furniture,East,4,15462,61848,UPI,Store
426,2026-07-04,C1491,Headphones,Accessories,Northeast,5,3728,18640,Debit Card,Distributor
427,2026-05-09,C1618,Office Chair,Furniture,North,1,9596,9596,UPI,Online
428,2026-04-12,C1926,Mouse,Accessories,South,3,1456,4368,Net Banking,Distributor
429,2026-02-24,C2422,Keyboard,Accessories,West,6,2850,17100,Credit Card,Distributor
430,2026-07-29,C2847,Printer,Office,North,4,11187,44748,UPI,Online
431,2026-07-18,C1730,Laptop,Electronics,South,3,62295,186885,Credit Card,Online
432,2026-11-27,C1252,Office Chair,Furniture,Central,9,10578,95202,Net Banking,Distributor
433,2026-05-31,C1024,Laptop,Electronics,West,9,63954,575586,UPI,Distributor
434,2026-02-01,C2262,Tablet,Electronics,North,2,29556,59112,Debit Card,Distributor
435,2026-11-13,C2241,Keyboard,Accessories,West,9,3286,29574,UPI,Online
436,2026-09-01,C2501,Printer,Office,West,7,12465,87255,Net Banking,Store
437,2026-03-21,C1370,Tablet,Electronics,West,2,29678,59356,UPI,Store
438,2026-05-21,C1449,Tablet,Electronics,North,6,32119,192714,Net Banking,Store
439,2026-10-23,C1268,Keyboard,Accessories,East,9,2800,25200,Net Banking,Distributor
440,2026-11-22,C1418,Keyboard,Accessories,Northeast,2,2940,5880,Credit Card,Distributor
441,2026-10-21,C1853,Printer,Office,West,2,12979,25958,Net Banking,Distributor
442,2026-11-11,C1591,Office Chair,Furniture,Northeast,6,10544,63264,Debit Card,Online
443,2026-11-24,C2616,Desk,Furniture,South,8,15658,125264,Credit Card,Distributor
444,2026-12-24,C1128,Office Chair,Furniture,North,6,10041,60246,Net Banking,Distributor
445,2026-02-05,C1880,Headphones,Accessories,North,10,4112,41120,UPI,Store
446,2026-07-19,C2201,Desk,Furniture,South,10,15840,158400,Credit Card,Online
447,2026-11-28,C1190,Monitor,Electronics,Central,3,19336,58008,Net Banking,Online
448,2026-07-05,C1547,Mobile,Electronics,South,2,26337,52674,Debit Card,Distributor
449,2026-01-05,C2846,Printer,Office,West,1,12138,12138,UPI,Distributor
450,2026-07-25,C1977,Office Chair,Furniture,Northeast,6,9683,58098,Debit Card,Store
451,2026-05-24,C2887,Mobile,Electronics,Central,5,23836,119180,Net Banking,Online
452,2026-09-26,C2110,Mobile,Electronics,East,2,24015,48030,Debit Card,Online
453,2026-05-08,C1049,Tablet,Electronics,North,4,28509,114036,Net Banking,Online
454,2026-09-03,C1590,Printer,Office,East,3,11775,35325,Cash,Store
455,2026-01-06,C1780,Mouse,Accessories,West,10,1544,15440,Net Banking,Distributor
456,2026-11-05,C2521,Printer,Office,North,6,12859,77154,Debit Card,Distributor
457,2026-10-31,C2975,Keyboard,Accessories,West,7,3096,21672,Cash,Online
458,2026-09-18,C1269,Tablet,Electronics,Northeast,2,32948,65896,Debit Card,Store
459,2026-03-18,C1939,Headphones,Accessories,South,3,3878,11634,Debit Card,Online
460,2026-06-22,C2109,Tablet,Electronics,West,7,28405,198835,Net Banking,Store
461,2026-11-28,C1948,Office Chair,Furniture,Northeast,8,10482,83856,Cash,Distributor
462,2026-08-11,C2882,Office Chair,Furniture,North,8,10147,81176,Cash,Distributor
463,2026-12-16,C2192,Monitor,Electronics,West,4,21104,84416,Net Banking,Distributor
464,2026-04-27,C1397,Desk,Furniture,South,7,13923,97461,Cash,Online
465,2026-07-11,C2547,Keyboard,Accessories,East,7,2930,20510,Cash,Store
466,2026-07-14,C2232,Mobile,Electronics,Central,4,25272,101088,Credit Card,Online
467,2026-10-15,C1203,Office Chair,Furniture,Northeast,9,10856,97704,Net Banking,Store
468,2026-07-08,C2052,Headphones,Accessories,Central,9,4274,38466,Cash,Online
469,2026-09-16,C2389,Mobile,Electronics,East,4,23597,94388,Cash,Distributor
470,2026-04-04,C2972,Mobile,Electronics,South,6,23032,138192,Debit Card,Distributor
471,2026-08-22,C1339,Office Chair,Furniture,North,7,9899,69293,UPI,Distributor
472,2026-04-02,C1105,Monitor,Electronics,Northeast,5,18357,91785,Cash,Online
473,2026-05-31,C2953,Monitor,Electronics,Northeast,6,18519,111114,Cash,Online
474,2026-12-28,C1042,Monitor,Electronics,Northeast,3,18276,54828,Net Banking,Store
475,2026-06-03,C1614,Tablet,Electronics,Central,9,30176,271584,UPI,Distributor
476,2026-09-10,C1650,Laptop,Electronics,West,2,62025,124050,Debit Card,Online
477,2026-08-30,C2825,Desk,Furniture,East,5,14573,72865,UPI,Online
478,2026-07-24,C2759,Mobile,Electronics,West,6,26981,161886,Net Banking,Distributor
479,2026-05-27,C2553,Desk,Furniture,North,9,15695,141255,Credit Card,Distributor
480,2026-09-20,C2022,Monitor,Electronics,North,9,20265,182385,UPI,Store
481,2026-08-04,C1937,Headphones,Accessories,South,8,3978,31824,Credit Card,Online
482,2026-05-30,C1660,Laptop,Electronics,North,3,60008,180024,Net Banking,Store
483,2026-01-03,C1373,Office Chair,Furniture,West,2,9165,18330,Debit Card,Distributor
484,2026-06-04,C2597,Tablet,Electronics,East,1,28864,28864,Credit Card,Online
485,2026-07-23,C2971,Mouse,Accessories,Central,7,1477,10339,Credit Card,Store
486,2026-03-20,C1964,Mouse,Accessories,North,4,1535,6140,Cash,Distributor
487,2026-09-15,C2402,Monitor,Electronics,Central,10,20709,207090,Debit Card,Online
488,2026-06-11,C2153,Desk,Furniture,West,1,13984,13984,Debit Card,Distributor
489,2026-12-09,C1849,Printer,Office,West,9,11337,102033,Net Banking,Online
490,2026-07-24,C1461,Desk,Furniture,East,2,16294,32588,UPI,Store
491,2026-05-12,C2658,Office Chair,Furniture,South,4,9101,36404,Credit Card,Online
492,2026-01-01,C2175,Keyboard,Accessories,West,1,3164,3164,UPI,Store
493,2026-06-20,C2045,Printer,Office,South,2,11504,23008,UPI,Distributor
494,2026-04-04,C1760,Tablet,Electronics,South,2,27606,55212,UPI,Distributor
495,2026-04-27,C1563,Mouse,Accessories,Northeast,2,1551,3102,Cash,Distributor
496,2026-07-29,C2993,Monitor,Electronics,East,4,21260,85040,Credit Card,Store
497,2026-06-03,C2163,Office Chair,Furniture,North,2,10664,21328,Net Banking,Online
498,2026-01-15,C1469,Monitor,Electronics,Northeast,1,19606,19606,UPI,Store
499,2026-06-21,C1364,Tablet,Electronics,North,1,31565,31565,Net Banking,Online
500,2026-07-10,C2993,Office Chair,Furniture,North,8,10653,85224,Credit Card,Online
501,2026-09-22,C2787,Printer,Office,East,1,11882,11882,Credit Card,Distributor
502,2026-11-03,C1739,Printer,Office,South,1,11831,11831,Debit Card,Store
503,2026-12-16,C2029,Office Chair,Furniture,Northeast,2,10269,20538,Debit Card,Distributor
504,2026-12-23,C1102,Mouse,Accessories,South,8,1636,13088,Net Banking,Distributor
505,2026-08-31,C2096,Printer,Office,Northeast,2,11303,22606,Credit Card,Online
506,2026-01-23,C1216,Tablet,Electronics,Northeast,6,32532,195192,Cash,Store
507,2026-09-08,C2842,Printer,Office,Northeast,3,10948,32844,Cash,Online
508,2026-11-01,C1032,Mobile,Electronics,East,9,23363,210267,Debit Card,Distributor
509,2026-04-08,C1016,Keyboard,Accessories,Central,4,2968,11872,Credit Card,Distributor
510,2026-09-03,C1728,Tablet,Electronics,Northeast,1,29623,29623,Cash,Store
511,2026-05-25,C2439,Headphones,Accessories,Northeast,8,3789,30312,Cash,Store
512,2026-01-02,C1727,Printer,Office,South,8,11958,95664,Debit Card,Distributor
513,2026-06-05,C1497,Headphones,Accessories,West,10,3746,37460,Credit Card,Distributor
514,2026-09-06,C1049,Tablet,Electronics,East,5,28033,140165,Debit Card,Distributor
515,2026-10-12,C2859,Laptop,Electronics,West,9,64692,582228,Debit Card,Store
516,2026-12-10,C1122,Office Chair,Furniture,North,1,10752,10752,Credit Card,Store
517,2026-07-02,C1646,Keyboard,Accessories,East,7,2774,19418,Debit Card,Distributor
518,2026-05-30,C2489,Mobile,Electronics,South,5,26505,132525,UPI,Distributor
519,2026-05-02,C2941,Desk,Furniture,West,5,14840,74200,Debit Card,Online
520,2026-10-12,C2791,Headphones,Accessories,South,3,4308,12924,Credit Card,Online
521,2026-12-17,C1788,Printer,Office,North,1,11049,11049,Cash,Store
522,2026-08-23,C2176,Desk,Furniture,Northeast,2,14695,29390,UPI,Distributor
523,2026-11-23,C1497,Monitor,Electronics,Central,3,18038,54114,Cash,Online
524,2026-08-22,C1292,Mouse,Accessories,Northeast,5,1403,7015,Net Banking,Distributor
525,2026-12-20,C1778,Office Chair,Furniture,West,1,10996,10996,UPI,Distributor
526,2026-06-05,C2871,Office Chair,Furniture,North,2,10933,21866,Debit Card,Store
527,2026-08-31,C2165,Headphones,Accessories,Northeast,1,3848,3848,UPI,Store
528,2026-10-18,C1403,Keyboard,Accessories,South,3,3078,9234,Net Banking,Store
529,2026-07-30,C2524,Tablet,Electronics,West,2,31083,62166,Net Banking,Store
530,2026-06-21,C1607,Headphones,Accessories,North,6,3737,22422,Credit Card,Distributor
531,2026-11-17,C1452,Printer,Office,Northeast,9,12536,112824,Debit Card,Store
532,2026-03-25,C2648,Mouse,Accessories,Northeast,2,1563,3126,Cash,Online
533,2026-01-11,C1676,Desk,Furniture,East,10,14530,145300,Debit Card,Distributor
534,2026-01-13,C2761,Headphones,Accessories,West,5,4047,20235,Cash,Distributor
535,2026-07-21,C2560,Mobile,Electronics,Northeast,8,25218,201744,Cash,Distributor
536,2026-04-26,C2684,Printer,Office,South,2,12991,25982,UPI,Distributor
537,2026-08-13,C1742,Headphones,Accessories,Northeast,9,4271,38439,UPI,Store
538,2026-01-02,C2738,Monitor,Electronics,West,10,21202,212020,Net Banking,Store
539,2026-05-12,C1942,Mobile,Electronics,East,9,26847,241623,UPI,Online
540,2026-02-24,C2227,Laptop,Electronics,East,4,55319,221276,Debit Card,Distributor
541,2026-08-15,C2392,Mouse,Accessories,East,9,1445,13005,Credit Card,Online
542,2026-05-16,C1448,Monitor,Electronics,West,1,19602,19602,Credit Card,Online
543,2026-02-27,C2991,Tablet,Electronics,South,4,32053,128212,Net Banking,Store
544,2026-07-07,C1765,Laptop,Electronics,South,7,61864,433048,Cash,Store
545,2026-06-28,C2181,Printer,Office,West,8,11876,95008,Cash,Online
546,2026-09-23,C2745,Mobile,Electronics,Northeast,9,26704,240336,Net Banking,Distributor
547,2026-01-07,C2973,Tablet,Electronics,North,7,27080,189560,Debit Card,Store
548,2026-04-25,C1026,Mobile,Electronics,East,1,23705,23705,Credit Card,Online
549,2026-06-24,C2651,Office Chair,Furniture,Central,4,10714,42856,Debit Card,Store
550,2026-08-28,C2273,Desk,Furniture,West,7,14493,101451,Net Banking,Distributor
551,2026-12-02,C1713,Monitor,Electronics,Central,4,18862,75448,Cash,Online
552,2026-12-21,C1183,Office Chair,Furniture,Northeast,1,10807,10807,Cash,Online
553,2026-06-06,C2606,Headphones,Accessories,North,2,3853,7706,Cash,Store
554,2026-04-25,C1938,Desk,Furniture,Central,9,16124,145116,Cash,Store
555,2026-05-16,C2455,Laptop,Electronics,North,9,63228,569052,Credit Card,Store
556,2026-06-02,C1684,Mobile,Electronics,West,7,27232,190624,UPI,Online
557,2026-08-03,C1363,Tablet,Electronics,Northeast,10,31283,312830,Debit Card,Store
558,2026-12-19,C1630,Headphones,Accessories,Northeast,5,4193,20965,Net Banking,Store
559,2026-10-24,C1685,Mobile,Electronics,South,9,26041,234369,Cash,Distributor
560,2026-03-29,C1749,Printer,Office,South,7,10919,76433,Cash,Online
561,2026-02-22,C1451,Desk,Furniture,Central,3,13989,41967,UPI,Online
562,2026-02-24,C2041,Laptop,Electronics,East,5,56925,284625,Net Banking,Online
563,2026-05-20,C2184,Mouse,Accessories,South,2,1602,3204,Cash,Distributor
564,2026-06-15,C2455,Laptop,Electronics,Central,1,54065,54065,Credit Card,Online
565,2026-01-01,C1541,Keyboard,Accessories,West,4,3204,12816,Debit Card,Store
566,2026-10-24,C1722,Printer,Office,South,9,10809,97281,Net Banking,Store
567,2026-12-16,C2133,Mobile,Electronics,North,10,26148,261480,UPI,Distributor
568,2026-07-20,C1246,Mobile,Electronics,Central,4,24113,96452,Debit Card,Distributor
569,2026-04-15,C2961,Mobile,Electronics,Northeast,3,24846,74538,UPI,Store
570,2026-04-07,C2650,Desk,Furniture,North,3,14843,44529,Debit Card,Store
571,2026-05-26,C1971,Monitor,Electronics,South,6,20398,122388,Net Banking,Store
572,2026-05-21,C1671,Headphones,Accessories,East,9,3743,33687,Credit Card,Online
573,2026-08-14,C1338,Desk,Furniture,Northeast,4,16210,64840,Debit Card,Online
574,2026-09-20,C1690,Printer,Office,West,10,11546,115460,Cash,Online
575,2026-10-16,C1068,Keyboard,Accessories,East,7,3204,22428,UPI,Store
576,2026-12-04,C2573,Keyboard,Accessories,North,10,2796,27960,Net Banking,Online
577,2026-08-03,C2332,Office Chair,Furniture,Central,3,9350,28050,Debit Card,Online
578,2026-05-09,C1351,Desk,Furniture,Northeast,9,16155,145395,Cash,Distributor
579,2026-04-24,C1671,Keyboard,Accessories,Central,1,3094,3094,Net Banking,Store
580,2026-05-30,C2193,Mouse,Accessories,West,1,1447,1447,UPI,Online
581,2026-11-08,C1264,Printer,Office,West,9,12481,112329,UPI,Distributor
582,2026-03-17,C2095,Desk,Furniture,North,3,14241,42723,Credit Card,Store
583,2026-08-29,C2896,Headphones,Accessories,Northeast,6,3962,23772,Debit Card,Online
584,2026-07-01,C1164,Laptop,Electronics,Northeast,7,55429,388003,Net Banking,Store
585,2026-12-01,C2316,Mobile,Electronics,Central,2,25406,50812,Cash,Online
586,2026-10-19,C1166,Headphones,Accessories,West,3,3957,11871,UPI,Distributor
587,2026-07-13,C1837,Tablet,Electronics,West,2,29013,58026,Net Banking,Online
588,2026-12-06,C2356,Laptop,Electronics,West,2,64934,129868,Net Banking,Store
589,2026-06-29,C1423,Desk,Furniture,West,9,15674,141066,Credit Card,Online
590,2026-04-16,C2878,Tablet,Electronics,South,4,30403,121612,Net Banking,Online
591,2026-11-14,C2580,Keyboard,Accessories,South,5,3024,15120,Debit Card,Distributor
592,2026-05-23,C2514,Keyboard,Accessories,West,1,3099,3099,Debit Card,Store
593,2026-06-15,C2272,Desk,Furniture,South,1,16005,16005,UPI,Distributor
594,2026-12-02,C1282,Mobile,Electronics,North,1,22867,22867,Cash,Store
595,2026-04-25,C1027,Laptop,Electronics,West,10,59340,593400,Credit Card,Online
596,2026-06-28,C1546,Desk,Furniture,East,2,13996,27992,Debit Card,Distributor
597,2026-10-29,C2612,Mobile,Electronics,East,8,24600,196800,Credit Card,Distributor
598,2026-12-21,C1432,Desk,Furniture,South,5,15194,75970,UPI,Online
599,2026-11-20,C1830,Printer,Office,Central,2,12217,24434,Debit Card,Store
600,2026-08-16,C1840,Desk,Furniture,Northeast,4,16176,64704,Debit Card,Online
601,2026-12-26,C1292,Tablet,Electronics,West,4,28033,112132,Net Banking,Distributor
602,2026-10-11,C2865,Mobile,Electronics,West,5,22971,114855,Credit Card,Online
603,2026-12-12,C2054,Mobile,Electronics,North,9,22584,203256,Debit Card,Distributor
604,2026-11-21,C2606,Mobile,Electronics,North,7,26927,188489,Debit Card,Online
605,2026-10-13,C2070,Tablet,Electronics,South,2,31401,62802,Credit Card,Distributor
606,2026-05-09,C2676,Mouse,Accessories,East,3,1459,4377,Cash,Store
607,2026-06-27,C1268,Monitor,Electronics,Northeast,3,18639,55917,Cash,Online
608,2026-07-03,C2034,Laptop,Electronics,East,8,61328,490624,Credit Card,Online
609,2026-07-24,C1537,Printer,Office,South,9,12839,115551,Credit Card,Store
610,2026-08-27,C2509,Printer,Office,West,1,12220,12220,Net Banking,Store
611,2026-05-18,C1941,Printer,Office,Central,10,11331,113310,Net Banking,Distributor
612,2026-05-30,C1322,Tablet,Electronics,East,8,29083,232664,Net Banking,Distributor
613,2026-12-14,C2753,Printer,Office,Central,10,11734,117340,Debit Card,Store
614,2026-03-28,C2885,Tablet,Electronics,West,7,30879,216153,Debit Card,Online
615,2026-08-20,C1067,Office Chair,Furniture,North,5,10736,53680,Cash,Store
616,2026-03-08,C2868,Desk,Furniture,Northeast,1,14328,14328,Cash,Store
617,2026-12-14,C2359,Mobile,Electronics,Central,2,25775,51550,Net Banking,Distributor
618,2026-12-06,C1769,Headphones,Accessories,West,7,3714,25998,Net Banking,Store
619,2026-12-01,C1427,Headphones,Accessories,North,4,3606,14424,Net Banking,Store
620,2026-06-13,C2610,Headphones,Accessories,Northeast,9,3958,35622,Debit Card,Online
621,2026-12-17,C2310,Headphones,Accessories,East,7,4086,28602,UPI,Distributor
622,2026-07-14,C1136,Laptop,Electronics,East,7,55465,388255,Net Banking,Store
623,2026-09-07,C1805,Office Chair,Furniture,East,10,10494,104940,UPI,Online
624,2026-10-23,C1514,Mouse,Accessories,East,3,1542,4626,Net Banking,Distributor
625,2026-05-15,C1199,Laptop,Electronics,Northeast,8,64172,513376,Credit Card,Online
626,2026-06-25,C1012,Mobile,Electronics,East,7,26535,185745,Debit Card,Online
627,2026-03-14,C2163,Keyboard,Accessories,Central,7,3263,22841,Cash,Distributor
628,2026-01-22,C2639,Laptop,Electronics,South,3,54276,162828,Cash,Distributor
629,2026-04-07,C2741,Laptop,Electronics,Northeast,6,55392,332352,Cash,Distributor
630,2026-11-23,C2396,Keyboard,Accessories,West,6,3127,18762,UPI,Distributor
631,2026-08-31,C2462,Mouse,Accessories,West,3,1586,4758,Debit Card,Distributor
632,2026-02-15,C2552,Mobile,Electronics,West,4,22552,90208,Debit Card,Online
633,2026-10-09,C1129,Tablet,Electronics,East,3,27344,82032,UPI,Store
634,2026-07-23,C1179,Headphones,Accessories,North,6,4161,24966,Debit Card,Online
635,2026-03-04,C2152,Office Chair,Furniture,North,4,9180,36720,Cash,Online
636,2026-12-27,C1128,Desk,Furniture,East,1,14355,14355,Credit Card,Store
637,2026-05-24,C2435,Office Chair,Furniture,West,1,10911,10911,UPI,Store
638,2026-02-11,C1196,Tablet,Electronics,Central,1,27037,27037,Credit Card,Distributor
639,2026-12-06,C2269,Printer,Office,East,1,12859,12859,Debit Card,Online
640,2026-02-13,C2128,Monitor,Electronics,North,9,21750,195750,Cash,Online
641,2026-07-28,C2542,Monitor,Electronics,East,8,18968,151744,UPI,Store
642,2026-01-24,C2890,Mouse,Accessories,Central,5,1412,7060,Net Banking,Online
643,2026-05-07,C1567,Office Chair,Furniture,Northeast,8,10245,81960,UPI,Store
644,2026-08-27,C2217,Desk,Furniture,Central,7,15953,111671,Net Banking,Store
645,2026-08-24,C1977,Mobile,Electronics,Northeast,3,23304,69912,UPI,Store
646,2026-08-04,C2808,Tablet,Electronics,South,10,30831,308310,Debit Card,Store
647,2026-11-24,C2513,Keyboard,Accessories,South,9,2880,25920,UPI,Online
648,2026-11-20,C1244,Office Chair,Furniture,Northeast,2,10140,20280,Debit Card,Online
649,2026-02-10,C1743,Monitor,Electronics,East,8,21444,171552,Cash,Store
650,2026-02-13,C1287,Headphones,Accessories,Central,6,4400,26400,Net Banking,Store
651,2026-11-28,C2863,Headphones,Accessories,Northeast,5,4260,21300,Cash,Store
652,2026-11-30,C1907,Mobile,Electronics,South,5,27301,136505,Net Banking,Distributor
653,2026-08-23,C2524,Tablet,Electronics,Northeast,4,30502,122008,Credit Card,Store
654,2026-08-03,C1225,Keyboard,Accessories,Central,8,3276,26208,Debit Card,Store
655,2026-05-27,C2156,Laptop,Electronics,North,7,60243,421701,Cash,Online
656,2026-12-20,C2362,Office Chair,Furniture,Central,9,9388,84492,Cash,Store
657,2026-05-13,C1423,Headphones,Accessories,North,9,4067,36603,Credit Card,Store
658,2026-01-31,C1546,Laptop,Electronics,Central,1,63348,63348,Debit Card,Store
659,2026-10-08,C1168,Mouse,Accessories,South,3,1380,4140,UPI,Distributor
660,2026-06-08,C2666,Headphones,Accessories,Central,1,3637,3637,Credit Card,Store
661,2026-11-07,C1358,Monitor,Electronics,North,3,20079,60237,UPI,Distributor
662,2026-11-21,C2390,Printer,Office,Central,3,12640,37920,Credit Card,Online
663,2026-06-16,C1402,Desk,Furniture,West,1,14288,14288,Debit Card,Online
664,2026-11-01,C1775,Laptop,Electronics,North,10,57205,572050,Debit Card,Distributor
665,2026-03-01,C2684,Mobile,Electronics,Central,5,24721,123605,Cash,Online
666,2026-04-02,C1040,Tablet,Electronics,West,5,31365,156825,Cash,Distributor
667,2026-05-09,C2252,Mouse,Accessories,East,7,1443,10101,Net Banking,Store
668,2026-11-09,C2730,Keyboard,Accessories,West,7,3095,21665,Cash,Online
669,2026-07-03,C1205,Keyboard,Accessories,Northeast,9,3235,29115,Debit Card,Distributor
670,2026-04-07,C2665,Desk,Furniture,Northeast,8,15774,126192,UPI,Distributor
671,2026-12-28,C2278,Laptop,Electronics,South,8,57257,458056,UPI,Store
672,2026-12-02,C1509,Tablet,Electronics,North,9,32235,290115,Debit Card,Online
673,2026-01-16,C1677,Desk,Furniture,Northeast,5,13762,68810,UPI,Distributor
674,2026-11-03,C1046,Keyboard,Accessories,North,10,3151,31510,Credit Card,Store
675,2026-07-30,C2373,Office Chair,Furniture,East,7,10185,71295,Cash,Distributor
676,2026-02-24,C1077,Headphones,Accessories,North,5,3912,19560,Debit Card,Store
677,2026-12-16,C1027,Mobile,Electronics,North,6,22900,137400,Debit Card,Store
678,2026-12-14,C2487,Printer,Office,Northeast,1,10978,10978,Net Banking,Online
679,2026-11-28,C1390,Keyboard,Accessories,South,3,3135,9405,Debit Card,Online
680,2026-09-09,C1383,Mobile,Electronics,South,10,22831,228310,Credit Card,Online
681,2026-03-21,C2776,Mouse,Accessories,East,7,1585,11095,Net Banking,Distributor
682,2026-01-10,C1521,Mouse,Accessories,West,7,1375,9625,Cash,Online
683,2026-04-11,C1602,Headphones,Accessories,North,8,4137,33096,Net Banking,Store
684,2026-10-09,C2289,Mobile,Electronics,East,7,23663,165641,UPI,Distributor
685,2026-11-14,C1928,Mobile,Electronics,North,9,22743,204687,Cash,Store
686,2026-11-07,C2577,Desk,Furniture,Central,2,14899,29798,Net Banking,Store
687,2026-03-23,C1032,Headphones,Accessories,North,1,3780,3780,Debit Card,Store
688,2026-12-21,C2165,Laptop,Electronics,North,4,63115,252460,Cash,Store
689,2026-12-07,C1627,Mobile,Electronics,North,8,27249,217992,Cash,Store
690,2026-05-26,C1672,Mobile,Electronics,North,4,25665,102660,Net Banking,Online
691,2026-12-24,C2728,Desk,Furniture,South,4,16334,65336,UPI,Distributor
692,2026-08-25,C1403,Monitor,Electronics,Northeast,4,19691,78764,Debit Card,Online
693,2026-01-17,C1961,Desk,Furniture,East,1,14081,14081,Cash,Distributor
694,2026-01-29,C1419,Mouse,Accessories,Central,10,1555,15550,UPI,Distributor
695,2026-10-11,C2458,Headphones,Accessories,North,4,3944,15776,Credit Card,Distributor
696,2026-05-05,C2928,Mobile,Electronics,South,2,23017,46034,Debit Card,Distributor
697,2026-04-08,C1825,Laptop,Electronics,North,1,56434,56434,Credit Card,Online
698,2026-02-11,C2905,Laptop,Electronics,Central,10,62315,623150,Cash,Distributor
699,2026-08-26,C1333,Headphones,Accessories,North,5,3989,19945,Debit Card,Online
700,2026-09-10,C1183,Printer,Office,East,9,12572,113148,Debit Card,Online
701,2026-01-08,C2051,Printer,Office,North,2,12121,24242,Debit Card,Store
702,2026-06-11,C1811,Office Chair,Furniture,West,3,10412,31236,UPI,Store
703,2026-09-05,C1336,Laptop,Electronics,East,2,61128,122256,Credit Card,Store
704,2026-09-23,C2896,Monitor,Electronics,South,7,19462,136234,Debit Card,Distributor
705,2026-09-13,C1332,Keyboard,Accessories,Northeast,5,3239,16195,Credit Card,Online
706,2026-11-08,C2687,Keyboard,Accessories,Central,4,3136,12544,Debit Card,Online
707,2026-11-20,C1141,Tablet,Electronics,Central,10,28557,285570,Cash,Online
708,2026-06-21,C2996,Laptop,Electronics,South,10,59082,590820,Debit Card,Online
709,2026-10-16,C1401,Mouse,Accessories,Northeast,2,1629,3258,Credit Card,Distributor
710,2026-07-09,C2017,Desk,Furniture,West,4,13788,55152,Credit Card,Store
711,2026-11-16,C1754,Office Chair,Furniture,South,4,10285,41140,Debit Card,Distributor
712,2026-08-12,C1890,Monitor,Electronics,South,6,18497,110982,Net Banking,Store
713,2026-04-25,C2274,Keyboard,Accessories,West,8,3280,26240,Debit Card,Distributor
714,2026-11-05,C2642,Monitor,Electronics,East,9,20354,183186,Credit Card,Store
715,2026-11-29,C2887,Mouse,Accessories,Northeast,1,1637,1637,Credit Card,Store
716,2026-05-09,C2112,Laptop,Electronics,North,1,65682,65682,Debit Card,Online
717,2026-06-12,C2123,Tablet,Electronics,Northeast,7,32015,224105,Cash,Store
718,2026-06-16,C1758,Monitor,Electronics,East,8,18555,148440,Credit Card,Store
719,2026-07-04,C1905,Desk,Furniture,South,1,16483,16483,Debit Card,Online
720,2026-02-23,C1126,Tablet,Electronics,Central,5,32228,161140,Net Banking,Distributor
721,2026-03-22,C1842,Keyboard,Accessories,South,1,3041,3041,Net Banking,Distributor
722,2026-01-25,C2886,Mobile,Electronics,West,5,26974,134870,Debit Card,Online
723,2026-03-01,C2101,Laptop,Electronics,Central,9,57655,518895,Net Banking,Distributor
724,2026-02-16,C1132,Printer,Office,East,5,12121,60605,UPI,Store
725,2026-10-02,C1985,Monitor,Electronics,West,1,19117,19117,Credit Card,Distributor
726,2026-08-26,C2902,Printer,Office,Central,5,12498,62490,UPI,Distributor
727,2026-08-17,C1763,Printer,Office,Northeast,4,12433,49732,Net Banking,Distributor
728,2026-03-12,C2531,Monitor,Electronics,North,1,19837,19837,Credit Card,Distributor
729,2026-09-03,C2436,Headphones,Accessories,West,2,4363,8726,Credit Card,Store
730,2026-11-14,C2017,Mobile,Electronics,Northeast,4,25954,103816,Net Banking,Online
731,2026-08-27,C2307,Monitor,Electronics,North,6,18671,112026,UPI,Online
732,2026-03-12,C1613,Monitor,Electronics,East,2,21904,43808,Cash,Store
733,2026-09-15,C2212,Desk,Furniture,Northeast,2,15779,31558,Credit Card,Online
734,2026-11-07,C2253,Mobile,Electronics,East,3,23828,71484,UPI,Online
735,2026-09-10,C2076,Tablet,Electronics,West,3,27627,82881,UPI,Store
736,2026-07-24,C1401,Mouse,Accessories,North,1,1507,1507,Credit Card,Online
737,2026-01-06,C2732,Laptop,Electronics,Northeast,8,63462,507696,Cash,Online
738,2026-10-01,C1837,Desk,Furniture,Central,8,15744,125952,Cash,Online
739,2026-12-19,C2674,Laptop,Electronics,East,2,56890,113780,UPI,Online
740,2026-09-30,C1292,Headphones,Accessories,South,1,3742,3742,Credit Card,Store
741,2026-09-16,C1550,Printer,Office,West,6,11495,68970,Net Banking,Distributor
742,2026-08-27,C1683,Laptop,Electronics,South,9,58899,530091,Net Banking,Online
743,2026-07-07,C2308,Office Chair,Furniture,East,10,10504,105040,UPI,Online
744,2026-07-12,C1450,Office Chair,Furniture,Central,10,10646,106460,Debit Card,Distributor
745,2026-09-06,C1853,Keyboard,Accessories,West,3,2992,8976,UPI,Store
746,2026-05-31,C1791,Desk,Furniture,West,7,14106,98742,Cash,Store
747,2026-08-25,C1673,Desk,Furniture,Northeast,3,16112,48336,Debit Card,Distributor
748,2026-03-18,C2841,Mouse,Accessories,North,9,1637,14733,Debit Card,Distributor
749,2026-10-17,C1677,Headphones,Accessories,West,5,4002,20010,UPI,Online
750,2026-04-20,C2315,Printer,Office,North,4,10997,43988,Debit Card,Distributor
751,2026-07-18,C2494,Mobile,Electronics,Central,7,26356,184492,UPI,Store
752,2026-11-08,C2810,Office Chair,Furniture,South,9,10572,95148,Debit Card,Distributor
753,2026-12-18,C2642,Tablet,Electronics,Central,9,28653,257877,Credit Card,Distributor
754,2026-10-02,C2929,Mobile,Electronics,Northeast,9,26196,235764,Debit Card,Online
755,2026-12-08,C2059,Tablet,Electronics,Northeast,5,32040,160200,UPI,Store
756,2026-07-05,C1511,Laptop,Electronics,Northeast,8,62414,499312,Credit Card,Store
757,2026-02-09,C2052,Printer,Office,South,10,10835,108350,Cash,Online
758,2026-07-05,C1215,Desk,Furniture,Central,3,14397,43191,Debit Card,Store
759,2026-10-01,C1311,Office Chair,Furniture,Northeast,2,10899,21798,Cash,Online
760,2026-10-20,C1611,Headphones,Accessories,Northeast,7,4178,29246,UPI,Distributor
761,2026-06-04,C1307,Monitor,Electronics,North,2,21803,43606,UPI,Online
762,2026-05-10,C1701,Keyboard,Accessories,South,3,3197,9591,Debit Card,Store
763,2026-04-13,C1338,Printer,Office,East,4,12893,51572,Credit Card,Online
764,2026-04-09,C1512,Printer,Office,West,5,10982,54910,UPI,Distributor
765,2026-12-01,C1781,Printer,Office,West,10,12881,128810,UPI,Store
766,2026-12-29,C2792,Desk,Furniture,North,5,15891,79455,Cash,Online
767,2026-12-17,C2790,Printer,Office,East,9,11349,102141,Credit Card,Store
768,2026-03-28,C1617,Office Chair,Furniture,South,9,10582,95238,Cash,Online
769,2026-01-29,C2848,Headphones,Accessories,Northeast,9,4040,36360,Debit Card,Distributor
770,2026-05-09,C1935,Desk,Furniture,North,5,13793,68965,Net Banking,Store
771,2026-07-23,C1798,Headphones,Accessories,East,9,3703,33327,UPI,Store
772,2026-07-18,C2754,Mobile,Electronics,East,10,23743,237430,UPI,Online
773,2026-06-02,C2668,Tablet,Electronics,North,3,28882,86646,Net Banking,Distributor
774,2026-07-23,C1994,Mouse,Accessories,Central,10,1627,16270,Net Banking,Distributor
775,2026-09-16,C2594,Office Chair,Furniture,Central,8,9108,72864,Debit Card,Store
776,2026-04-30,C2754,Office Chair,Furniture,West,8,9013,72104,Cash,Online
777,2026-03-14,C2584,Keyboard,Accessories,South,9,2820,25380,UPI,Online
778,2026-09-06,C1658,Headphones,Accessories,North,1,3815,3815,Debit Card,Online
779,2026-10-19,C1087,Office Chair,Furniture,East,10,9054,90540,Net Banking,Distributor
780,2026-04-25,C2223,Headphones,Accessories,North,6,4295,25770,Net Banking,Online
781,2026-02-27,C1643,Mobile,Electronics,Central,10,23954,239540,Net Banking,Store
782,2026-05-17,C2134,Office Chair,Furniture,North,3,9385,28155,Net Banking,Distributor
783,2026-02-07,C2067,Monitor,Electronics,East,9,20220,181980,Cash,Store
784,2026-05-18,C2227,Tablet,Electronics,Northeast,5,31489,157445,Cash,Distributor
785,2026-11-03,C2606,Keyboard,Accessories,West,5,2917,14585,Credit Card,Store
786,2026-04-25,C2630,Keyboard,Accessories,Central,1,2864,2864,Cash,Distributor
787,2026-06-15,C2039,Office Chair,Furniture,West,8,9370,74960,Debit Card,Online
788,2026-06-01,C1742,Desk,Furniture,North,5,14871,74355,Cash,Distributor
789,2026-01-09,C2735,Printer,Office,Northeast,6,13077,78462,Cash,Store
790,2026-10-19,C2927,Mouse,Accessories,North,9,1358,12222,UPI,Store
791,2026-09-30,C1487,Mouse,Accessories,South,6,1535,9210,Net Banking,Online
792,2026-04-02,C2440,Desk,Furniture,West,6,15147,90882,UPI,Online
793,2026-06-20,C1792,Laptop,Electronics,North,6,59215,355290,Net Banking,Store
794,2026-07-06,C2376,Headphones,Accessories,South,8,3610,28880,Debit Card,Distributor
795,2026-04-09,C1495,Desk,Furniture,East,6,15051,90306,Debit Card,Distributor
796,2026-05-27,C1391,Printer,Office,Northeast,1,11122,11122,UPI,Store
797,2026-07-15,C1975,Monitor,Electronics,West,10,19475,194750,Net Banking,Store
798,2026-03-19,C1081,Mobile,Electronics,East,6,22845,137070,UPI,Store
799,2026-11-26,C1840,Laptop,Electronics,South,7,65915,461405,Debit Card,Distributor
800,2026-06-27,C2714,Office Chair,Furniture,East,1,10546,10546,Credit Card,Store
801,2026-01-21,C1570,Monitor,Electronics,Central,3,20218,60654,Cash,Store
802,2026-03-06,C1413,Desk,Furniture,South,10,14829,148290,Credit Card,Distributor
803,2026-07-17,C2686,Desk,Furniture,East,2,15292,30584,Credit Card,Online
804,2026-12-20,C1214,Printer,Office,Central,7,12780,89460,Net Banking,Distributor
805,2026-03-30,C1909,Keyboard,Accessories,East,6,2743,16458,Cash,Online
806,2026-09-30,C1490,Office Chair,Furniture,Central,6,10138,60828,Cash,Distributor
807,2026-11-07,C2167,Headphones,Accessories,Central,1,3879,3879,Credit Card,Store
808,2026-05-27,C1851,Printer,Office,Northeast,10,12211,122110,Debit Card,Store
809,2026-01-22,C2112,Office Chair,Furniture,West,9,9048,81432,Credit Card,Distributor
810,2026-10-30,C2952,Laptop,Electronics,North,7,65255,456785,Debit Card,Store
811,2026-01-24,C1958,Office Chair,Furniture,Central,1,9104,9104,UPI,Store
812,2026-05-10,C1630,Monitor,Electronics,West,7,18985,132895,UPI,Distributor
813,2026-04-22,C2226,Printer,Office,North,6,12331,73986,Cash,Distributor
814,2026-01-15,C1081,Desk,Furniture,Northeast,4,14341,57364,Credit Card,Store
815,2026-09-22,C2864,Headphones,Accessories,Northeast,3,4046,12138,Debit Card,Online
816,2026-04-26,C2953,Monitor,Electronics,West,4,18986,75944,Debit Card,Store
817,2026-03-29,C2001,Monitor,Electronics,West,7,20560,143920,Cash,Online
818,2026-02-07,C1712,Laptop,Electronics,West,1,58728,58728,Net Banking,Store
819,2026-10-05,C1236,Tablet,Electronics,East,3,30832,92496,Debit Card,Online
820,2026-12-06,C1853,Desk,Furniture,South,2,14805,29610,Net Banking,Distributor
821,2026-01-16,C2977,Headphones,Accessories,Northeast,10,4001,40010,Cash,Store
822,2026-04-20,C2233,Laptop,Electronics,South,9,56789,511101,UPI,Store
823,2026-06-28,C2776,Printer,Office,East,10,11080,110800,UPI,Online
824,2026-02-13,C2125,Keyboard,Accessories,South,8,3022,24176,Debit Card,Distributor
825,2026-04-26,C2696,Printer,Office,Central,4,13141,52564,Debit Card,Online
826,2026-01-09,C2002,Office Chair,Furniture,Central,4,10723,42892,Credit Card,Store
827,2026-01-26,C2687,Keyboard,Accessories,East,4,3284,13136,Cash,Store
828,2026-09-15,C2319,Headphones,Accessories,South,6,3898,23388,Credit Card,Distributor
829,2026-04-02,C2785,Keyboard,Accessories,West,6,2791,16746,Debit Card,Online
830,2026-10-18,C1875,Keyboard,Accessories,South,2,3152,6304,Debit Card,Online
831,2026-09-05,C1590,Tablet,Electronics,South,3,31218,93654,Net Banking,Distributor
832,2026-04-28,C2365,Office Chair,Furniture,South,7,10903,76321,UPI,Distributor
833,2026-09-13,C2853,Monitor,Electronics,West,5,18693,93465,Cash,Store
834,2026-07-08,C1011,Mobile,Electronics,Central,2,25858,51716,Credit Card,Online
835,2026-01-06,C2666,Printer,Office,West,3,11183,33549,Net Banking,Distributor
836,2026-10-29,C2554,Laptop,Electronics,North,6,61648,369888,Credit Card,Store
837,2026-05-24,C1932,Monitor,Electronics,West,1,21281,21281,Net Banking,Distributor
838,2026-10-23,C2288,Office Chair,Furniture,East,9,10354,93186,UPI,Distributor
839,2026-11-15,C1480,Tablet,Electronics,South,8,29494,235952,Net Banking,Store
840,2026-05-28,C2709,Monitor,Electronics,East,4,21649,86596,Credit Card,Distributor
841,2026-08-12,C2754,Desk,Furniture,East,2,14492,28984,Credit Card,Store
842,2026-01-20,C2243,Keyboard,Accessories,North,3,2726,8178,Net Banking,Distributor
843,2026-11-08,C2717,Laptop,Electronics,East,9,61120,550080,Net Banking,Store
844,2026-09-21,C1021,Office Chair,Furniture,East,4,9145,36580,Debit Card,Store
845,2026-05-09,C1016,Printer,Office,West,1,11848,11848,UPI,Online
846,2026-07-09,C2895,Monitor,Electronics,Central,7,21529,150703,Net Banking,Distributor
847,2026-10-19,C1461,Laptop,Electronics,North,4,55406,221624,UPI,Distributor
848,2026-02-12,C1043,Laptop,Electronics,Central,6,63620,381720,UPI,Distributor
849,2026-11-12,C1597,Printer,Office,West,8,12974,103792,UPI,Distributor
850,2026-12-09,C1314,Tablet,Electronics,Central,8,31870,254960,Credit Card,Store
851,2026-12-20,C2701,Monitor,Electronics,North,10,19989,199890,Cash,Online
852,2026-10-13,C1101,Tablet,Electronics,Central,3,31897,95691,Cash,Store
853,2026-12-03,C1279,Monitor,Electronics,Central,1,20826,20826,Net Banking,Store
854,2026-03-09,C2546,Headphones,Accessories,North,6,4106,24636,Cash,Store
855,2026-09-18,C2055,Mouse,Accessories,Central,9,1488,13392,Credit Card,Store
856,2026-11-06,C2779,Monitor,Electronics,North,7,20144,141008,Credit Card,Distributor
857,2026-03-11,C1134,Mobile,Electronics,East,1,24643,24643,UPI,Store
858,2026-12-30,C1342,Desk,Furniture,Northeast,3,14428,43284,Cash,Distributor
859,2026-10-06,C2276,Headphones,Accessories,North,10,4375,43750,Cash,Distributor
860,2026-10-09,C2882,Keyboard,Accessories,West,5,3261,16305,Debit Card,Store
861,2026-09-20,C2304,Mobile,Electronics,West,3,23768,71304,Cash,Distributor
862,2026-07-23,C1652,Monitor,Electronics,East,5,21143,105715,Cash,Store
863,2026-03-29,C2978,Desk,Furniture,Central,5,14321,71605,Cash,Distributor
864,2026-03-06,C2458,Keyboard,Accessories,North,5,2797,13985,Cash,Distributor
865,2026-06-13,C2420,Monitor,Electronics,Central,9,21003,189027,Net Banking,Distributor
866,2026-03-17,C2795,Monitor,Electronics,North,7,21287,149009,UPI,Distributor
867,2026-02-12,C2899,Tablet,Electronics,South,1,29562,29562,Credit Card,Online
868,2026-07-19,C2020,Monitor,Electronics,Northeast,9,18917,170253,Debit Card,Online
869,2026-05-02,C1792,Monitor,Electronics,South,4,21286,85144,UPI,Store
870,2026-10-08,C2902,Printer,Office,Central,6,12748,76488,Credit Card,Online
871,2026-11-14,C2092,Mobile,Electronics,Northeast,5,25180,125900,Net Banking,Distributor
872,2026-09-10,C2295,Printer,Office,North,3,11708,35124,Credit Card,Online
873,2026-01-07,C2954,Printer,Office,Central,3,11361,34083,Net Banking,Store
874,2026-05-25,C2087,Headphones,Accessories,West,2,3993,7986,Net Banking,Online
875,2026-11-22,C2968,Desk,Furniture,Central,2,15034,30068,UPI,Store
876,2026-11-14,C1362,Mouse,Accessories,East,7,1592,11144,Cash,Store
877,2026-09-30,C1024,Keyboard,Accessories,Northeast,1,3163,3163,UPI,Distributor
878,2026-10-06,C1713,Monitor,Electronics,South,8,19660,157280,Cash,Store
879,2026-03-29,C1585,Monitor,Electronics,East,2,18120,36240,UPI,Store
880,2026-06-16,C1937,Mouse,Accessories,North,4,1570,6280,Cash,Distributor
881,2026-03-16,C1238,Office Chair,Furniture,North,1,10098,10098,Debit Card,Store
882,2026-02-14,C1060,Desk,Furniture,Central,8,16240,129920,Debit Card,Online
883,2026-03-12,C1217,Keyboard,Accessories,East,10,2914,29140,Net Banking,Online
884,2026-10-02,C2985,Keyboard,Accessories,North,6,2825,16950,Debit Card,Store
885,2026-07-08,C2304,Desk,Furniture,East,6,15016,90096,Net Banking,Store
886,2026-07-01,C1202,Keyboard,Accessories,East,10,2860,28600,Cash,Store
887,2026-03-18,C1211,Headphones,Accessories,West,4,3816,15264,Cash,Store
888,2026-05-31,C2197,Laptop,Electronics,East,5,60219,301095,Cash,Online
889,2026-05-26,C1555,Keyboard,Accessories,East,9,3100,27900,Net Banking,Store
890,2026-03-07,C2524,Mouse,Accessories,Northeast,9,1558,14022,UPI,Distributor
891,2026-07-15,C2933,Printer,Office,South,2,11632,23264,Credit Card,Store
892,2026-05-04,C2355,Keyboard,Accessories,North,6,2742,16452,UPI,Online
893,2026-10-03,C1987,Mobile,Electronics,North,10,25903,259030,Debit Card,Online
894,2026-08-22,C2310,Monitor,Electronics,East,8,19456,155648,Net Banking,Online
895,2026-04-21,C2804,Keyboard,Accessories,South,4,3084,12336,UPI,Store
896,2026-05-09,C1524,Keyboard,Accessories,Central,3,2861,8583,Net Banking,Distributor
897,2026-05-21,C1196,Printer,Office,East,7,10819,75733,Cash,Distributor
898,2026-12-29,C1546,Monitor,Electronics,South,10,18855,188550,Credit Card,Store
899,2026-10-18,C1626,Tablet,Electronics,Central,5,32599,162995,Net Banking,Store
900,2026-01-10,C2861,Desk,Furniture,South,1,15433,15433,Credit Card,Store
901,2026-01-16,C2754,Office Chair,Furniture,Northeast,10,10019,100190,Debit Card,Distributor
902,2026-06-25,C2049,Headphones,Accessories,East,3,3666,10998,Debit Card,Online
903,2026-06-30,C1976,Keyboard,Accessories,West,4,3113,12452,Debit Card,Distributor
904,2026-05-31,C2262,Mobile,Electronics,South,5,25572,127860,Net Banking,Store
905,2026-03-25,C1705,Headphones,Accessories,West,2,3864,7728,UPI,Distributor
906,2026-07-19,C2258,Laptop,Electronics,East,9,61711,555399,UPI,Online
907,2026-06-30,C1297,Office Chair,Furniture,East,5,9910,49550,Net Banking,Online
908,2026-06-15,C1016,Office Chair,Furniture,South,3,9138,27414,Net Banking,Store
909,2026-02-11,C2916,Printer,Office,Central,7,11406,79842,Debit Card,Distributor
910,2026-02-09,C2528,Laptop,Electronics,Northeast,1,60320,60320,Cash,Store
911,2026-09-20,C2038,Mobile,Electronics,Central,6,27346,164076,Credit Card,Store
912,2026-09-11,C1757,Printer,Office,Northeast,4,10880,43520,Cash,Distributor
913,2026-03-24,C1736,Headphones,Accessories,West,7,3755,26285,Cash,Distributor
914,2026-11-13,C1316,Headphones,Accessories,South,5,3950,19750,Cash,Distributor
915,2026-08-05,C1473,Keyboard,Accessories,Northeast,1,3055,3055,Net Banking,Online
916,2026-06-04,C1662,Mouse,Accessories,South,5,1483,7415,Cash,Distributor
917,2026-02-11,C2915,Office Chair,Furniture,Northeast,5,9904,49520,Net Banking,Online
918,2026-12-20,C2179,Desk,Furniture,South,8,14015,112120,UPI,Distributor
919,2026-11-06,C1801,Monitor,Electronics,South,6,19626,117756,UPI,Distributor
920,2026-05-04,C1435,Office Chair,Furniture,West,6,9844,59064,Credit Card,Online
921,2026-09-26,C2835,Printer,Office,Northeast,7,10863,76041,Cash,Store
922,2026-09-24,C2850,Laptop,Electronics,South,4,57544,230176,Debit Card,Distributor
923,2026-10-12,C1462,Keyboard,Accessories,West,7,2816,19712,Net Banking,Distributor
924,2026-07-08,C2764,Keyboard,Accessories,Northeast,10,2753,27530,Credit Card,Distributor
925,2026-06-20,C2546,Office Chair,Furniture,West,2,9144,18288,Cash,Store
926,2026-05-07,C1965,Headphones,Accessories,North,5,4246,21230,Debit Card,Distributor
927,2026-12-06,C2942,Headphones,Accessories,East,1,4042,4042,Cash,Online
928,2026-06-20,C2225,Desk,Furniture,Central,5,14301,71505,Debit Card,Online
929,2026-12-16,C2792,Desk,Furniture,Central,4,13910,55640,Credit Card,Store
930,2026-12-16,C2233,Desk,Furniture,Northeast,10,15380,153800,Credit Card,Distributor
931,2026-06-29,C2418,Monitor,Electronics,South,10,18356,183560,Debit Card,Store
932,2026-06-19,C1870,Tablet,Electronics,Central,1,27155,27155,UPI,Distributor
933,2026-12-06,C1984,Mouse,Accessories,South,8,1443,11544,UPI,Store
934,2026-04-18,C2295,Tablet,Electronics,East,7,30469,213283,Debit Card,Store
935,2026-01-10,C2652,Office Chair,Furniture,East,9,9617,86553,UPI,Store
936,2026-10-29,C1041,Monitor,Electronics,West,1,19827,19827,UPI,Distributor
937,2026-04-17,C1846,Keyboard,Accessories,South,2,3178,6356,Net Banking,Store
938,2026-09-14,C2209,Desk,Furniture,East,5,14755,73775,Cash,Distributor
939,2026-11-08,C1294,Keyboard,Accessories,Central,1,3144,3144,Debit Card,Distributor
940,2026-06-21,C1814,Headphones,Accessories,Central,7,3820,26740,UPI,Distributor
941,2026-10-19,C1104,Tablet,Electronics,Northeast,7,31970,223790,Debit Card,Online
942,2026-12-16,C1595,Desk,Furniture,Central,10,16392,163920,Debit Card,Online
943,2026-08-09,C2783,Monitor,Electronics,North,5,19840,99200,Net Banking,Store
944,2026-01-13,C2279,Headphones,Accessories,East,3,3933,11799,Credit Card,Store
945,2026-02-22,C1759,Printer,Office,Central,6,11102,66612,Cash,Distributor
946,2026-11-30,C2093,Office Chair,Furniture,North,3,10677,32031,Net Banking,Distributor
947,2026-11-26,C2074,Keyboard,Accessories,East,9,2830,25470,Cash,Online
948,2026-12-18,C1402,Printer,Office,Northeast,8,11825,94600,Debit Card,Distributor
949,2026-07-09,C2406,Mouse,Accessories,Northeast,8,1396,11168,Debit Card,Store
950,2026-02-04,C1439,Tablet,Electronics,Central,2,27991,55982,UPI,Store
951,2026-02-21,C2784,Headphones,Accessories,East,6,3687,22122,Cash,Online
952,2026-01-07,C1125,Mouse,Accessories,East,6,1359,8154,Debit Card,Online
953,2026-11-10,C2372,Office Chair,Furniture,Northeast,6,10566,63396,Net Banking,Store
954,2026-08-30,C2255,Desk,Furniture,West,4,15761,63044,Cash,Store
955,2026-12-15,C1548,Printer,Office,West,5,12485,62425,Debit Card,Online
956,2026-12-24,C2328,Keyboard,Accessories,East,3,2901,8703,Debit Card,Distributor
957,2026-09-22,C2418,Monitor,Electronics,West,4,19281,77124,UPI,Store
958,2026-08-03,C1496,Headphones,Accessories,Central,6,4400,26400,Debit Card,Online
959,2026-03-01,C1787,Desk,Furniture,East,4,13565,54260,Credit Card,Online
960,2026-06-08,C1262,Laptop,Electronics,West,3,60012,180036,UPI,Online
961,2026-05-21,C1782,Laptop,Electronics,North,1,60288,60288,Net Banking,Distributor
962,2026-07-14,C2055,Keyboard,Accessories,Central,7,3054,21378,Net Banking,Store
963,2026-03-07,C2804,Office Chair,Furniture,East,4,10744,42976,Cash,Distributor
964,2026-03-07,C2406,Mobile,Electronics,Northeast,3,24197,72591,Credit Card,Online
965,2026-04-18,C1173,Office Chair,Furniture,North,5,9875,49375,Net Banking,Online
966,2026-12-09,C1574,Desk,Furniture,East,6,15670,94020,Debit Card,Online
967,2026-11-20,C2927,Printer,Office,West,1,13128,13128,Net Banking,Store
968,2026-05-10,C1136,Headphones,Accessories,North,4,3777,15108,UPI,Online
969,2026-03-12,C1109,Tablet,Electronics,Central,4,27624,110496,Cash,Distributor
970,2026-09-14,C2971,Headphones,Accessories,Central,4,3749,14996,UPI,Store
971,2026-11-07,C1426,Tablet,Electronics,East,7,28309,198163,UPI,Store
972,2026-04-20,C2165,Office Chair,Furniture,North,3,9051,27153,Credit Card,Online
973,2026-02-24,C2066,Tablet,Electronics,North,1,28498,28498,Debit Card,Distributor
974,2026-06-20,C1189,Mobile,Electronics,North,7,25935,181545,Cash,Online
975,2026-08-18,C1101,Headphones,Accessories,Northeast,3,4166,12498,UPI,Online
976,2026-08-21,C1647,Monitor,Electronics,North,6,20230,121380,Cash,Store
977,2026-08-15,C1805,Tablet,Electronics,East,8,30255,242040,Debit Card,Online
978,2026-09-01,C2236,Desk,Furniture,East,6,15613,93678,UPI,Distributor
979,2026-03-14,C1979,Tablet,Electronics,South,2,32949,65898,Credit Card,Online
980,2026-11-24,C1708,Tablet,Electronics,South,2,27993,55986,Net Banking,Online
981,2026-09-10,C2978,Headphones,Accessories,Northeast,10,4281,42810,Cash,Distributor
982,2026-06-20,C2900,Keyboard,Accessories,West,5,2933,14665,Debit Card,Store
983,2026-02-21,C2426,Printer,Office,West,1,12832,12832,Cash,Distributor
984,2026-03-12,C1001,Mouse,Accessories,West,6,1357,8142,Credit Card,Distributor
985,2026-01-31,C1350,Mobile,Electronics,East,1,24691,24691,Net Banking,Store
986,2026-12-15,C2915,Monitor,Electronics,South,7,19363,135541,Net Banking,Distributor
987,2026-11-29,C1201,Mobile,Electronics,Central,6,24577,147462,UPI,Online
988,2026-09-25,C1087,Mobile,Electronics,South,4,23484,93936,Net Banking,Distributor
989,2026-05-26,C1944,Desk,Furniture,West,3,13814,41442,Cash,Online
990,2026-05-06,C2420,Laptop,Electronics,South,3,59928,179784,Debit Card,Online
991,2026-12-29,C2799,Mouse,Accessories,Northeast,4,1608,6432,Debit Card,Store
992,2026-03-19,C1199,Keyboard,Accessories,North,9,3244,29196,Debit Card,Distributor
993,2026-11-28,C1300,Monitor,Electronics,Northeast,2,21180,42360,Credit Card,Store
994,2026-02-21,C2030,Headphones,Accessories,West,5,4115,20575,Debit Card,Online
995,2026-09-08,C2892,Desk,Furniture,East,4,13653,54612,Net Banking,Online
996,2026-04-07,C1121,Desk,Furniture,North,7,14056,98392,Credit Card,Store
997,2026-06-19,C2181,Desk,Furniture,Central,10,15232,152320,Debit Card,Distributor
998,2026-08-21,C1791,Mouse,Accessories,West,10,1500,15000,Cash,Distributor
999,2026-12-27,C1899,Mouse,Accessories,Northeast,9,1610,14490,Cash,Store
1000,2026-01-09,C1705,Laptop,Electronics,Northeast,3,65124,195372,UPI,Online
1001,2026-03-02,C2590,Monitor,Electronics,Northeast,9,20725,186525,Debit Card,Online
1002,2026-05-04,C1343,Mobile,Electronics,Central,8,25061,200488,Credit Card,Distributor
1003,2026-05-26,C2991,Laptop,Electronics,North,10,60782,607820,UPI,Online
1004,2026-07-26,C2609,Mouse,Accessories,West,2,1436,2872,Cash,Distributor
1005,2026-08-17,C2886,Mobile,Electronics,West,7,26537,185759,Credit Card,Distributor
1006,2026-04-20,C2354,Keyboard,Accessories,Central,10,3287,32870,Credit Card,Distributor
1007,2026-04-15,C2396,Tablet,Electronics,South,4,31221,124884,Credit Card,Distributor
1008,2026-09-08,C2007,Monitor,Electronics,South,1,21538,21538,UPI,Distributor
1009,2026-07-15,C1400,Printer,Office,East,1,10871,10871,Net Banking,Store
1010,2026-07-27,C2319,Headphones,Accessories,North,8,3987,31896,Cash,Distributor
1011,2026-08-12,C2521,Office Chair,Furniture,Northeast,6,9030,54180,Debit Card,Distributor
1012,2026-05-06,C2020,Monitor,Electronics,North,5,20365,101825,UPI,Distributor
1013,2026-05-17,C1324,Monitor,Electronics,West,6,18719,112314,UPI,Distributor
1014,2026-01-30,C1895,Monitor,Electronics,West,6,21467,128802,Credit Card,Store
1015,2026-07-09,C2597,Mobile,Electronics,West,9,26847,241623,Cash,Distributor
1016,2026-06-23,C1945,Mobile,Electronics,West,9,27122,244098,UPI,Store
1017,2026-06-20,C2524,Mobile,Electronics,Central,2,25424,50848,Net Banking,Distributor
1018,2026-03-04,C2252,Mouse,Accessories,Central,5,1533,7665,Net Banking,Online
1019,2026-01-29,C2213,Desk,Furniture,Northeast,9,15102,135918,Credit Card,Store
1020,2026-07-24,C2054,Monitor,Electronics,Central,10,20092,200920,Credit Card,Distributor
1021,2026-10-15,C2597,Printer,Office,North,1,12249,12249,Credit Card,Store
1022,2026-05-11,C2377,Laptop,Electronics,North,9,54621,491589,Cash,Online
1023,2026-12-01,C1961,Keyboard,Accessories,South,6,3165,18990,Net Banking,Store
1024,2026-08-05,C2408,Tablet,Electronics,Central,1,28224,28224,Cash,Store
1025,2026-12-17,C2893,Monitor,Electronics,North,1,21531,21531,Net Banking,Online
1026,2026-12-20,C1585,Office Chair,Furniture,Northeast,9,9968,89712,Debit Card,Store
1027,2026-02-07,C2163,Printer,Office,Northeast,4,11274,45096,Debit Card,Online
1028,2026-01-19,C2869,Office Chair,Furniture,West,8,10503,84024,UPI,Distributor
1029,2026-10-06,C1435,Laptop,Electronics,West,1,56667,56667,Credit Card,Store
1030,2026-05-11,C1042,Monitor,Electronics,North,5,21277,106385,Net Banking,Online
1031,2026-09-12,C1303,Desk,Furniture,Central,2,15043,30086,Debit Card,Distributor
1032,2026-08-24,C1827,Laptop,Electronics,South,4,61984,247936,Net Banking,Distributor
1033,2026-11-04,C1374,Mobile,Electronics,East,2,24159,48318,Net Banking,Store
1034,2026-11-11,C2679,Laptop,Electronics,West,5,58606,293030,UPI,Store
1035,2026-03-22,C2418,Mouse,Accessories,South,2,1422,2844,UPI,Online
1036,2026-04-22,C2978,Headphones,Accessories,Northeast,6,4079,24474,Debit Card,Distributor
1037,2026-03-20,C1924,Mobile,Electronics,West,9,25021,225189,UPI,Online
1038,2026-05-19,C1844,Tablet,Electronics,Central,7,30071,210497,Debit Card,Store
1039,2026-02-21,C1479,Tablet,Electronics,Northeast,5,31451,157255,Credit Card,Store
1040,2026-12-16,C2700,Monitor,Electronics,West,4,20457,81828,Cash,Store
1041,2026-08-26,C1261,Printer,Office,East,1,10825,10825,Cash,Store
1042,2026-10-12,C1011,Keyboard,Accessories,West,7,3004,21028,Net Banking,Store
1043,2026-04-25,C1518,Headphones,Accessories,West,1,4044,4044,Cash,Online
1044,2026-11-13,C2420,Keyboard,Accessories,East,1,3168,3168,Credit Card,Store
1045,2026-08-18,C2389,Tablet,Electronics,South,9,27884,250956,Debit Card,Distributor
1046,2026-04-22,C2829,Mobile,Electronics,South,3,27383,82149,UPI,Online
1047,2026-07-21,C1330,Office Chair,Furniture,South,9,9876,88884,UPI,Distributor
1048,2026-10-18,C2940,Keyboard,Accessories,Central,2,3084,6168,Cash,Online
1049,2026-05-27,C2198,Monitor,Electronics,South,1,19282,19282,Cash,Distributor
1050,2026-06-26,C2724,Office Chair,Furniture,Northeast,9,9551,85959,Credit Card,Distributor
1051,2026-12-30,C1615,Keyboard,Accessories,Central,5,3062,15310,Credit Card,Store
1052,2026-05-20,C2821,Desk,Furniture,Central,8,13807,110456,UPI,Distributor
1053,2026-08-12,C1314,Tablet,Electronics,North,2,30755,61510,Net Banking,Store
1054,2026-07-20,C1668,Mobile,Electronics,South,2,23038,46076,Net Banking,Store
1055,2026-09-07,C2843,Keyboard,Accessories,West,3,2994,8982,Debit Card,Distributor
1056,2026-10-21,C2405,Office Chair,Furniture,West,3,9922,29766,Debit Card,Online
1057,2026-02-27,C2245,Desk,Furniture,East,8,14617,116936,Cash,Store
1058,2026-01-18,C2054,Mouse,Accessories,Northeast,7,1460,10220,Net Banking,Distributor
1059,2026-10-05,C1997,Headphones,Accessories,South,5,4112,20560,Net Banking,Distributor
1060,2026-12-15,C2324,Headphones,Accessories,Central,4,3951,15804,Debit Card,Online
1061,2026-09-29,C1868,Mouse,Accessories,Central,6,1626,9756,Cash,Store
1062,2026-04-08,C1621,Office Chair,Furniture,North,9,9230,83070,Credit Card,Distributor
1063,2026-06-01,C1895,Laptop,Electronics,Central,1,58641,58641,Credit Card,Store
1064,2026-02-08,C1365,Monitor,Electronics,Northeast,3,20256,60768,Credit Card,Store
1065,2026-06-23,C1679,Headphones,Accessories,Northeast,7,4180,29260,Debit Card,Store
1066,2026-04-27,C1029,Mobile,Electronics,North,6,24820,148920,Debit Card,Distributor
1067,2026-03-07,C2740,Printer,Office,East,9,11839,106551,Debit Card,Online
1068,2026-02-18,C2532,Printer,Office,East,4,11725,46900,UPI,Store
1069,2026-06-01,C2916,Mobile,Electronics,East,5,26082,130410,Credit Card,Store
1070,2026-10-14,C1347,Laptop,Electronics,East,8,65452,523616,UPI,Online
1071,2026-03-09,C2448,Headphones,Accessories,Central,4,3648,14592,Debit Card,Distributor
1072,2026-06-13,C2213,Headphones,Accessories,West,5,4176,20880,Debit Card,Online
1073,2026-07-04,C2246,Headphones,Accessories,Northeast,5,3631,18155,Cash,Distributor
1074,2026-07-05,C1557,Keyboard,Accessories,Northeast,6,3225,19350,UPI,Online
1075,2026-02-26,C1558,Laptop,Electronics,Central,8,61317,490536,UPI,Online
1076,2026-04-13,C2437,Keyboard,Accessories,Central,7,2845,19915,Debit Card,Distributor
1077,2026-10-11,C2887,Printer,Office,North,10,11739,117390,Net Banking,Store
1078,2026-08-19,C1559,Printer,Office,North,5,11046,55230,Net Banking,Store
1079,2026-01-06,C1910,Headphones,Accessories,Central,3,3940,11820,Cash,Distributor
1080,2026-10-06,C1030,Desk,Furniture,West,2,14053,28106,UPI,Distributor
1081,2026-07-05,C2119,Headphones,Accessories,West,1,3690,3690,UPI,Online
1082,2026-01-22,C2275,Laptop,Electronics,West,5,60634,303170,Debit Card,Store
1083,2026-01-17,C2856,Keyboard,Accessories,North,10,3270,32700,Net Banking,Store
1084,2026-06-21,C2475,Mouse,Accessories,Northeast,3,1645,4935,UPI,Online
1085,2026-12-11,C2427,Monitor,Electronics,North,1,18949,18949,Net Banking,Distributor
1086,2026-02-28,C1678,Desk,Furniture,West,4,15319,61276,Cash,Store
1087,2026-06-03,C1144,Mouse,Accessories,Central,9,1570,14130,UPI,Online
1088,2026-01-29,C1769,Monitor,Electronics,Northeast,3,19938,59814,Cash,Online
1089,2026-09-10,C2799,Tablet,Electronics,West,5,32412,162060,Cash,Store
1090,2026-03-15,C1606,Mobile,Electronics,East,3,23659,70977,Cash,Distributor
1091,2026-09-18,C1571,Tablet,Electronics,Northeast,5,28012,140060,Debit Card,Distributor
1092,2026-04-17,C1602,Headphones,Accessories,North,5,4314,21570,Debit Card,Online
1093,2026-10-23,C2509,Tablet,Electronics,North,7,32479,227353,Net Banking,Online
1094,2026-02-04,C2753,Printer,Office,North,8,13013,104104,Debit Card,Online
1095,2026-02-10,C1491,Mouse,Accessories,North,10,1479,14790,UPI,Distributor
1096,2026-05-12,C1139,Keyboard,Accessories,East,8,3143,25144,UPI,Distributor
1097,2026-03-09,C1584,Mobile,Electronics,Northeast,9,23993,215937,Cash,Distributor
1098,2026-11-12,C2742,Tablet,Electronics,West,3,29622,88866,Cash,Store
1099,2026-08-16,C2984,Printer,Office,South,3,13087,39261,Net Banking,Online
1100,2026-10-17,C1003,Keyboard,Accessories,West,2,3016,6032,Debit Card,Distributor
1101,2026-10-11,C1777,Mouse,Accessories,Central,10,1619,16190,Net Banking,Store
1102,2026-10-23,C2890,Desk,Furniture,West,8,15129,121032,Debit Card,Online
1103,2026-12-16,C2802,Keyboard,Accessories,South,5,2846,14230,UPI,Store
1104,2026-12-02,C2129,Desk,Furniture,West,3,15961,47883,UPI,Store
1105,2026-07-18,C2214,Office Chair,Furniture,West,10,10429,104290,Credit Card,Store
1106,2026-09-29,C2479,Laptop,Electronics,West,7,61109,427763,Debit Card,Store
1107,2026-03-22,C2872,Laptop,Electronics,Central,1,62705,62705,Net Banking,Distributor
1108,2026-11-04,C2672,Headphones,Accessories,West,1,4385,4385,Cash,Online
1109,2026-08-10,C1555,Monitor,Electronics,Central,2,19482,38964,UPI,Distributor
1110,2026-10-31,C2503,Monitor,Electronics,South,8,20435,163480,Credit Card,Online
1111,2026-07-19,C2660,Monitor,Electronics,West,1,19341,19341,Cash,Online
1112,2026-07-17,C1889,Desk,Furniture,Northeast,9,13886,124974,Net Banking,Online
1113,2026-07-09,C1736,Mouse,Accessories,East,6,1622,9732,Cash,Store
1114,2026-04-30,C1069,Monitor,Electronics,North,1,18262,18262,Cash,Distributor
1115,2026-03-01,C2458,Mouse,Accessories,Northeast,2,1521,3042,Cash,Online
1116,2026-02-21,C1286,Keyboard,Accessories,South,9,2709,24381,UPI,Store
1117,2026-06-14,C2694,Headphones,Accessories,South,5,3830,19150,Debit Card,Distributor
1118,2026-04-14,C1252,Laptop,Electronics,South,3,61193,183579,Cash,Online
1119,2026-07-24,C1137,Mouse,Accessories,Northeast,3,1365,4095,Credit Card,Online
1120,2026-06-14,C1957,Printer,Office,North,3,12226,36678,Credit Card,Online
1121,2026-10-22,C2334,Mouse,Accessories,Northeast,4,1403,5612,Net Banking,Online
1122,2026-12-22,C1907,Mobile,Electronics,Central,8,23578,188624,Net Banking,Distributor
1123,2026-06-21,C1022,Printer,Office,East,4,13099,52396,Net Banking,Distributor
1124,2026-03-25,C2557,Monitor,Electronics,North,6,18670,112020,UPI,Online
1125,2026-11-27,C1299,Desk,Furniture,North,3,14715,44145,Credit Card,Distributor
1126,2026-07-27,C2042,Tablet,Electronics,South,10,32804,328040,UPI,Store
1127,2026-10-04,C1275,Desk,Furniture,South,3,15543,46629,Credit Card,Online
1128,2026-07-08,C2991,Office Chair,Furniture,Northeast,10,9988,99880,Credit Card,Store
1129,2026-04-12,C1439,Keyboard,Accessories,South,8,2725,21800,UPI,Online
1130,2026-01-30,C1974,Mouse,Accessories,West,1,1590,1590,Credit Card,Distributor
1131,2026-01-29,C2488,Printer,Office,Northeast,10,12367,123670,Debit Card,Store
1132,2026-10-23,C1145,Monitor,Electronics,South,1,19633,19633,Debit Card,Store
1133,2026-09-03,C1339,Tablet,Electronics,East,8,30779,246232,Net Banking,Distributor
1134,2026-10-31,C2449,Mouse,Accessories,West,3,1362,4086,Cash,Online
1135,2026-03-06,C1364,Tablet,Electronics,Central,8,31388,251104,Cash,Store
1136,2026-06-21,C2185,Monitor,Electronics,Northeast,7,21233,148631,Net Banking,Distributor
1137,2026-06-26,C1563,Laptop,Electronics,North,3,59868,179604,Net Banking,Distributor
1138,2026-05-11,C1423,Laptop,Electronics,Central,10,55024,550240,Credit Card,Store
1139,2026-01-21,C1792,Headphones,Accessories,East,8,3763,30104,UPI,Online
1140,2026-05-19,C2760,Desk,Furniture,West,5,15815,79075,Net Banking,Store
1141,2026-09-27,C1662,Keyboard,Accessories,West,5,2783,13915,Credit Card,Online
1142,2026-04-03,C2159,Monitor,Electronics,South,2,19443,38886,Net Banking,Distributor
1143,2026-09-21,C1180,Keyboard,Accessories,South,4,2802,11208,Cash,Online
1144,2026-12-15,C2829,Desk,Furniture,Northeast,3,15714,47142,Cash,Online
1145,2026-12-26,C2024,Headphones,Accessories,South,6,4355,26130,Debit Card,Distributor
1146,2026-10-04,C2308,Desk,Furniture,West,4,15191,60764,Net Banking,Store
1147,2026-10-05,C1290,Office Chair,Furniture,South,7,9198,64386,Debit Card,Store
1148,2026-10-07,C2859,Tablet,Electronics,South,6,28045,168270,Cash,Store
1149,2026-07-31,C2816,Tablet,Electronics,Northeast,6,29956,179736,Debit Card,Distributor
1150,2026-07-20,C2355,Laptop,Electronics,Northeast,4,55161,220644,Cash,Online
1151,2026-11-13,C2631,Office Chair,Furniture,East,10,9234,92340,Cash,Store
1152,2026-10-17,C2304,Desk,Furniture,East,3,14084,42252,Debit Card,Online
1153,2026-08-22,C2326,Keyboard,Accessories,West,4,3099,12396,UPI,Store
1154,2026-01-23,C2119,Printer,Office,Central,1,11731,11731,UPI,Online
1155,2026-08-31,C2962,Headphones,Accessories,Central,5,4100,20500,Net Banking,Online
1156,2026-05-20,C1642,Desk,Furniture,North,9,15254,137286,Debit Card,Store
1157,2026-05-13,C1122,Laptop,Electronics,Central,8,62731,501848,UPI,Distributor
1158,2026-09-21,C1530,Mobile,Electronics,South,2,24199,48398,Net Banking,Distributor
1159,2026-01-01,C1835,Desk,Furniture,East,2,14417,28834,UPI,Distributor
1160,2026-07-12,C1909,Mouse,Accessories,North,10,1438,14380,Credit Card,Store
1161,2026-07-02,C2276,Office Chair,Furniture,North,9,10380,93420,Net Banking,Online
1162,2026-08-25,C1491,Laptop,Electronics,North,2,55225,110450,Net Banking,Store
1163,2026-10-08,C2799,Laptop,Electronics,Northeast,7,60268,421876,Debit Card,Online
1164,2026-06-30,C2698,Keyboard,Accessories,North,7,3122,21854,Cash,Store
1165,2026-12-24,C1798,Desk,Furniture,Northeast,5,16410,82050,UPI,Distributor
1166,2026-01-12,C1173,Mobile,Electronics,Northeast,5,27139,135695,Credit Card,Online
1167,2026-08-11,C2803,Mobile,Electronics,South,5,25820,129100,Net Banking,Distributor
1168,2026-12-02,C1687,Keyboard,Accessories,West,2,2891,5782,Cash,Store
1169,2026-02-19,C2398,Mouse,Accessories,West,1,1623,1623,Debit Card,Store
1170,2026-08-22,C1180,Monitor,Electronics,North,6,20749,124494,Net Banking,Store
1171,2026-10-14,C1292,Monitor,Electronics,East,3,21719,65157,Net Banking,Online
1172,2026-11-27,C2968,Office Chair,Furniture,Northeast,10,10567,105670,UPI,Distributor
1173,2026-11-21,C1771,Headphones,Accessories,North,7,4287,30009,Credit Card,Distributor
1174,2026-06-10,C1960,Mobile,Electronics,Central,10,25318,253180,Debit Card,Distributor
1175,2026-04-07,C2000,Office Chair,Furniture,West,4,10673,42692,Credit Card,Distributor
1176,2026-12-11,C1524,Keyboard,Accessories,East,10,2848,28480,Credit Card,Distributor
1177,2026-06-09,C2545,Office Chair,Furniture,East,5,9165,45825,Net Banking,Online
1178,2026-08-10,C1665,Headphones,Accessories,North,6,3609,21654,Credit Card,Store
1179,2026-05-27,C2188,Mouse,Accessories,East,4,1357,5428,Credit Card,Online
1180,2026-02-23,C1938,Headphones,Accessories,East,6,3761,22566,Credit Card,Online
1181,2026-07-10,C2864,Headphones,Accessories,Northeast,7,3996,27972,Debit Card,Online
1182,2026-01-14,C2818,Office Chair,Furniture,Northeast,6,10298,61788,Credit Card,Online
1183,2026-06-21,C2001,Mouse,Accessories,East,5,1398,6990,Net Banking,Store
1184,2026-11-14,C1761,Desk,Furniture,North,5,14249,71245,Cash,Online
1185,2026-11-15,C1759,Tablet,Electronics,East,6,30048,180288,Net Banking,Store
1186,2026-05-16,C2160,Office Chair,Furniture,South,7,10230,71610,Net Banking,Distributor
1187,2026-07-19,C1154,Office Chair,Furniture,East,9,9731,87579,Cash,Distributor
1188,2026-07-06,C1853,Printer,Office,West,7,12068,84476,Net Banking,Distributor
1189,2026-12-04,C1528,Laptop,Electronics,Northeast,5,55795,278975,Credit Card,Online
1190,2026-08-09,C1030,Keyboard,Accessories,East,3,2920,8760,Net Banking,Distributor
1191,2026-12-29,C1177,Keyboard,Accessories,East,5,2834,14170,Net Banking,Store
1192,2026-01-08,C2041,Keyboard,Accessories,East,1,2930,2930,UPI,Store
1193,2026-07-02,C1325,Printer,Office,North,3,13061,39183,Net Banking,Distributor
1194,2026-08-05,C2913,Keyboard,Accessories,South,3,2886,8658,Net Banking,Store
1195,2026-09-10,C1030,Tablet,Electronics,Central,4,32445,129780,UPI,Distributor
1196,2026-12-09,C2455,Mouse,Accessories,East,6,1644,9864,Credit Card,Distributor
1197,2026-07-16,C2959,Laptop,Electronics,Northeast,8,55286,442288,UPI,Online
1198,2026-10-17,C3000,Printer,Office,Northeast,7,12268,85876,Debit Card,Store
1199,2026-09-22,C1521,Desk,Furniture,North,3,15037,45111,Credit Card,Distributor
1200,2026-10-20,C1185,Monitor,Electronics,Northeast,10,20561,205610,UPI,Online
1201,2026-10-26,C2145,Mobile,Electronics,West,5,23165,115825,UPI,Store
1202,2026-09-14,C1791,Tablet,Electronics,Central,3,32637,97911,Debit Card,Distributor
1203,2026-11-13,C1726,Monitor,Electronics,Central,2,19119,38238,Credit Card,Store
1204,2026-11-20,C2978,Laptop,Electronics,Northeast,9,59146,532314,Credit Card,Distributor
1205,2026-11-05,C2485,Monitor,Electronics,South,10,20010,200100,UPI,Distributor
1206,2026-11-03,C1980,Laptop,Electronics,Central,5,63957,319785,Credit Card,Distributor
1207,2026-12-30,C1078,Keyboard,Accessories,East,4,2877,11508,Net Banking,Distributor
1208,2026-06-02,C1433,Mobile,Electronics,North,9,26246,236214,Cash,Store
1209,2026-04-29,C2887,Office Chair,Furniture,North,7,10267,71869,Debit Card,Distributor
1210,2026-01-23,C2959,Tablet,Electronics,North,8,29359,234872,Debit Card,Distributor
1211,2026-08-31,C1622,Desk,Furniture,South,3,14382,43146,Cash,Online
1212,2026-01-11,C2055,Monitor,Electronics,Northeast,5,20044,100220,Debit Card,Online
1213,2026-01-10,C2442,Headphones,Accessories,North,9,3616,32544,Net Banking,Distributor
1214,2026-11-22,C2894,Office Chair,Furniture,South,3,10070,30210,Debit Card,Online
1215,2026-03-15,C2703,Keyboard,Accessories,Northeast,9,3291,29619,Net Banking,Store
1216,2026-11-08,C2254,Mobile,Electronics,South,6,22526,135156,Net Banking,Distributor
1217,2026-09-23,C2735,Printer,Office,Central,5,12190,60950,Cash,Store
1218,2026-03-20,C2546,Desk,Furniture,Central,9,14380,129420,UPI,Online
1219,2026-01-22,C1659,Headphones,Accessories,East,4,4064,16256,Cash,Store
1220,2026-08-23,C1884,Laptop,Electronics,East,4,64304,257216,Debit Card,Online
1221,2026-03-17,C2376,Headphones,Accessories,Northeast,4,4003,16012,Credit Card,Store
1222,2026-09-01,C1766,Tablet,Electronics,East,1,29334,29334,Debit Card,Distributor
1223,2026-01-13,C1337,Monitor,Electronics,Central,4,21175,84700,Credit Card,Store
1224,2026-01-05,C1391,Keyboard,Accessories,North,2,2939,5878,Net Banking,Online
1225,2026-08-11,C1026,Office Chair,Furniture,East,8,9036,72288,Net Banking,Distributor
1226,2026-11-05,C1059,Desk,Furniture,Central,1,15833,15833,Net Banking,Distributor
1227,2026-05-28,C1246,Mobile,Electronics,East,3,22801,68403,Credit Card,Store
1228,2026-09-29,C2187,Tablet,Electronics,Central,8,28967,231736,Cash,Distributor
1229,2026-08-21,C1930,Keyboard,Accessories,East,5,3241,16205,Credit Card,Online
1230,2026-03-07,C2372,Printer,Office,Central,2,10976,21952,Net Banking,Store
1231,2026-01-24,C1189,Monitor,Electronics,South,6,20743,124458,UPI,Online
1232,2026-05-01,C2968,Headphones,Accessories,Central,7,4062,28434,Net Banking,Distributor
1233,2026-05-15,C1077,Keyboard,Accessories,West,3,3091,9273,Credit Card,Online
1234,2026-10-10,C1344,Tablet,Electronics,Northeast,5,29410,147050,UPI,Online
1235,2026-05-20,C2129,Mobile,Electronics,West,6,22767,136602,Net Banking,Store
1236,2026-12-03,C2648,Mobile,Electronics,South,6,24356,146136,Credit Card,Online
1237,2026-01-26,C1094,Monitor,Electronics,West,7,18305,128135,Net Banking,Online
1238,2026-05-13,C1706,Headphones,Accessories,South,8,3963,31704,Cash,Store
1239,2026-10-15,C2664,Printer,Office,East,6,11300,67800,Debit Card,Store
1240,2026-06-05,C2817,Keyboard,Accessories,East,1,3065,3065,Cash,Online
1241,2026-06-09,C2121,Keyboard,Accessories,East,6,3102,18612,Credit Card,Store
1242,2026-01-20,C2503,Printer,Office,Northeast,9,12480,112320,Credit Card,Distributor
1243,2026-02-06,C1367,Headphones,Accessories,West,2,4022,8044,Credit Card,Store
1244,2026-02-05,C1175,Mouse,Accessories,West,3,1380,4140,Credit Card,Distributor
1245,2026-04-13,C1107,Laptop,Electronics,South,6,55588,333528,Net Banking,Distributor
1246,2026-06-03,C1660,Headphones,Accessories,Northeast,3,4274,12822,Net Banking,Distributor
1247,2026-03-10,C1434,Tablet,Electronics,West,3,27673,83019,UPI,Store
1248,2026-10-17,C2476,Tablet,Electronics,Central,7,28102,196714,Net Banking,Online
1249,2026-06-02,C1676,Keyboard,Accessories,Central,5,2797,13985,Debit Card,Distributor
1250,2026-04-13,C1442,Keyboard,Accessories,North,8,3104,24832,Net Banking,Online
1251,2026-09-20,C2588,Keyboard,Accessories,West,1,2765,2765,Net Banking,Online
1252,2026-02-19,C2355,Office Chair,Furniture,Central,8,9362,74896,Net Banking,Online
1253,2026-03-30,C1749,Monitor,Electronics,Central,7,18085,126595,Cash,Store
1254,2026-07-19,C1869,Keyboard,Accessories,North,3,3285,9855,Credit Card,Online
1255,2026-04-02,C2431,Desk,Furniture,North,8,13703,109624,Cash,Online
1256,2026-05-01,C2477,Desk,Furniture,Northeast,3,15362,46086,Net Banking,Online
1257,2026-01-17,C2726,Laptop,Electronics,East,6,55619,333714,Credit Card,Online
1258,2026-08-09,C2639,Mobile,Electronics,West,4,23256,93024,Credit Card,Store
1259,2026-06-02,C2395,Mobile,Electronics,Northeast,3,26422,79266,Net Banking,Online
1260,2026-05-16,C2041,Mobile,Electronics,Central,1,23097,23097,Credit Card,Store
1261,2026-11-27,C1382,Monitor,Electronics,North,10,21755,217550,Net Banking,Distributor
1262,2026-02-25,C1226,Desk,Furniture,Northeast,9,15878,142902,UPI,Distributor
1263,2026-09-22,C1969,Laptop,Electronics,East,6,58161,348966,Cash,Store
1264,2026-06-02,C1558,Printer,Office,Central,8,11471,91768,Credit Card,Store
1265,2026-04-03,C2234,Desk,Furniture,East,7,15431,108017,Credit Card,Store
1266,2026-01-13,C2955,Mobile,Electronics,North,4,23136,92544,Debit Card,Distributor
1267,2026-11-26,C1172,Office Chair,Furniture,North,5,10951,54755,Net Banking,Online
1268,2026-11-04,C2847,Tablet,Electronics,West,5,30464,152320,Debit Card,Distributor
1269,2026-02-13,C2445,Headphones,Accessories,South,5,4041,20205,Credit Card,Store
1270,2026-04-25,C2930,Office Chair,Furniture,West,8,10401,83208,Net Banking,Online
1271,2026-02-03,C2950,Desk,Furniture,West,8,15018,120144,UPI,Store
1272,2026-06-15,C1220,Desk,Furniture,South,10,14529,145290,Debit Card,Distributor
1273,2026-03-19,C2714,Laptop,Electronics,East,8,60980,487840,Net Banking,Online
1274,2026-03-14,C2979,Tablet,Electronics,Northeast,8,30611,244888,Cash,Distributor
1275,2026-08-23,C2802,Desk,Furniture,North,7,15514,108598,Net Banking,Distributor
1276,2026-11-21,C1550,Keyboard,Accessories,Central,9,3245,29205,Cash,Online
1277,2026-10-30,C2293,Monitor,Electronics,West,7,19724,138068,Cash,Online
1278,2026-05-03,C2168,Keyboard,Accessories,Central,1,2862,2862,Cash,Online
1279,2026-11-10,C2611,Keyboard,Accessories,East,1,2890,2890,Net Banking,Store
1280,2026-02-21,C1249,Mobile,Electronics,Central,10,24854,248540,Credit Card,Distributor
1281,2026-02-03,C2651,Keyboard,Accessories,Central,8,2836,22688,Net Banking,Store
1282,2026-11-20,C1907,Tablet,Electronics,West,7,30711,214977,Debit Card,Distributor
1283,2026-03-05,C2992,Desk,Furniture,Northeast,7,14771,103397,Debit Card,Store
1284,2026-09-11,C2419,Printer,Office,East,2,11403,22806,Debit Card,Store
1285,2026-03-14,C1780,Laptop,Electronics,South,1,59628,59628,Cash,Store
1286,2026-06-28,C1832,Mobile,Electronics,North,6,24156,144936,Cash,Online
1287,2026-07-11,C1702,Mobile,Electronics,East,2,24441,48882,Net Banking,Online
1288,2026-06-04,C2328,Office Chair,Furniture,West,5,9337,46685,Net Banking,Store
1289,2026-01-13,C1681,Monitor,Electronics,Northeast,6,18965,113790,UPI,Store
1290,2026-11-02,C2311,Tablet,Electronics,East,9,27991,251919,Cash,Distributor
1291,2026-12-09,C1617,Monitor,Electronics,Central,4,20728,82912,Net Banking,Store
1292,2026-08-20,C2056,Monitor,Electronics,Northeast,8,18028,144224,Debit Card,Distributor
1293,2026-06-22,C1345,Monitor,Electronics,East,7,21793,152551,UPI,Store
1294,2026-07-27,C2113,Monitor,Electronics,East,6,19952,119712,Net Banking,Distributor
1295,2026-04-10,C1553,Mouse,Accessories,North,7,1577,11039,UPI,Store
1296,2026-03-27,C2948,Office Chair,Furniture,West,3,10320,30960,Debit Card,Distributor
1297,2026-10-12,C2577,Office Chair,Furniture,South,8,10243,81944,Debit Card,Store
1298,2026-11-03,C2790,Mobile,Electronics,West,10,24384,243840,Cash,Store
1299,2026-02-19,C2406,Office Chair,Furniture,West,5,10164,50820,Cash,Online
1300,2026-01-31,C1503,Keyboard,Accessories,North,7,2792,19544,Cash,Online
1301,2026-10-15,C2271,Mouse,Accessories,Northeast,9,1569,14121,UPI,Distributor
1302,2026-05-23,C1336,Monitor,Electronics,Northeast,10,21545,215450,Debit Card,Distributor
1303,2026-09-13,C1230,Printer,Office,North,9,13110,117990,Cash,Distributor
1304,2026-04-26,C1817,Tablet,Electronics,Northeast,6,27016,162096,Debit Card,Online
1305,2026-04-17,C1051,Mouse,Accessories,West,3,1566,4698,Net Banking,Store
1306,2026-08-13,C2638,Printer,Office,Central,3,11965,35895,Credit Card,Store
1307,2026-11-23,C2394,Headphones,Accessories,Northeast,3,4126,12378,Credit Card,Store
1308,2026-10-03,C2765,Desk,Furniture,Northeast,6,13786,82716,Debit Card,Store
1309,2026-08-22,C2900,Laptop,Electronics,South,9,65706,591354,Net Banking,Online
1310,2026-12-07,C2670,Mouse,Accessories,North,5,1536,7680,UPI,Store
1311,2026-09-13,C1520,Headphones,Accessories,Northeast,10,3656,36560,Cash,Distributor
1312,2026-07-18,C2569,Mouse,Accessories,North,10,1533,15330,Debit Card,Store
1313,2026-11-11,C2048,Headphones,Accessories,North,4,4066,16264,Cash,Store
1314,2026-01-01,C1286,Office Chair,Furniture,South,2,10695,21390,Net Banking,Online
1315,2026-04-24,C1094,Desk,Furniture,Central,5,13621,68105,Debit Card,Distributor
1316,2026-07-14,C1354,Printer,Office,West,4,11179,44716,Credit Card,Online
1317,2026-04-01,C1602,Monitor,Electronics,North,10,18889,188890,Net Banking,Distributor
1318,2026-05-12,C1220,Mouse,Accessories,East,1,1403,1403,Net Banking,Distributor
1319,2026-02-15,C2609,Keyboard,Accessories,South,2,2795,5590,UPI,Store
1320,2026-10-23,C1475,Mobile,Electronics,Central,9,26504,238536,Credit Card,Store
1321,2026-12-14,C2560,Headphones,Accessories,Northeast,1,4161,4161,Net Banking,Distributor
1322,2026-10-14,C1346,Mouse,Accessories,Northeast,8,1352,10816,Debit Card,Online
1323,2026-01-18,C1337,Laptop,Electronics,Northeast,2,63629,127258,Credit Card,Store
1324,2026-05-16,C1779,Tablet,Electronics,North,6,31474,188844,UPI,Distributor
1325,2026-05-07,C1433,Headphones,Accessories,West,6,3752,22512,Net Banking,Store
1326,2026-10-26,C1241,Mobile,Electronics,South,6,24229,145374,Net Banking,Store
1327,2026-04-03,C2375,Keyboard,Accessories,Northeast,1,3261,3261,Debit Card,Online
1328,2026-03-31,C1125,Keyboard,Accessories,Central,10,2867,28670,UPI,Store
1329,2026-03-14,C1034,Printer,Office,North,6,12799,76794,Cash,Distributor
1330,2026-05-20,C2294,Monitor,Electronics,North,6,21629,129774,Cash,Distributor
1331,2026-10-07,C2467,Mouse,Accessories,Northeast,2,1523,3046,Debit Card,Online
1332,2026-11-03,C1530,Monitor,Electronics,Northeast,7,18492,129444,Cash,Store
1333,2026-04-03,C1964,Desk,Furniture,Central,6,13553,81318,Cash,Online
1334,2026-07-10,C2082,Office Chair,Furniture,East,10,9347,93470,Credit Card,Distributor
1335,2026-02-12,C2700,Desk,Furniture,Central,1,15945,15945,Net Banking,Store
1336,2026-02-01,C1026,Monitor,Electronics,East,6,20573,123438,Debit Card,Distributor
1337,2026-07-08,C2087,Monitor,Electronics,South,2,19657,39314,UPI,Online
1338,2026-04-27,C1062,Desk,Furniture,Central,2,16229,32458,Debit Card,Online
1339,2026-03-06,C2417,Monitor,Electronics,Northeast,2,19071,38142,UPI,Distributor
1340,2026-10-05,C2816,Printer,Office,North,2,11620,23240,UPI,Online
1341,2026-12-17,C2417,Tablet,Electronics,North,6,31392,188352,Cash,Store
1342,2026-06-01,C2654,Printer,Office,West,7,12254,85778,Net Banking,Online
1343,2026-04-22,C1515,Mouse,Accessories,Northeast,1,1550,1550,Credit Card,Distributor
1344,2026-10-24,C2372,Mobile,Electronics,Central,10,24341,243410,Cash,Distributor
1345,2026-10-04,C1692,Laptop,Electronics,West,5,54178,270890,UPI,Distributor
1346,2026-06-27,C2617,Monitor,Electronics,South,9,19615,176535,UPI,Store
1347,2026-11-05,C2043,Mobile,Electronics,North,10,22819,228190,UPI,Online
1348,2026-09-17,C2626,Keyboard,Accessories,Northeast,6,2861,17166,Credit Card,Distributor
1349,2026-10-19,C1833,Monitor,Electronics,North,8,19916,159328,UPI,Store
1350,2026-09-26,C1916,Mouse,Accessories,North,9,1591,14319,Debit Card,Distributor
1351,2026-01-06,C2429,Desk,Furniture,South,1,15355,15355,Debit Card,Distributor
1352,2026-09-16,C1451,Tablet,Electronics,North,5,29725,148625,Credit Card,Distributor
1353,2026-02-16,C1186,Office Chair,Furniture,South,6,9560,57360,Credit Card,Distributor
1354,2026-02-28,C2669,Desk,Furniture,East,10,14985,149850,Net Banking,Store
1355,2026-11-17,C1635,Mouse,Accessories,East,3,1472,4416,Debit Card,Online
1356,2026-01-20,C2532,Headphones,Accessories,North,6,3916,23496,Credit Card,Store
1357,2026-11-02,C2762,Headphones,Accessories,South,2,4372,8744,Net Banking,Online
1358,2026-06-28,C2695,Mobile,Electronics,West,2,26560,53120,Credit Card,Online
1359,2026-01-08,C2056,Keyboard,Accessories,Northeast,4,2757,11028,UPI,Store
1360,2026-07-06,C1481,Office Chair,Furniture,West,1,10187,10187,UPI,Distributor
1361,2026-07-09,C2449,Printer,Office,East,2,11217,22434,Cash,Distributor
1362,2026-08-25,C2373,Office Chair,Furniture,West,1,9043,9043,Net Banking,Store
1363,2026-02-04,C1690,Office Chair,Furniture,South,10,9848,98480,Cash,Distributor
1364,2026-03-21,C1116,Headphones,Accessories,South,2,4365,8730,Cash,Distributor
1365,2026-01-23,C1093,Keyboard,Accessories,Central,5,3075,15375,Debit Card,Online
1366,2026-11-13,C1951,Office Chair,Furniture,West,6,9447,56682,Credit Card,Store
1367,2026-09-07,C2876,Headphones,Accessories,South,1,3958,3958,Debit Card,Store
1368,2026-02-02,C1545,Tablet,Electronics,Northeast,5,27723,138615,Credit Card,Distributor
1369,2026-02-27,C1578,Mobile,Electronics,South,3,23755,71265,Cash,Distributor
1370,2026-01-15,C2083,Tablet,Electronics,North,8,32251,258008,Net Banking,Online
1371,2026-08-12,C2744,Mouse,Accessories,North,8,1496,11968,Credit Card,Online
1372,2026-10-28,C1417,Mobile,Electronics,West,8,25605,204840,Debit Card,Distributor
1373,2026-01-10,C2118,Mobile,Electronics,West,6,26725,160350,UPI,Online
1374,2026-11-16,C2872,Headphones,Accessories,Central,6,3901,23406,Debit Card,Distributor
1375,2026-04-14,C1172,Office Chair,Furniture,East,10,10722,107220,Cash,Store
1376,2026-11-06,C2269,Office Chair,Furniture,Northeast,6,9855,59130,UPI,Distributor
1377,2026-07-12,C1403,Mobile,Electronics,Central,10,26541,265410,UPI,Distributor
1378,2026-11-04,C2264,Laptop,Electronics,North,7,56400,394800,Net Banking,Online
1379,2026-04-28,C2109,Mouse,Accessories,West,10,1453,14530,UPI,Online
1380,2026-08-20,C2570,Headphones,Accessories,West,1,4166,4166,Cash,Distributor
1381,2026-06-04,C1140,Printer,Office,North,3,12782,38346,Net Banking,Distributor
1382,2026-07-08,C2851,Printer,Office,North,7,12177,85239,Debit Card,Store
1383,2026-09-18,C1390,Headphones,Accessories,Northeast,2,4151,8302,Debit Card,Online
1384,2026-08-22,C2606,Mouse,Accessories,West,6,1578,9468,Cash,Store
1385,2026-04-04,C1452,Keyboard,Accessories,Northeast,2,3120,6240,Credit Card,Store
1386,2026-10-23,C1419,Mobile,Electronics,Central,8,27242,217936,Debit Card,Store
1387,2026-08-19,C2769,Laptop,Electronics,Northeast,3,55862,167586,UPI,Online
1388,2026-10-23,C1194,Mouse,Accessories,West,5,1420,7100,Cash,Distributor
1389,2026-09-04,C2515,Mobile,Electronics,South,7,22983,160881,Debit Card,Online
1390,2026-05-10,C1638,Mobile,Electronics,North,7,25106,175742,Debit Card,Store
1391,2026-01-24,C1200,Headphones,Accessories,Central,9,3980,35820,UPI,Distributor
1392,2026-08-07,C2931,Printer,Office,West,8,11966,95728,UPI,Online
1393,2026-10-24,C2796,Laptop,Electronics,Central,7,57960,405720,Net Banking,Store
1394,2026-03-01,C1812,Headphones,Accessories,Central,7,3614,25298,Cash,Distributor
1395,2026-12-03,C2135,Tablet,Electronics,East,9,32485,292365,UPI,Online
1396,2026-08-24,C1913,Mobile,Electronics,South,9,24457,220113,Debit Card,Store
1397,2026-01-11,C2944,Monitor,Electronics,Northeast,2,19133,38266,Debit Card,Store
1398,2026-02-07,C2080,Keyboard,Accessories,South,9,3165,28485,UPI,Store
1399,2026-05-31,C2873,Laptop,Electronics,North,7,61546,430822,Net Banking,Store
1400,2026-03-02,C2596,Laptop,Electronics,Northeast,5,54754,273770,Debit Card,Online
1401,2026-05-26,C1922,Printer,Office,South,10,10994,109940,UPI,Online
1402,2026-01-29,C1826,Mobile,Electronics,Central,7,27353,191471,Debit Card,Store
1403,2026-07-08,C1223,Mobile,Electronics,South,1,24693,24693,UPI,Online
1404,2026-05-11,C1574,Monitor,Electronics,West,4,20434,81736,UPI,Online
1405,2026-03-09,C2192,Tablet,Electronics,South,5,27983,139915,Debit Card,Store
1406,2026-11-01,C1035,Mouse,Accessories,West,8,1621,12968,Debit Card,Store
1407,2026-08-16,C2052,Mouse,Accessories,East,2,1623,3246,Credit Card,Online
1408,2026-12-07,C1790,Mouse,Accessories,West,4,1354,5416,Cash,Online
1409,2026-01-03,C1073,Tablet,Electronics,Northeast,10,31380,313800,Debit Card,Distributor
1410,2026-01-10,C2546,Mobile,Electronics,East,4,23593,94372,Cash,Distributor
1411,2026-07-01,C2498,Laptop,Electronics,Central,4,61785,247140,Debit Card,Distributor
1412,2026-01-12,C2881,Office Chair,Furniture,Northeast,2,9266,18532,UPI,Distributor
1413,2026-10-09,C2864,Printer,Office,Central,9,11445,103005,Credit Card,Store
1414,2026-05-14,C2510,Mobile,Electronics,South,10,23869,238690,UPI,Distributor
1415,2026-01-31,C1500,Keyboard,Accessories,South,3,2881,8643,Debit Card,Online
1416,2026-09-25,C1197,Printer,Office,West,3,11809,35427,Cash,Distributor
1417,2026-06-05,C1721,Mouse,Accessories,North,6,1554,9324,Credit Card,Store
1418,2026-01-16,C1942,Headphones,Accessories,Northeast,2,3744,7488,UPI,Distributor
1419,2026-01-06,C1967,Mobile,Electronics,Northeast,8,23332,186656,Credit Card,Distributor
1420,2026-02-16,C2286,Office Chair,Furniture,Northeast,2,10918,21836,UPI,Distributor
1421,2026-01-25,C1184,Laptop,Electronics,West,10,57307,573070,Debit Card,Store
1422,2026-04-10,C1561,Headphones,Accessories,North,5,4114,20570,Net Banking,Store
1423,2026-02-14,C2032,Mouse,Accessories,East,2,1354,2708,UPI,Store
1424,2026-09-27,C1067,Mobile,Electronics,East,2,25916,51832,Debit Card,Distributor
1425,2026-05-29,C1582,Desk,Furniture,Central,1,13918,13918,UPI,Distributor
1426,2026-07-22,C1531,Monitor,Electronics,South,10,21492,214920,Cash,Distributor
1427,2026-05-12,C2656,Printer,Office,North,4,12967,51868,UPI,Distributor
1428,2026-11-19,C2243,Printer,Office,South,5,10904,54520,UPI,Distributor
1429,2026-12-24,C1394,Printer,Office,Northeast,5,11711,58555,UPI,Distributor
1430,2026-11-30,C1158,Office Chair,Furniture,Northeast,3,9548,28644,Credit Card,Online
1431,2026-04-03,C1827,Keyboard,Accessories,North,7,2821,19747,Cash,Distributor
1432,2026-05-07,C1536,Monitor,Electronics,West,10,20987,209870,Cash,Distributor
1433,2026-04-12,C1449,Desk,Furniture,Northeast,2,13703,27406,UPI,Online
1434,2026-03-04,C2151,Mouse,Accessories,West,4,1486,5944,Cash,Online
1435,2026-04-01,C2897,Headphones,Accessories,Central,1,3832,3832,Credit Card,Online
1436,2026-07-07,C1043,Monitor,Electronics,East,7,20675,144725,Cash,Distributor
1437,2026-09-21,C2250,Printer,Office,East,6,13119,78714,Cash,Distributor
1438,2026-08-10,C2719,Laptop,Electronics,North,6,64003,384018,Net Banking,Online
1439,2026-05-10,C2701,Office Chair,Furniture,Central,7,10933,76531,Cash,Store
1440,2026-01-15,C2419,Monitor,Electronics,South,1,20651,20651,Net Banking,Store
1441,2026-10-21,C2962,Tablet,Electronics,North,5,31155,155775,Credit Card,Distributor
1442,2026-06-14,C1429,Laptop,Electronics,North,10,55285,552850,Cash,Distributor
1443,2026-08-05,C1011,Keyboard,Accessories,North,1,3210,3210,Net Banking,Online
1444,2026-03-20,C2587,Keyboard,Accessories,East,8,3129,25032,Credit Card,Distributor
1445,2026-02-20,C2773,Mouse,Accessories,West,2,1400,2800,Credit Card,Store
1446,2026-01-30,C2887,Tablet,Electronics,East,5,32548,162740,UPI,Store
1447,2026-11-12,C2842,Monitor,Electronics,North,1,18047,18047,Credit Card,Store
1448,2026-10-22,C2203,Printer,Office,West,10,12492,124920,Cash,Store
1449,2026-03-27,C1427,Office Chair,Furniture,North,8,10541,84328,Debit Card,Online
1450,2026-04-19,C2804,Tablet,Electronics,West,6,27619,165714,Credit Card,Distributor
1451,2026-09-20,C2942,Mobile,Electronics,West,6,25586,153516,UPI,Store
1452,2026-12-09,C2632,Desk,Furniture,Central,5,14074,70370,UPI,Store
1453,2026-09-15,C2711,Monitor,Electronics,East,5,20650,103250,UPI,Store
1454,2026-02-22,C1884,Tablet,Electronics,Central,8,31316,250528,Cash,Store
1455,2026-08-03,C2990,Mouse,Accessories,South,6,1408,8448,Debit Card,Distributor
1456,2026-08-13,C1095,Monitor,Electronics,Central,6,20651,123906,Credit Card,Store
1457,2026-09-09,C2038,Tablet,Electronics,East,6,29283,175698,Debit Card,Distributor
1458,2026-11-30,C1195,Mouse,Accessories,Northeast,1,1370,1370,Net Banking,Store
1459,2026-01-26,C1009,Printer,Office,South,8,12685,101480,UPI,Store
1460,2026-12-27,C2458,Keyboard,Accessories,Central,10,2973,29730,UPI,Distributor
1461,2026-04-08,C1745,Monitor,Electronics,South,7,21686,151802,Credit Card,Distributor
1462,2026-07-23,C1826,Laptop,Electronics,South,6,65228,391368,Cash,Store
1463,2026-07-16,C2381,Laptop,Electronics,South,6,61124,366744,Net Banking,Online
1464,2026-01-19,C1757,Mouse,Accessories,Central,5,1497,7485,UPI,Store
1465,2026-10-23,C2123,Desk,Furniture,Northeast,2,16473,32946,Credit Card,Distributor
1466,2026-12-17,C2416,Desk,Furniture,North,6,14819,88914,Net Banking,Store
1467,2026-05-05,C1743,Mouse,Accessories,North,7,1494,10458,Credit Card,Distributor
1468,2026-10-06,C2085,Tablet,Electronics,Northeast,10,31329,313290,Debit Card,Store
1469,2026-07-29,C1093,Laptop,Electronics,Northeast,2,55006,110012,UPI,Online
1470,2026-06-01,C2262,Keyboard,Accessories,East,2,3074,6148,Debit Card,Store
1471,2026-04-11,C1015,Tablet,Electronics,West,10,28136,281360,Debit Card,Online
1472,2026-06-11,C2443,Mobile,Electronics,Central,10,25791,257910,Cash,Store
1473,2026-09-07,C1178,Laptop,Electronics,East,5,64513,322565,Net Banking,Distributor
1474,2026-06-09,C2149,Laptop,Electronics,West,1,59741,59741,Credit Card,Distributor
1475,2026-02-21,C2681,Office Chair,Furniture,South,6,9927,59562,Debit Card,Distributor
1476,2026-08-09,C1617,Keyboard,Accessories,Central,8,3126,25008,Credit Card,Distributor
1477,2026-12-21,C1681,Tablet,Electronics,South,4,28196,112784,Debit Card,Store
1478,2026-12-17,C1966,Keyboard,Accessories,Northeast,10,3144,31440,Debit Card,Online
1479,2026-03-27,C2053,Headphones,Accessories,Central,9,3634,32706,Debit Card,Online
1480,2026-10-23,C2646,Office Chair,Furniture,West,2,10278,20556,Debit Card,Distributor
1481,2026-04-13,C2395,Mouse,Accessories,West,7,1558,10906,Credit Card,Store
1482,2026-03-21,C2447,Headphones,Accessories,North,2,4365,8730,Net Banking,Store
1483,2026-10-30,C2555,Mobile,Electronics,Northeast,10,23275,232750,UPI,Online
1484,2026-01-27,C1184,Printer,Office,South,3,11049,33147,Net Banking,Online
1485,2026-03-20,C2927,Monitor,Electronics,North,3,18695,56085,Net Banking,Store
1486,2026-01-20,C2361,Mouse,Accessories,Central,7,1397,9779,Credit Card,Store
1487,2026-10-04,C2927,Keyboard,Accessories,West,5,3290,16450,Credit Card,Store
1488,2026-06-26,C1652,Monitor,Electronics,Northeast,6,19927,119562,Credit Card,Online
1489,2026-06-11,C2630,Printer,Office,South,7,12359,86513,Credit Card,Online
1490,2026-08-07,C1715,Printer,Office,West,9,11460,103140,Debit Card,Distributor
1491,2026-12-15,C2476,Monitor,Electronics,East,9,20276,182484,Debit Card,Online
1492,2026-04-23,C2989,Office Chair,Furniture,West,7,9497,66479,Cash,Store
1493,2026-11-19,C1959,Headphones,Accessories,East,7,4131,28917,Debit Card,Online
1494,2026-04-26,C2372,Desk,Furniture,East,8,15448,123584,Debit Card,Store
1495,2026-11-03,C2773,Tablet,Electronics,West,5,28275,141375,Debit Card,Online
1496,2026-06-10,C1912,Office Chair,Furniture,West,8,10964,87712,Net Banking,Online
1497,2026-07-28,C2562,Office Chair,Furniture,Northeast,5,10455,52275,Cash,Store
1498,2026-12-03,C2979,Mobile,Electronics,Northeast,9,25592,230328,Debit Card,Online
1499,2026-10-16,C1377,Tablet,Electronics,East,8,32092,256736,Net Banking,Distributor
1500,2026-01-03,C1996,Tablet,Electronics,Central,2,30912,61824,Cash,Store
1501,2026-04-01,C2123,Printer,Office,South,3,12873,38619,Cash,Store
1502,2026-11-26,C1067,Mobile,Electronics,North,9,23038,207342,UPI,Distributor
1503,2026-08-12,C2311,Monitor,Electronics,Central,5,18230,91150,Credit Card,Distributor
1504,2026-09-20,C2042,Monitor,Electronics,West,8,19516,156128,Net Banking,Store
1505,2026-05-16,C2352,Mobile,Electronics,East,6,25112,150672,Cash,Online
1506,2026-09-24,C1879,Laptop,Electronics,Northeast,9,65858,592722,Net Banking,Online
1507,2026-08-04,C1078,Desk,Furniture,South,4,14689,58756,Credit Card,Store
1508,2026-06-19,C2947,Tablet,Electronics,East,6,29196,175176,UPI,Store
1509,2026-07-22,C2908,Desk,Furniture,East,9,14093,126837,Debit Card,Online
1510,2026-09-08,C1780,Office Chair,Furniture,North,5,9090,45450,UPI,Distributor
1511,2026-12-14,C2152,Monitor,Electronics,Central,9,19463,175167,Net Banking,Store
1512,2026-03-05,C2514,Mouse,Accessories,North,1,1407,1407,Debit Card,Store
1513,2026-12-03,C1727,Headphones,Accessories,Central,8,4199,33592,Credit Card,Online
1514,2026-12-02,C2359,Printer,Office,Central,4,12900,51600,UPI,Distributor
1515,2026-05-17,C2309,Printer,Office,Central,9,11265,101385,Credit Card,Distributor
1516,2026-07-21,C1761,Headphones,Accessories,West,8,3738,29904,Debit Card,Store
1517,2026-07-28,C2134,Printer,Office,North,6,12007,72042,Net Banking,Distributor
1518,2026-10-02,C1489,Tablet,Electronics,West,10,27679,276790,Credit Card,Distributor
1519,2026-09-08,C1500,Office Chair,Furniture,West,3,9643,28929,UPI,Distributor
1520,2026-06-04,C2913,Laptop,Electronics,Northeast,5,65196,325980,Credit Card,Distributor
1521,2026-06-21,C2601,Printer,Office,North,9,11194,100746,Net Banking,Distributor
1522,2026-02-16,C2231,Mouse,Accessories,Northeast,8,1567,12536,Debit Card,Online
1523,2026-05-30,C1108,Headphones,Accessories,Northeast,5,3773,18865,Debit Card,Distributor
1524,2026-01-21,C1922,Mobile,Electronics,West,2,23850,47700,Credit Card,Distributor
1525,2026-11-12,C1667,Desk,Furniture,South,2,14550,29100,Debit Card,Online
1526,2026-02-21,C2001,Laptop,Electronics,North,3,60765,182295,Debit Card,Distributor
1527,2026-03-30,C1548,Desk,Furniture,East,6,14638,87828,Debit Card,Online
1528,2026-10-11,C2348,Mouse,Accessories,Northeast,8,1485,11880,Net Banking,Online
1529,2026-07-11,C2649,Office Chair,Furniture,East,1,10474,10474,UPI,Store
1530,2026-10-25,C1430,Printer,Office,West,6,10819,64914,Net Banking,Online
1531,2026-05-06,C1542,Mobile,Electronics,North,3,25774,77322,Cash,Online
1532,2026-08-13,C2745,Keyboard,Accessories,North,3,2823,8469,Cash,Online
1533,2026-09-08,C1817,Desk,Furniture,North,8,13709,109672,Debit Card,Store
1534,2026-09-25,C1803,Monitor,Electronics,Northeast,10,20391,203910,Debit Card,Store
1535,2026-04-13,C1228,Mouse,Accessories,Northeast,5,1498,7490,UPI,Distributor
1536,2026-08-31,C2639,Printer,Office,West,1,12485,12485,Debit Card,Store
1537,2026-04-18,C2519,Office Chair,Furniture,West,2,9481,18962,UPI,Distributor
1538,2026-12-25,C1153,Tablet,Electronics,South,7,28060,196420,UPI,Store
1539,2026-02-24,C1290,Printer,Office,South,7,12227,85589,Cash,Online
1540,2026-03-16,C1172,Desk,Furniture,Northeast,1,16328,16328,Net Banking,Online
1541,2026-11-11,C2358,Mouse,Accessories,East,1,1566,1566,Credit Card,Distributor
1542,2026-03-10,C2705,Desk,Furniture,North,3,14109,42327,Credit Card,Store
1543,2026-02-17,C2508,Mobile,Electronics,Northeast,10,23636,236360,Debit Card,Store
1544,2026-11-03,C2598,Tablet,Electronics,South,1,28847,28847,UPI,Distributor
1545,2026-03-25,C2695,Tablet,Electronics,East,6,29449,176694,Debit Card,Online
1546,2026-01-07,C2502,Headphones,Accessories,East,1,4194,4194,Cash,Store
1547,2026-06-22,C1403,Printer,Office,Northeast,8,11963,95704,Credit Card,Store
1548,2026-11-12,C1781,Mouse,Accessories,West,8,1377,11016,UPI,Online
1549,2026-04-11,C2078,Tablet,Electronics,North,10,27125,271250,Credit Card,Online
1550,2026-08-11,C2715,Office Chair,Furniture,East,9,9532,85788,UPI,Store
1551,2026-12-16,C2632,Keyboard,Accessories,Central,6,2796,16776,UPI,Distributor
1552,2026-05-24,C2292,Mobile,Electronics,Central,6,25980,155880,Net Banking,Online
1553,2026-10-13,C1184,Desk,Furniture,South,8,15814,126512,Cash,Online
1554,2026-03-20,C2457,Headphones,Accessories,West,9,3884,34956,UPI,Distributor
1555,2026-11-27,C2314,Mobile,Electronics,Central,6,25064,150384,Net Banking,Distributor
1556,2026-07-13,C1744,Printer,Office,East,9,11896,107064,Cash,Online
1557,2026-05-18,C2233,Mobile,Electronics,Northeast,1,23131,23131,Cash,Online
1558,2026-12-12,C1766,Office Chair,Furniture,North,8,9315,74520,UPI,Store
1559,2026-05-18,C1327,Desk,Furniture,East,7,14348,100436,Debit Card,Store
1560,2026-05-09,C1809,Mobile,Electronics,West,1,25965,25965,Net Banking,Online
1561,2026-10-28,C1645,Mobile,Electronics,North,2,25995,51990,Cash,Distributor
1562,2026-05-03,C2369,Mobile,Electronics,Central,5,23530,117650,Cash,Store
1563,2026-06-07,C1035,Laptop,Electronics,Central,2,65658,131316,UPI,Distributor
1564,2026-06-26,C1953,Mobile,Electronics,North,1,22590,22590,Debit Card,Online
1565,2026-04-10,C2629,Mobile,Electronics,East,1,26574,26574,Debit Card,Store
1566,2026-10-27,C2456,Printer,Office,South,1,12476,12476,Credit Card,Distributor
1567,2026-09-27,C2509,Tablet,Electronics,South,6,30749,184494,Cash,Store
1568,2026-07-26,C1754,Printer,Office,South,5,12402,62010,Credit Card,Store
1569,2026-12-07,C1814,Tablet,Electronics,Central,2,32956,65912,UPI,Online
1570,2026-07-20,C2585,Laptop,Electronics,North,8,60809,486472,Cash,Online
1571,2026-07-07,C1299,Desk,Furniture,North,3,14149,42447,UPI,Distributor
1572,2026-10-30,C1396,Monitor,Electronics,Central,8,20737,165896,Debit Card,Distributor
1573,2026-02-22,C1285,Laptop,Electronics,Northeast,10,65872,658720,Credit Card,Online
1574,2026-10-15,C2109,Office Chair,Furniture,South,7,10944,76608,UPI,Store
1575,2026-09-07,C2861,Laptop,Electronics,North,2,65905,131810,Debit Card,Distributor
1576,2026-06-21,C2312,Mobile,Electronics,Northeast,1,26323,26323,Debit Card,Online
1577,2026-08-21,C2043,Office Chair,Furniture,East,9,9261,83349,Credit Card,Distributor
1578,2026-10-23,C2017,Headphones,Accessories,North,3,4316,12948,Debit Card,Store
1579,2026-03-31,C1018,Mobile,Electronics,South,9,23367,210303,Net Banking,Distributor
1580,2026-09-08,C2272,Mobile,Electronics,Northeast,2,26213,52426,Cash,Online
1581,2026-02-22,C1005,Office Chair,Furniture,East,4,9600,38400,Debit Card,Online
1582,2026-09-24,C1779,Printer,Office,North,6,12556,75336,Debit Card,Distributor
1583,2026-02-10,C2444,Printer,Office,West,2,11580,23160,UPI,Store
1584,2026-02-10,C2386,Mobile,Electronics,Central,4,25935,103740,Debit Card,Online
1585,2026-05-26,C1659,Mouse,Accessories,Northeast,6,1554,9324,UPI,Online
1586,2026-02-07,C1003,Printer,Office,Central,6,12693,76158,Credit Card,Distributor
1587,2026-03-12,C2482,Laptop,Electronics,Central,2,58378,116756,Cash,Store
1588,2026-10-26,C2553,Laptop,Electronics,South,3,65150,195450,Credit Card,Store
1589,2026-09-11,C2799,Laptop,Electronics,South,5,57041,285205,Cash,Store
1590,2026-11-27,C1348,Tablet,Electronics,North,7,28915,202405,Credit Card,Online
1591,2026-10-12,C1817,Office Chair,Furniture,West,9,10742,96678,UPI,Online
1592,2026-07-05,C2122,Mouse,Accessories,North,3,1577,4731,Net Banking,Online
1593,2026-08-25,C1337,Tablet,Electronics,Northeast,8,28732,229856,Credit Card,Store
1594,2026-04-01,C2201,Laptop,Electronics,North,7,63423,443961,UPI,Store
1595,2026-02-07,C2949,Tablet,Electronics,South,5,30225,151125,Cash,Store
1596,2026-12-03,C1547,Monitor,Electronics,Central,4,20651,82604,Credit Card,Store
1597,2026-07-23,C1647,Tablet,Electronics,North,9,29538,265842,Cash,Store
1598,2026-12-13,C1337,Tablet,Electronics,Northeast,2,28429,56858,Credit Card,Store
1599,2026-08-08,C1563,Monitor,Electronics,North,2,18337,36674,UPI,Store
1600,2026-04-14,C1544,Mobile,Electronics,South,10,24280,242800,Cash,Store
1601,2026-12-28,C2399,Keyboard,Accessories,East,5,3056,15280,Debit Card,Store
1602,2026-01-23,C1221,Office Chair,Furniture,West,2,10413,20826,Cash,Online
1603,2026-11-20,C2039,Printer,Office,North,10,12725,127250,Cash,Distributor
1604,2026-05-20,C1269,Office Chair,Furniture,South,3,10297,30891,Cash,Distributor
1605,2026-01-01,C1051,Monitor,Electronics,East,5,21812,109060,UPI,Distributor
1606,2026-04-11,C1716,Mouse,Accessories,Central,6,1424,8544,Net Banking,Online
1607,2026-01-17,C2167,Desk,Furniture,Northeast,3,14157,42471,Debit Card,Distributor
1608,2026-12-16,C2589,Keyboard,Accessories,West,9,2757,24813,UPI,Online
1609,2026-08-14,C2384,Headphones,Accessories,West,8,3654,29232,UPI,Distributor
1610,2026-09-16,C2007,Office Chair,Furniture,Northeast,1,10563,10563,Net Banking,Store
1611,2026-12-29,C1903,Printer,Office,Central,8,12122,96976,Cash,Distributor
1612,2026-02-21,C2181,Printer,Office,North,5,13079,65395,Debit Card,Store
1613,2026-02-21,C2561,Mouse,Accessories,East,2,1547,3094,UPI,Online
1614,2026-04-21,C1713,Mobile,Electronics,North,9,25184,226656,Net Banking,Distributor
1615,2026-09-24,C2705,Monitor,Electronics,West,8,19310,154480,Credit Card,Online
1616,2026-02-05,C2479,Keyboard,Accessories,East,6,3183,19098,Credit Card,Online
1617,2026-09-18,C1850,Desk,Furniture,South,1,14265,14265,Net Banking,Store
1618,2026-08-31,C1123,Headphones,Accessories,Northeast,10,4343,43430,Debit Card,Distributor
1619,2026-01-12,C2506,Mouse,Accessories,North,9,1582,14238,Net Banking,Store
1620,2026-11-24,C1406,Tablet,Electronics,North,9,32815,295335,Net Banking,Store
1621,2026-02-02,C1743,Desk,Furniture,North,1,13691,13691,Debit Card,Store
1622,2026-12-31,C1173,Monitor,Electronics,South,3,20677,62031,Net Banking,Store
1623,2026-06-24,C1791,Laptop,Electronics,East,10,64795,647950,Debit Card,Store
1624,2026-10-21,C1489,Tablet,Electronics,East,4,31445,125780,Credit Card,Distributor
1625,2026-04-11,C1276,Laptop,Electronics,East,8,59396,475168,Net Banking,Distributor
1626,2026-12-31,C1618,Mouse,Accessories,Central,7,1371,9597,Net Banking,Distributor
1627,2026-03-02,C2080,Mobile,Electronics,Northeast,3,27283,81849,Credit Card,Store
1628,2026-05-30,C1784,Headphones,Accessories,North,9,3857,34713,Credit Card,Store
1629,2026-08-01,C1894,Headphones,Accessories,Central,10,4134,41340,Debit Card,Online
1630,2026-04-21,C1918,Laptop,Electronics,West,10,60300,603000,Net Banking,Store
1631,2026-04-09,C2156,Desk,Furniture,South,8,14415,115320,Net Banking,Distributor
1632,2026-03-21,C1219,Tablet,Electronics,East,7,28614,200298,Credit Card,Store
1633,2026-10-25,C2519,Office Chair,Furniture,Central,1,9441,9441,Net Banking,Distributor
1634,2026-10-14,C2884,Monitor,Electronics,North,10,19622,196220,Credit Card,Distributor
1635,2026-01-16,C1147,Keyboard,Accessories,West,7,2895,20265,Cash,Online
1636,2026-10-30,C2900,Mouse,Accessories,North,2,1384,2768,Cash,Distributor
1637,2026-02-19,C1210,Mobile,Electronics,Northeast,10,24869,248690,UPI,Store
1638,2026-06-11,C2229,Mobile,Electronics,West,6,24265,145590,Cash,Store
1639,2026-02-19,C1639,Monitor,Electronics,North,6,20253,121518,Net Banking,Online
1640,2026-04-02,C2522,Headphones,Accessories,West,10,3861,38610,Net Banking,Distributor
1641,2026-07-09,C1861,Desk,Furniture,North,9,14160,127440,Credit Card,Distributor
1642,2026-09-14,C2712,Office Chair,Furniture,North,7,9400,65800,Debit Card,Online
1643,2026-07-30,C2426,Printer,Office,East,3,11459,34377,UPI,Store
1644,2026-01-23,C1360,Printer,Office,West,8,13006,104048,Credit Card,Store
1645,2026-05-28,C1125,Office Chair,Furniture,Northeast,5,10296,51480,Debit Card,Store
1646,2026-03-14,C2035,Headphones,Accessories,Central,9,3891,35019,Cash,Online
1647,2026-09-20,C1599,Monitor,Electronics,North,2,20237,40474,Cash,Distributor
1648,2026-04-13,C1010,Headphones,Accessories,North,8,3945,31560,Cash,Store
1649,2026-03-07,C2372,Mobile,Electronics,West,8,23622,188976,Net Banking,Online
1650,2026-07-19,C2144,Tablet,Electronics,North,7,32488,227416,UPI,Online
1651,2026-05-22,C2427,Mobile,Electronics,North,7,27075,189525,Net Banking,Distributor
1652,2026-03-09,C1398,Office Chair,Furniture,East,9,9322,83898,Debit Card,Online
1653,2026-08-16,C1952,Mouse,Accessories,Central,6,1615,9690,UPI,Store
1654,2026-07-19,C2396,Desk,Furniture,Central,5,13775,68875,UPI,Store
1655,2026-05-06,C2121,Headphones,Accessories,West,4,4099,16396,UPI,Store
1656,2026-11-29,C2372,Monitor,Electronics,North,3,20751,62253,Net Banking,Store
1657,2026-07-17,C1104,Tablet,Electronics,Central,4,28521,114084,Credit Card,Distributor
1658,2026-01-05,C2272,Printer,Office,South,8,10990,87920,Credit Card,Distributor
1659,2026-08-11,C2041,Tablet,Electronics,Central,9,32756,294804,Net Banking,Store
1660,2026-02-05,C2008,Desk,Furniture,North,10,15397,153970,Net Banking,Online
1661,2026-09-26,C2056,Desk,Furniture,North,7,16473,115311,Credit Card,Distributor
1662,2026-06-09,C1209,Mobile,Electronics,South,4,23007,92028,Credit Card,Online
1663,2026-10-17,C1674,Monitor,Electronics,South,6,19498,116988,Credit Card,Online
1664,2026-01-20,C2791,Headphones,Accessories,South,9,3836,34524,Net Banking,Distributor
1665,2026-04-23,C2855,Mouse,Accessories,East,10,1438,14380,Credit Card,Store
1666,2026-07-21,C2290,Laptop,Electronics,North,10,61972,619720,UPI,Online
1667,2026-08-14,C1878,Laptop,Electronics,Central,8,58264,466112,Cash,Online
1668,2026-08-06,C1360,Laptop,Electronics,South,6,58191,349146,Net Banking,Distributor
1669,2026-06-25,C2124,Monitor,Electronics,North,4,18227,72908,UPI,Distributor
1670,2026-03-13,C1480,Desk,Furniture,West,6,13870,83220,Net Banking,Online
1671,2026-06-07,C2795,Office Chair,Furniture,South,6,9460,56760,Cash,Online
1672,2026-07-21,C2636,Headphones,Accessories,West,9,3648,32832,Debit Card,Online
1673,2026-11-25,C1359,Keyboard,Accessories,West,2,3047,6094,Net Banking,Store
1674,2026-07-21,C2332,Headphones,Accessories,Northeast,1,3857,3857,UPI,Distributor
1675,2026-06-21,C1381,Tablet,Electronics,Northeast,4,31833,127332,Cash,Store
1676,2026-05-05,C1835,Printer,Office,North,6,13041,78246,Net Banking,Online
1677,2026-03-31,C1023,Headphones,Accessories,East,3,4400,13200,UPI,Online
1678,2026-09-19,C1396,Mouse,Accessories,West,4,1493,5972,Credit Card,Distributor
1679,2026-04-25,C1690,Mobile,Electronics,Central,6,24173,145038,UPI,Online
1680,2026-01-04,C1651,Mouse,Accessories,North,5,1392,6960,Credit Card,Store
1681,2026-08-11,C2641,Printer,Office,Central,2,12413,24826,Credit Card,Distributor
1682,2026-02-08,C1197,Tablet,Electronics,Northeast,6,31604,189624,Debit Card,Distributor
1683,2026-02-18,C2835,Mouse,Accessories,West,4,1601,6404,Net Banking,Online
1684,2026-03-06,C2943,Monitor,Electronics,East,1,21398,21398,Debit Card,Store
1685,2026-04-03,C2879,Tablet,Electronics,East,9,27862,250758,UPI,Distributor
1686,2026-09-05,C1651,Laptop,Electronics,South,5,55399,276995,Net Banking,Store
1687,2026-05-13,C1917,Keyboard,Accessories,West,1,3238,3238,Net Banking,Online
1688,2026-01-11,C2889,Tablet,Electronics,South,4,29477,117908,Net Banking,Store
1689,2026-12-03,C2603,Keyboard,Accessories,East,8,2853,22824,Cash,Online
1690,2026-07-17,C2737,Mobile,Electronics,Northeast,10,25038,250380,UPI,Distributor
1691,2026-05-21,C1484,Mouse,Accessories,North,4,1451,5804,UPI,Online
1692,2026-01-10,C1833,Mouse,Accessories,South,10,1557,15570,Debit Card,Store
1693,2026-12-04,C2364,Desk,Furniture,South,10,15001,150010,Cash,Store
1694,2026-03-07,C1538,Monitor,Electronics,South,8,21547,172376,Cash,Store
1695,2026-07-07,C2080,Printer,Office,West,7,13146,92022,Credit Card,Store
1696,2026-02-15,C1045,Laptop,Electronics,West,10,64411,644110,UPI,Online
1697,2026-11-20,C2381,Mobile,Electronics,West,6,23848,143088,Cash,Distributor
1698,2026-09-04,C1430,Office Chair,Furniture,North,8,9126,73008,Debit Card,Store
1699,2026-12-17,C1376,Printer,Office,Central,5,12970,64850,Cash,Distributor
1700,2026-07-17,C2335,Laptop,Electronics,Northeast,9,63383,570447,UPI,Distributor
1701,2026-09-26,C2980,Keyboard,Accessories,South,6,2772,16632,Net Banking,Store
1702,2026-08-17,C2614,Printer,Office,West,1,12774,12774,Cash,Online
1703,2026-08-13,C2111,Desk,Furniture,Central,2,16402,32804,Debit Card,Distributor
1704,2026-08-14,C2376,Keyboard,Accessories,South,3,3188,9564,Debit Card,Online
1705,2026-03-27,C1743,Headphones,Accessories,South,7,3839,26873,Cash,Distributor
1706,2026-06-02,C1178,Laptop,Electronics,North,5,63052,315260,Debit Card,Distributor
1707,2026-11-09,C2888,Mouse,Accessories,Central,3,1428,4284,Cash,Online
1708,2026-04-15,C2760,Laptop,Electronics,Central,1,54785,54785,Cash,Store
1709,2026-11-05,C2422,Printer,Office,Central,8,10922,87376,Cash,Online
1710,2026-09-15,C1858,Mobile,Electronics,North,6,27498,164988,Credit Card,Store
1711,2026-04-13,C1204,Mouse,Accessories,North,10,1504,15040,Debit Card,Store
1712,2026-10-15,C2590,Headphones,Accessories,Central,6,3898,23388,Net Banking,Distributor
1713,2026-03-20,C1096,Mouse,Accessories,East,10,1367,13670,Credit Card,Online
1714,2026-09-05,C1508,Office Chair,Furniture,East,8,10001,80008,UPI,Distributor
1715,2026-06-17,C2089,Desk,Furniture,Central,3,15706,47118,Cash,Distributor
1716,2026-05-02,C1017,Tablet,Electronics,Northeast,10,30831,308310,Net Banking,Store
1717,2026-07-06,C2118,Printer,Office,West,1,11955,11955,Credit Card,Distributor
1718,2026-03-30,C2046,Mouse,Accessories,Central,1,1613,1613,Net Banking,Online
1719,2026-02-22,C2195,Tablet,Electronics,South,3,30726,92178,Debit Card,Online
1720,2026-05-27,C1366,Keyboard,Accessories,South,10,2995,29950,Cash,Distributor
1721,2026-07-31,C2591,Desk,Furniture,East,1,14865,14865,Cash,Online
1722,2026-10-03,C2770,Tablet,Electronics,East,5,28088,140440,Cash,Online
1723,2026-11-05,C2105,Monitor,Electronics,West,5,20511,102555,Credit Card,Online
1724,2026-06-04,C2932,Office Chair,Furniture,West,1,9865,9865,Cash,Online
1725,2026-03-27,C2540,Mouse,Accessories,South,5,1564,7820,Net Banking,Distributor
1726,2026-05-02,C2963,Monitor,Electronics,North,2,18474,36948,UPI,Online
1727,2026-02-09,C2107,Mouse,Accessories,South,5,1482,7410,Credit Card,Online
1728,2026-11-15,C2499,Laptop,Electronics,East,5,56617,283085,Credit Card,Online
1729,2026-10-21,C2117,Mobile,Electronics,North,6,23782,142692,Net Banking,Distributor
1730,2026-01-20,C2694,Headphones,Accessories,East,4,3706,14824,UPI,Distributor
1731,2026-05-15,C1678,Monitor,Electronics,South,1,18250,18250,Credit Card,Distributor
1732,2026-05-12,C2869,Tablet,Electronics,Central,10,29265,292650,UPI,Store
1733,2026-09-26,C2744,Desk,Furniture,Central,3,14560,43680,Credit Card,Online
1734,2026-03-15,C2372,Keyboard,Accessories,Central,7,2798,19586,Debit Card,Distributor
1735,2026-07-02,C1267,Keyboard,Accessories,West,10,3179,31790,UPI,Online
1736,2026-04-02,C1541,Monitor,Electronics,West,9,18056,162504,Net Banking,Distributor
1737,2026-07-10,C1134,Office Chair,Furniture,West,5,10262,51310,Debit Card,Online
1738,2026-05-13,C1103,Mouse,Accessories,South,7,1462,10234,Net Banking,Online
1739,2026-09-30,C2724,Mouse,Accessories,East,10,1423,14230,UPI,Store
1740,2026-03-31,C2484,Laptop,Electronics,East,2,57773,115546,Credit Card,Distributor
1741,2026-07-07,C1136,Headphones,Accessories,North,10,3817,38170,Net Banking,Distributor
1742,2026-03-21,C2651,Office Chair,Furniture,North,3,9329,27987,Credit Card,Distributor
1743,2026-11-07,C2236,Headphones,Accessories,South,2,3760,7520,UPI,Distributor
1744,2026-09-13,C1831,Keyboard,Accessories,North,2,2744,5488,Debit Card,Store
1745,2026-07-08,C2519,Printer,Office,Northeast,1,12695,12695,Net Banking,Distributor
1746,2026-10-13,C1395,Office Chair,Furniture,South,3,10680,32040,Net Banking,Distributor
1747,2026-06-02,C2163,Laptop,Electronics,North,9,56922,512298,Credit Card,Online
1748,2026-03-11,C2211,Tablet,Electronics,East,8,32867,262936,Cash,Distributor
1749,2026-08-16,C1757,Keyboard,Accessories,West,7,3228,22596,Cash,Store
1750,2026-03-19,C2263,Headphones,Accessories,Central,1,3939,3939,Debit Card,Store
1751,2026-09-18,C2882,Keyboard,Accessories,East,10,3290,32900,Credit Card,Store
1752,2026-02-11,C1076,Desk,Furniture,Central,2,15509,31018,Net Banking,Distributor
1753,2026-12-19,C1955,Tablet,Electronics,West,3,30703,92109,Net Banking,Store
1754,2026-08-01,C1588,Monitor,Electronics,South,5,20327,101635,Cash,Store
1755,2026-08-17,C1105,Mobile,Electronics,West,9,23282,209538,Cash,Distributor
1756,2026-12-08,C1487,Office Chair,Furniture,North,7,9591,67137,Debit Card,Store
1757,2026-10-24,C2423,Tablet,Electronics,Central,5,30159,150795,Credit Card,Online
1758,2026-11-19,C1477,Office Chair,Furniture,North,1,9524,9524,Credit Card,Online
1759,2026-06-15,C1914,Desk,Furniture,South,1,14029,14029,Debit Card,Store
1760,2026-06-15,C2314,Printer,Office,East,1,12280,12280,Credit Card,Distributor
1761,2026-12-07,C1854,Keyboard,Accessories,South,4,3228,12912,UPI,Store
1762,2026-10-04,C1548,Desk,Furniture,South,7,16264,113848,Credit Card,Store
1763,2026-09-24,C1008,Printer,Office,North,5,12827,64135,Credit Card,Store
1764,2026-04-07,C2941,Monitor,Electronics,East,6,20060,120360,Cash,Online
1765,2026-04-11,C1053,Mobile,Electronics,East,2,23751,47502,Credit Card,Distributor
1766,2026-07-13,C2264,Printer,Office,East,6,11353,68118,Debit Card,Store
1767,2026-05-09,C1777,Mobile,Electronics,North,10,22634,226340,Debit Card,Distributor
1768,2026-12-31,C2947,Office Chair,Furniture,South,10,10298,102980,Cash,Distributor
1769,2026-12-31,C2503,Mouse,Accessories,East,4,1628,6512,Net Banking,Store
1770,2026-02-21,C1476,Keyboard,Accessories,Central,5,2770,13850,Cash,Distributor
1771,2026-06-24,C2978,Keyboard,Accessories,East,3,3036,9108,Credit Card,Store
1772,2026-05-13,C2451,Laptop,Electronics,North,2,58535,117070,Net Banking,Online
1773,2026-10-14,C2158,Printer,Office,North,3,11388,34164,Net Banking,Store
1774,2026-10-15,C1762,Tablet,Electronics,Central,1,29715,29715,Credit Card,Distributor
1775,2026-12-07,C2001,Mobile,Electronics,West,6,23558,141348,Cash,Distributor
1776,2026-12-16,C1913,Keyboard,Accessories,North,3,3184,9552,Debit Card,Distributor
1777,2026-04-18,C2399,Desk,Furniture,North,10,14068,140680,Cash,Online
1778,2026-11-02,C2075,Office Chair,Furniture,East,4,10395,41580,Debit Card,Store
1779,2026-10-27,C1639,Printer,Office,South,2,12514,25028,Cash,Distributor
1780,2026-04-10,C2794,Mouse,Accessories,South,6,1415,8490,Cash,Online
1781,2026-12-17,C2003,Monitor,Electronics,North,6,18218,109308,Credit Card,Store
1782,2026-07-07,C2831,Mouse,Accessories,South,3,1539,4617,Net Banking,Distributor
1783,2026-06-13,C1872,Printer,Office,North,10,12981,129810,Net Banking,Store
1784,2026-10-05,C2202,Printer,Office,North,2,12985,25970,UPI,Distributor
1785,2026-10-17,C2390,Monitor,Electronics,North,6,19491,116946,Net Banking,Online
1786,2026-01-31,C1479,Keyboard,Accessories,Northeast,10,2957,29570,Net Banking,Online
1787,2026-05-15,C1595,Laptop,Electronics,Central,10,62620,626200,Net Banking,Online
1788,2026-07-05,C1271,Headphones,Accessories,South,2,3709,7418,Cash,Online
1789,2026-06-28,C1765,Monitor,Electronics,Central,4,21289,85156,Debit Card,Distributor
1790,2026-06-23,C1709,Printer,Office,South,7,12165,85155,Credit Card,Store
1791,2026-10-07,C1154,Office Chair,Furniture,Central,5,10768,53840,Debit Card,Online
1792,2026-09-09,C1690,Keyboard,Accessories,West,10,3200,32000,UPI,Store
1793,2026-08-22,C2493,Keyboard,Accessories,North,5,2794,13970,Debit Card,Distributor
1794,2026-08-04,C1118,Desk,Furniture,South,9,14540,130860,UPI,Online
1795,2026-06-01,C2228,Printer,Office,East,7,12449,87143,Credit Card,Store
1796,2026-04-19,C1550,Mobile,Electronics,Northeast,5,23287,116435,Credit Card,Online
1797,2026-02-27,C1843,Monitor,Electronics,North,9,20203,181827,Cash,Store
1798,2026-07-21,C2582,Mouse,Accessories,Central,7,1396,9772,Debit Card,Store
1799,2026-11-01,C2655,Tablet,Electronics,Northeast,3,31026,93078,UPI,Store
1800,2026-10-28,C2751,Laptop,Electronics,South,5,61636,308180,UPI,Store
1801,2026-10-02,C1238,Office Chair,Furniture,West,2,10827,21654,Debit Card,Store
1802,2026-06-02,C1104,Tablet,Electronics,North,10,27250,272500,Debit Card,Online
1803,2026-05-26,C2184,Monitor,Electronics,North,9,20346,183114,UPI,Store
1804,2026-04-26,C2792,Keyboard,Accessories,Central,3,2945,8835,Net Banking,Store
1805,2026-02-27,C2253,Office Chair,Furniture,Northeast,5,9130,45650,Cash,Store
1806,2026-10-14,C1473,Office Chair,Furniture,Northeast,7,9338,65366,UPI,Distributor
1807,2026-06-18,C2029,Mobile,Electronics,Northeast,10,23991,239910,Net Banking,Online
1808,2026-01-10,C1416,Keyboard,Accessories,East,3,3010,9030,UPI,Online
1809,2026-05-20,C1939,Laptop,Electronics,South,7,57887,405209,UPI,Online
1810,2026-03-09,C2305,Tablet,Electronics,Central,8,28913,231304,Debit Card,Store
1811,2026-07-16,C1735,Printer,Office,Northeast,4,10954,43816,Cash,Online
1812,2026-12-23,C2548,Printer,Office,North,5,12704,63520,Cash,Store
1813,2026-03-23,C1941,Mouse,Accessories,Central,2,1418,2836,UPI,Distributor
1814,2026-12-10,C1096,Monitor,Electronics,West,5,20691,103455,Debit Card,Online
1815,2026-07-11,C2272,Printer,Office,West,6,11262,67572,Net Banking,Distributor
1816,2026-02-25,C1933,Laptop,Electronics,West,8,64174,513392,Credit Card,Store
1817,2026-08-04,C2427,Keyboard,Accessories,Central,3,2926,8778,Credit Card,Distributor
1818,2026-06-18,C1221,Tablet,Electronics,East,8,30626,245008,Cash,Distributor
1819,2026-09-25,C2883,Monitor,Electronics,Northeast,6,18999,113994,Debit Card,Distributor
1820,2026-06-11,C2080,Desk,Furniture,East,6,15053,90318,UPI,Online
1821,2026-08-29,C2787,Printer,Office,East,2,11650,23300,Credit Card,Distributor
1822,2026-01-31,C2115,Monitor,Electronics,Northeast,7,21922,153454,Credit Card,Distributor
1823,2026-04-07,C2957,Tablet,Electronics,Northeast,5,30256,151280,Net Banking,Store
1824,2026-03-13,C1469,Headphones,Accessories,South,5,3625,18125,Net Banking,Distributor
1825,2026-12-22,C1239,Laptop,Electronics,West,2,63900,127800,Credit Card,Store
1826,2026-11-08,C1803,Office Chair,Furniture,West,6,10290,61740,Credit Card,Online
1827,2026-11-03,C2553,Desk,Furniture,North,7,15640,109480,Debit Card,Distributor
1828,2026-05-25,C1262,Mobile,Electronics,South,2,27320,54640,Net Banking,Store
1829,2026-01-06,C2301,Mobile,Electronics,West,2,23716,47432,Net Banking,Store
1830,2026-12-17,C2640,Mouse,Accessories,Northeast,5,1639,8195,UPI,Online
1831,2026-12-16,C1520,Mouse,Accessories,South,10,1495,14950,UPI,Store
1832,2026-01-16,C1811,Mouse,Accessories,West,6,1542,9252,Credit Card,Online
1833,2026-10-17,C1338,Office Chair,Furniture,West,2,10515,21030,Net Banking,Store
1834,2026-02-19,C1519,Keyboard,Accessories,North,5,3147,15735,Net Banking,Distributor
1835,2026-04-19,C1367,Laptop,Electronics,South,3,61016,183048,UPI,Distributor
1836,2026-08-19,C1903,Monitor,Electronics,East,6,20658,123948,Net Banking,Distributor
1837,2026-03-03,C2727,Printer,Office,South,8,12933,103464,Cash,Online
1838,2026-10-29,C2344,Office Chair,Furniture,Northeast,8,10076,80608,Debit Card,Online
1839,2026-12-03,C2183,Tablet,Electronics,North,3,32697,98091,Debit Card,Store
1840,2026-06-13,C1148,Headphones,Accessories,Central,5,3989,19945,Cash,Online
1841,2026-01-18,C1886,Tablet,Electronics,South,10,28438,284380,Cash,Distributor
1842,2026-09-17,C1446,Desk,Furniture,North,3,16252,48756,Cash,Store
1843,2026-10-01,C2688,Monitor,Electronics,Northeast,1,21473,21473,Net Banking,Store
1844,2026-04-20,C2112,Tablet,Electronics,South,5,30237,151185,UPI,Distributor
1845,2026-05-22,C2617,Headphones,Accessories,West,5,3606,18030,Debit Card,Store
1846,2026-06-16,C2534,Desk,Furniture,South,2,14136,28272,Debit Card,Online
1847,2026-11-10,C2781,Mobile,Electronics,West,4,26973,107892,Debit Card,Distributor
1848,2026-04-02,C2898,Mouse,Accessories,Northeast,4,1551,6204,UPI,Store
1849,2026-10-29,C1814,Headphones,Accessories,East,2,3708,7416,Credit Card,Online
1850,2026-03-09,C1289,Headphones,Accessories,West,7,4250,29750,Net Banking,Distributor
1851,2026-10-21,C2618,Tablet,Electronics,East,1,31792,31792,Debit Card,Distributor
1852,2026-06-17,C1070,Desk,Furniture,East,7,13757,96299,Net Banking,Store
1853,2026-09-27,C2086,Tablet,Electronics,East,6,29197,175182,Net Banking,Distributor
1854,2026-01-04,C1300,Office Chair,Furniture,Northeast,5,9070,45350,Net Banking,Online
1855,2026-03-18,C2292,Office Chair,Furniture,East,9,10938,98442,Cash,Store
1856,2026-08-21,C2432,Headphones,Accessories,Northeast,6,3643,21858,Debit Card,Distributor
1857,2026-08-14,C2824,Laptop,Electronics,Northeast,9,65898,593082,Credit Card,Distributor
1858,2026-03-06,C2897,Monitor,Electronics,West,4,19161,76644,Net Banking,Distributor
1859,2026-08-25,C2552,Mobile,Electronics,Northeast,4,24096,96384,Cash,Distributor
1860,2026-03-08,C2868,Laptop,Electronics,Northeast,10,64078,640780,Net Banking,Store
1861,2026-04-13,C1882,Tablet,Electronics,Northeast,9,32210,289890,Debit Card,Distributor
1862,2026-01-20,C2284,Keyboard,Accessories,North,2,2883,5766,UPI,Distributor
1863,2026-09-15,C2473,Mouse,Accessories,Northeast,2,1355,2710,Net Banking,Online
1864,2026-07-02,C2251,Mouse,Accessories,South,10,1500,15000,Net Banking,Distributor
1865,2026-05-06,C1926,Keyboard,Accessories,East,1,3034,3034,Debit Card,Online
1866,2026-06-27,C2913,Printer,Office,Northeast,7,12987,90909,UPI,Distributor
1867,2026-03-01,C1157,Tablet,Electronics,South,5,30041,150205,Credit Card,Store
1868,2026-12-15,C2507,Desk,Furniture,West,2,15330,30660,Debit Card,Online
1869,2026-07-02,C2470,Laptop,Electronics,South,7,60707,424949,UPI,Store
1870,2026-07-29,C1648,Office Chair,Furniture,North,10,9493,94930,Cash,Online
1871,2026-07-13,C1378,Mobile,Electronics,West,2,27134,54268,Credit Card,Online
1872,2026-05-01,C1208,Printer,Office,Central,2,11681,23362,UPI,Store
1873,2026-05-12,C1026,Desk,Furniture,Northeast,4,14765,59060,Credit Card,Store
1874,2026-05-05,C1663,Office Chair,Furniture,North,7,9587,67109,Cash,Online
1875,2026-05-09,C2425,Mouse,Accessories,North,6,1629,9774,Credit Card,Distributor
1876,2026-12-12,C2717,Laptop,Electronics,Northeast,6,63372,380232,Net Banking,Distributor
1877,2026-08-19,C1852,Mobile,Electronics,East,6,25967,155802,Debit Card,Online
1878,2026-11-14,C2001,Monitor,Electronics,Central,6,20559,123354,Credit Card,Store
1879,2026-06-23,C1020,Headphones,Accessories,East,3,4308,12924,UPI,Store
1880,2026-11-01,C1222,Printer,Office,East,7,12851,89957,Debit Card,Store
1881,2026-01-13,C1326,Mobile,Electronics,Central,2,27348,54696,Credit Card,Store
1882,2026-03-01,C2589,Laptop,Electronics,West,9,65731,591579,Debit Card,Online
1883,2026-06-29,C1643,Mobile,Electronics,East,7,23458,164206,Credit Card,Online
1884,2026-12-08,C2435,Printer,Office,Central,7,11560,80920,Credit Card,Distributor
1885,2026-10-18,C1037,Monitor,Electronics,North,7,19628,137396,Credit Card,Distributor
1886,2026-04-03,C1891,Laptop,Electronics,Northeast,7,54825,383775,Cash,Online
1887,2026-04-01,C2081,Office Chair,Furniture,North,10,10666,106660,Cash,Store
1888,2026-08-13,C2765,Mobile,Electronics,South,9,25339,228051,Net Banking,Distributor
1889,2026-05-08,C2219,Printer,Office,East,7,11629,81403,Debit Card,Distributor
1890,2026-04-25,C1096,Headphones,Accessories,North,1,4080,4080,Debit Card,Online
1891,2026-03-15,C1312,Printer,Office,West,2,12778,25556,Cash,Distributor
1892,2026-02-12,C2557,Tablet,Electronics,Central,4,31386,125544,Debit Card,Store
1893,2026-02-25,C1630,Headphones,Accessories,Central,3,4385,13155,Net Banking,Online
1894,2026-04-05,C2902,Keyboard,Accessories,Central,1,2773,2773,Net Banking,Distributor
1895,2026-09-29,C1257,Headphones,Accessories,North,6,3678,22068,UPI,Distributor
1896,2026-04-02,C1505,Headphones,Accessories,South,1,3757,3757,Debit Card,Store
1897,2026-01-07,C1439,Laptop,Electronics,Northeast,2,54898,109796,Cash,Online
1898,2026-12-03,C2779,Office Chair,Furniture,Central,5,10445,52225,UPI,Store
1899,2026-03-09,C1867,Mouse,Accessories,Northeast,10,1350,13500,Cash,Online
1900,2026-06-15,C2841,Mobile,Electronics,Central,9,27139,244251,Net Banking,Store
1901,2026-03-11,C1922,Monitor,Electronics,North,9,18940,170460,UPI,Store
1902,2026-01-23,C1865,Tablet,Electronics,Northeast,10,28303,283030,Debit Card,Online
1903,2026-06-05,C2349,Mobile,Electronics,West,6,24135,144810,Cash,Online
1904,2026-05-02,C1651,Office Chair,Furniture,West,5,10849,54245,Cash,Distributor
1905,2026-11-13,C2896,Keyboard,Accessories,East,5,3267,16335,Cash,Distributor
1906,2026-08-04,C1856,Mouse,Accessories,West,7,1580,11060,Cash,Distributor
1907,2026-07-13,C1940,Laptop,Electronics,North,3,58733,176199,Net Banking,Distributor
1908,2026-12-05,C1974,Office Chair,Furniture,Northeast,1,10449,10449,Cash,Online
1909,2026-12-04,C2338,Office Chair,Furniture,Northeast,6,9048,54288,Credit Card,Distributor
1910,2026-12-27,C2532,Laptop,Electronics,South,8,59176,473408,Net Banking,Store
1911,2026-04-29,C1175,Office Chair,Furniture,Northeast,5,10204,51020,Cash,Store
1912,2026-06-26,C1413,Laptop,Electronics,Central,1,56593,56593,Credit Card,Store
1913,2026-05-08,C1326,Monitor,Electronics,South,10,21846,218460,Cash,Store
1914,2026-05-23,C2266,Tablet,Electronics,North,7,27521,192647,Net Banking,Store
1915,2026-12-14,C2498,Desk,Furniture,Northeast,10,14556,145560,Debit Card,Online
1916,2026-02-20,C1449,Headphones,Accessories,West,10,4151,41510,Credit Card,Store
1917,2026-02-18,C1571,Office Chair,Furniture,Northeast,7,10691,74837,Net Banking,Store
1918,2026-03-13,C1651,Mouse,Accessories,Central,3,1504,4512,UPI,Online
1919,2026-11-10,C2686,Printer,Office,West,2,12441,24882,Cash,Online
1920,2026-09-11,C2492,Printer,Office,East,9,12144,109296,Credit Card,Distributor
1921,2026-06-20,C1638,Keyboard,Accessories,Central,10,2871,28710,Credit Card,Store
1922,2026-12-21,C1265,Tablet,Electronics,South,2,31011,62022,Net Banking,Online
1923,2026-05-30,C2296,Headphones,Accessories,West,5,4082,20410,UPI,Store
1924,2026-12-21,C1320,Tablet,Electronics,East,8,27010,216080,Debit Card,Distributor
1925,2026-11-30,C1109,Keyboard,Accessories,West,10,3233,32330,Credit Card,Store
1926,2026-09-30,C2235,Monitor,Electronics,Central,5,19974,99870,Cash,Distributor
1927,2026-05-05,C2606,Tablet,Electronics,South,7,27316,191212,Net Banking,Online
1928,2026-11-08,C2752,Printer,Office,South,4,10899,43596,Debit Card,Store
1929,2026-03-21,C2733,Keyboard,Accessories,Northeast,2,2876,5752,UPI,Store
1930,2026-11-28,C1975,Monitor,Electronics,North,6,19743,118458,Credit Card,Distributor
1931,2026-05-24,C1738,Monitor,Electronics,Northeast,5,21102,105510,Cash,Online
1932,2026-11-15,C1129,Office Chair,Furniture,East,9,10881,97929,Net Banking,Online
1933,2026-06-10,C2184,Tablet,Electronics,Northeast,2,27517,55034,Cash,Store
1934,2026-11-09,C1265,Keyboard,Accessories,Northeast,2,3020,6040,UPI,Store
1935,2026-03-03,C1423,Keyboard,Accessories,Central,4,3124,12496,Net Banking,Online
1936,2026-10-17,C1980,Office Chair,Furniture,East,1,10161,10161,Net Banking,Online
1937,2026-04-12,C1868,Mouse,Accessories,North,3,1390,4170,Credit Card,Store
1938,2026-05-23,C2122,Mobile,Electronics,North,4,26140,104560,Debit Card,Online
1939,2026-05-16,C1015,Monitor,Electronics,North,9,21892,197028,Debit Card,Online
1940,2026-07-19,C1327,Laptop,Electronics,East,9,54771,492939,UPI,Online
1941,2026-10-18,C2795,Mouse,Accessories,Northeast,10,1581,15810,Cash,Online
1942,2026-12-25,C2440,Laptop,Electronics,West,4,61804,247216,Credit Card,Online
1943,2026-06-07,C1072,Keyboard,Accessories,Central,6,3079,18474,Credit Card,Distributor
1944,2026-01-03,C1623,Tablet,Electronics,West,1,32196,32196,Credit Card,Online
1945,2026-06-09,C2268,Mouse,Accessories,North,4,1601,6404,Cash,Store
1946,2026-04-06,C2553,Mobile,Electronics,East,4,23229,92916,Debit Card,Online
1947,2026-05-09,C1212,Tablet,Electronics,South,5,29744,148720,Credit Card,Online
1948,2026-08-19,C1410,Printer,Office,North,5,11473,57365,Net Banking,Online
1949,2026-03-07,C2829,Office Chair,Furniture,Central,8,9114,72912,Credit Card,Store
1950,2026-02-17,C1124,Mouse,Accessories,South,3,1422,4266,Cash,Online
1951,2026-12-26,C2438,Laptop,Electronics,Central,8,65079,520632,Cash,Online
1952,2026-10-23,C2968,Keyboard,Accessories,South,4,3292,13168,Cash,Online
1953,2026-08-14,C2631,Keyboard,Accessories,South,1,2737,2737,Credit Card,Store
1954,2026-06-27,C2482,Mobile,Electronics,South,6,26910,161460,Debit Card,Online
1955,2026-03-27,C1348,Headphones,Accessories,Northeast,2,3719,7438,Net Banking,Distributor
1956,2026-02-06,C2907,Printer,Office,South,4,12862,51448,Cash,Store
1957,2026-05-01,C1397,Keyboard,Accessories,South,4,3081,12324,Cash,Store
1958,2026-09-09,C1526,Headphones,Accessories,North,3,4163,12489,Cash,Online
1959,2026-12-04,C2965,Printer,Office,South,5,12073,60365,Cash,Distributor
1960,2026-06-24,C1138,Monitor,Electronics,West,2,21330,42660,Net Banking,Distributor
1961,2026-02-01,C2591,Headphones,Accessories,West,3,4067,12201,Debit Card,Store
1962,2026-03-12,C2831,Keyboard,Accessories,West,7,2902,20314,Net Banking,Online
1963,2026-06-01,C2007,Office Chair,Furniture,South,9,9226,83034,Credit Card,Store
1964,2026-03-07,C1613,Laptop,Electronics,Northeast,4,56422,225688,Credit Card,Distributor
1965,2026-08-26,C2428,Monitor,Electronics,South,2,20172,40344,UPI,Store
1966,2026-01-23,C1506,Mouse,Accessories,South,7,1427,9989,UPI,Online
1967,2026-11-22,C2860,Printer,Office,North,1,12645,12645,Debit Card,Store
1968,2026-06-13,C1949,Office Chair,Furniture,South,9,9788,88092,Credit Card,Distributor
1969,2026-12-01,C1902,Keyboard,Accessories,East,7,2863,20041,Debit Card,Online
1970,2026-06-02,C1749,Office Chair,Furniture,East,8,9822,78576,Cash,Online
1971,2026-04-08,C2688,Headphones,Accessories,North,2,4202,8404,Cash,Online
1972,2026-03-06,C1378,Office Chair,Furniture,North,9,10329,92961,Credit Card,Online
1973,2026-11-10,C2739,Office Chair,Furniture,South,8,10471,83768,UPI,Store
1974,2026-05-06,C2604,Mobile,Electronics,Northeast,4,26820,107280,Net Banking,Store
1975,2026-10-12,C2095,Desk,Furniture,North,4,15573,62292,Net Banking,Store
1976,2026-04-26,C2382,Monitor,Electronics,Northeast,7,20054,140378,UPI,Store
1977,2026-11-11,C2423,Monitor,Electronics,South,9,18408,165672,UPI,Store
1978,2026-07-12,C2627,Office Chair,Furniture,Northeast,3,10339,31017,Cash,Distributor
1979,2026-11-02,C1436,Desk,Furniture,Central,10,13518,135180,UPI,Online
1980,2026-10-03,C1636,Laptop,Electronics,East,3,64361,193083,Cash,Store
1981,2026-08-25,C2402,Mouse,Accessories,Central,2,1606,3212,Net Banking,Online
1982,2026-12-26,C1214,Tablet,Electronics,West,8,31307,250456,Credit Card,Online
1983,2026-09-21,C2291,Mouse,Accessories,East,2,1555,3110,Debit Card,Online
1984,2026-03-23,C1818,Printer,Office,West,7,12258,85806,Debit Card,Online
1985,2026-02-21,C1896,Printer,Office,South,7,11984,83888,Credit Card,Store
1986,2026-02-18,C2694,Mouse,Accessories,West,2,1593,3186,Cash,Online
1987,2026-04-09,C2580,Mobile,Electronics,South,8,23853,190824,Debit Card,Distributor
1988,2026-06-18,C1849,Keyboard,Accessories,North,3,3114,9342,Debit Card,Distributor
1989,2026-08-08,C1570,Desk,Furniture,South,9,14843,133587,Credit Card,Store
1990,2026-11-11,C2029,Tablet,Electronics,Northeast,8,28315,226520,Debit Card,Distributor
1991,2026-09-14,C2739,Mobile,Electronics,West,8,22649,181192,Cash,Online
1992,2026-08-24,C2560,Mouse,Accessories,South,10,1448,14480,Debit Card,Online
1993,2026-11-09,C1201,Tablet,Electronics,West,4,32342,129368,Net Banking,Store
1994,2026-03-18,C1055,Office Chair,Furniture,West,6,10227,61362,UPI,Distributor
1995,2026-10-20,C1717,Monitor,Electronics,West,1,19117,19117,UPI,Online
1996,2026-02-27,C1094,Printer,Office,North,10,12291,122910,UPI,Online
1997,2026-09-14,C2453,Mouse,Accessories,Central,6,1518,9108,UPI,Online
1998,2026-10-17,C1025,Laptop,Electronics,Northeast,5,59480,297400,Net Banking,Online
1999,2026-10-26,C1634,Keyboard,Accessories,East,6,3126,18756,Net Banking,Distributor
2000,2026-11-24,C1765,Keyboard,Accessories,West,1,3085,3085,UPI,Distributor
2001,2026-10-19,C2157,Mouse,Accessories,South,7,1441,10087,Net Banking,Online
2002,2026-03-11,C1237,Desk,Furniture,West,10,14957,149570,Net Banking,Distributor
2003,2026-04-26,C2803,Monitor,Electronics,West,5,21935,109675,Cash,Online
2004,2026-03-29,C1851,Headphones,Accessories,Northeast,5,3661,18305,Debit Card,Online
2005,2026-04-30,C2820,Printer,Office,West,10,11042,110420,Net Banking,Distributor
2006,2026-09-22,C2225,Laptop,Electronics,Central,4,61970,247880,Debit Card,Distributor
2007,2026-04-02,C2251,Desk,Furniture,West,2,16415,32830,Cash,Distributor
2008,2026-11-19,C2275,Mouse,Accessories,West,3,1509,4527,Credit Card,Online
2009,2026-09-01,C2040,Monitor,Electronics,North,8,21860,174880,Net Banking,Online
2010,2026-06-28,C1859,Tablet,Electronics,North,4,28414,113656,Debit Card,Store
2011,2026-05-28,C2007,Keyboard,Accessories,North,6,3253,19518,Net Banking,Store
2012,2026-02-21,C2959,Mouse,Accessories,East,7,1603,11221,Debit Card,Distributor
2013,2026-03-24,C2303,Mouse,Accessories,West,5,1641,8205,UPI,Store
2014,2026-01-25,C2353,Headphones,Accessories,South,1,4178,4178,UPI,Online
2015,2026-03-08,C1894,Headphones,Accessories,West,9,3792,34128,UPI,Distributor
2016,2026-06-02,C1916,Laptop,Electronics,South,2,54055,108110,Debit Card,Distributor
2017,2026-11-18,C2043,Mobile,Electronics,North,8,22903,183224,Debit Card,Online
2018,2026-02-03,C2052,Tablet,Electronics,North,1,27750,27750,Debit Card,Store
2019,2026-06-17,C2664,Mouse,Accessories,North,3,1448,4344,Net Banking,Online
2020,2026-11-10,C1775,Mobile,Electronics,North,1,23929,23929,Net Banking,Store
2021,2026-01-08,C1177,Mouse,Accessories,Northeast,10,1522,15220,Credit Card,Distributor
2022,2026-11-20,C1102,Mouse,Accessories,West,6,1487,8922,Cash,Online
2023,2026-04-14,C2011,Keyboard,Accessories,East,2,2816,5632,UPI,Distributor
2024,2026-09-11,C2342,Mobile,Electronics,East,8,26392,211136,Cash,Store
2025,2026-03-12,C1893,Tablet,Electronics,North,10,30260,302600,Credit Card,Distributor
2026,2026-07-12,C1161,Headphones,Accessories,Northeast,10,3821,38210,Credit Card,Distributor
2027,2026-01-23,C2922,Printer,Office,West,2,11036,22072,UPI,Store
2028,2026-04-12,C2298,Printer,Office,North,8,11635,93080,Debit Card,Store
2029,2026-02-19,C2029,Monitor,Electronics,South,5,19991,99955,Debit Card,Distributor
2030,2026-11-04,C1157,Mouse,Accessories,Central,8,1403,11224,Cash,Distributor
2031,2026-10-24,C1542,Keyboard,Accessories,West,10,3284,32840,Cash,Distributor
2032,2026-07-02,C2700,Laptop,Electronics,West,2,64033,128066,Net Banking,Distributor
2033,2026-05-20,C1093,Monitor,Electronics,Northeast,2,19392,38784,Net Banking,Online
2034,2026-03-17,C2580,Office Chair,Furniture,South,3,9566,28698,Net Banking,Distributor
2035,2026-03-02,C2490,Mobile,Electronics,West,6,24742,148452,Net Banking,Online
2036,2026-10-02,C2898,Tablet,Electronics,North,8,27331,218648,Cash,Distributor
2037,2026-10-13,C2594,Keyboard,Accessories,Central,1,2722,2722,Cash,Online
2038,2026-09-30,C2441,Desk,Furniture,West,4,15663,62652,Net Banking,Store
2039,2026-01-13,C1124,Desk,Furniture,East,3,13665,40995,Cash,Store
2040,2026-11-28,C1777,Monitor,Electronics,East,9,18500,166500,Cash,Online
2041,2026-10-26,C1873,Headphones,Accessories,West,4,4290,17160,Cash,Distributor
2042,2026-09-21,C2509,Desk,Furniture,West,9,15723,141507,UPI,Store
2043,2026-10-28,C2608,Headphones,Accessories,South,2,3905,7810,Cash,Online
2044,2026-06-06,C2395,Monitor,Electronics,East,7,18365,128555,Cash,Online
2045,2026-01-06,C1120,Mouse,Accessories,Central,2,1518,3036,Credit Card,Online
2046,2026-05-09,C2094,Printer,Office,South,6,11621,69726,Debit Card,Store
2047,2026-01-08,C1637,Headphones,Accessories,North,3,3675,11025,Cash,Online
2048,2026-08-09,C2029,Office Chair,Furniture,East,3,9933,29799,Net Banking,Distributor
2049,2026-08-12,C1009,Office Chair,Furniture,Northeast,1,10689,10689,Net Banking,Store
2050,2026-07-24,C1731,Office Chair,Furniture,North,4,9491,37964,UPI,Online
2051,2026-09-11,C1974,Office Chair,Furniture,Central,5,10978,54890,Debit Card,Distributor
2052,2026-03-11,C1127,Mobile,Electronics,West,9,26605,239445,Cash,Store
2053,2026-10-04,C2874,Laptop,Electronics,North,7,62090,434630,Net Banking,Distributor
2054,2026-08-30,C1386,Laptop,Electronics,East,7,65606,459242,Debit Card,Distributor
2055,2026-12-03,C1795,Headphones,Accessories,East,10,3955,39550,Cash,Online
2056,2026-03-05,C2316,Printer,Office,East,8,11685,93480,Credit Card,Store
2057,2026-03-06,C1059,Headphones,Accessories,Central,4,3811,15244,Net Banking,Distributor
2058,2026-11-09,C2796,Office Chair,Furniture,West,1,10449,10449,Cash,Distributor
2059,2026-06-01,C1482,Headphones,Accessories,West,2,4325,8650,Cash,Online
2060,2026-06-12,C2084,Mouse,Accessories,North,9,1591,14319,Net Banking,Online
2061,2026-10-27,C2370,Tablet,Electronics,South,10,27349,273490,Cash,Distributor
2062,2026-01-24,C1561,Headphones,Accessories,East,5,3688,18440,Credit Card,Distributor
2063,2026-02-02,C2367,Keyboard,Accessories,Northeast,5,3116,15580,UPI,Store
2064,2026-04-08,C2433,Monitor,Electronics,East,6,20810,124860,Credit Card,Distributor
2065,2026-02-23,C2465,Laptop,Electronics,Central,9,61377,552393,Credit Card,Distributor
2066,2026-06-10,C2843,Mobile,Electronics,East,4,26347,105388,Cash,Distributor
2067,2026-05-02,C2881,Monitor,Electronics,Northeast,4,21087,84348,Cash,Distributor
2068,2026-07-08,C1917,Desk,Furniture,West,6,15213,91278,Net Banking,Store
2069,2026-12-03,C2907,Office Chair,Furniture,Northeast,7,10385,72695,UPI,Online
2070,2026-03-18,C1015,Keyboard,Accessories,East,10,3122,31220,Net Banking,Store
2071,2026-05-04,C2082,Mobile,Electronics,South,8,24683,197464,Debit Card,Store
2072,2026-01-27,C1249,Mobile,Electronics,South,9,24765,222885,UPI,Online
2073,2026-08-25,C2383,Keyboard,Accessories,Central,2,3201,6402,Credit Card,Online
2074,2026-07-28,C2567,Office Chair,Furniture,West,4,9502,38008,Net Banking,Distributor
2075,2026-08-06,C2863,Desk,Furniture,South,3,14721,44163,Credit Card,Store
2076,2026-06-08,C1220,Office Chair,Furniture,East,3,9134,27402,Net Banking,Online
2077,2026-06-08,C1175,Monitor,Electronics,East,4,20512,82048,Cash,Store
2078,2026-12-24,C2914,Office Chair,Furniture,South,9,10175,91575,Credit Card,Online
2079,2026-05-25,C2419,Office Chair,Furniture,Central,8,9095,72760,UPI,Online
2080,2026-03-16,C2023,Laptop,Electronics,Northeast,9,64895,584055,Cash,Store
2081,2026-04-16,C1941,Desk,Furniture,South,8,14933,119464,Credit Card,Store
2082,2026-10-01,C2276,Laptop,Electronics,South,8,61618,492944,Debit Card,Online
2083,2026-03-27,C2550,Monitor,Electronics,West,10,19197,191970,Net Banking,Store
2084,2026-08-05,C2140,Mobile,Electronics,Central,1,24880,24880,Net Banking,Store
2085,2026-02-04,C1986,Office Chair,Furniture,South,2,9887,19774,Net Banking,Online
2086,2026-02-18,C1219,Headphones,Accessories,Central,5,3881,19405,Debit Card,Store
2087,2026-06-17,C2771,Tablet,Electronics,Northeast,4,29925,119700,Credit Card,Distributor
2088,2026-04-09,C1227,Mobile,Electronics,North,4,23738,94952,Cash,Online
2089,2026-10-09,C1755,Laptop,Electronics,South,2,64411,128822,Credit Card,Distributor
2090,2026-04-15,C2962,Laptop,Electronics,Central,6,59134,354804,Cash,Online
2091,2026-08-28,C1015,Keyboard,Accessories,Northeast,10,3000,30000,Net Banking,Store
2092,2026-12-29,C2231,Mouse,Accessories,West,4,1472,5888,Debit Card,Distributor
2093,2026-10-29,C2261,Headphones,Accessories,West,8,4000,32000,Cash,Store
2094,2026-06-09,C1934,Mobile,Electronics,West,3,23804,71412,UPI,Store
2095,2026-11-09,C1309,Laptop,Electronics,Northeast,9,56062,504558,Credit Card,Online
2096,2026-02-03,C2356,Desk,Furniture,West,9,15880,142920,Net Banking,Store
2097,2026-12-12,C1438,Desk,Furniture,Central,7,15413,107891,Cash,Distributor
2098,2026-11-19,C1199,Mouse,Accessories,Central,4,1431,5724,Net Banking,Store
2099,2026-08-31,C1688,Mouse,Accessories,Central,7,1371,9597,Debit Card,Online
2100,2026-09-18,C1911,Mobile,Electronics,Northeast,4,26899,107596,Debit Card,Store
2101,2026-03-10,C1793,Mobile,Electronics,South,1,23668,23668,Debit Card,Online
2102,2026-07-03,C2647,Tablet,Electronics,East,10,28093,280930,Debit Card,Online
2103,2026-02-21,C1650,Tablet,Electronics,Northeast,2,30675,61350,Net Banking,Store
2104,2026-10-03,C1081,Keyboard,Accessories,East,9,3151,28359,Net Banking,Distributor
2105,2026-04-14,C2730,Monitor,Electronics,South,1,20317,20317,Net Banking,Online
2106,2026-01-10,C1303,Headphones,Accessories,Northeast,10,4161,41610,Cash,Online
2107,2026-05-31,C1469,Headphones,Accessories,West,10,3754,37540,Net Banking,Online
2108,2026-01-19,C1969,Tablet,Electronics,West,10,30561,305610,UPI,Distributor
2109,2026-08-13,C1024,Tablet,Electronics,South,10,31033,310330,UPI,Online
2110,2026-04-27,C2309,Tablet,Electronics,Central,4,30721,122884,Net Banking,Online
2111,2026-09-11,C2784,Mouse,Accessories,South,7,1425,9975,Cash,Store
2112,2026-10-09,C2179,Printer,Office,Central,7,12273,85911,Net Banking,Store
2113,2026-04-30,C2919,Monitor,Electronics,Northeast,10,21441,214410,Cash,Store
2114,2026-09-27,C1222,Mobile,Electronics,South,5,27333,136665,Debit Card,Online
2115,2026-02-25,C2675,Office Chair,Furniture,Central,8,9569,76552,Debit Card,Store
2116,2026-10-06,C1150,Printer,Office,West,3,12827,38481,Cash,Online
2117,2026-08-20,C2612,Headphones,Accessories,West,2,4211,8422,Cash,Distributor
2118,2026-12-26,C1681,Desk,Furniture,Central,4,13647,54588,UPI,Online
2119,2026-05-04,C2665,Monitor,Electronics,West,1,19167,19167,Net Banking,Store
2120,2026-03-22,C2801,Headphones,Accessories,North,7,4131,28917,Cash,Store
2121,2026-05-04,C1202,Desk,Furniture,East,10,15435,154350,Net Banking,Online
2122,2026-01-30,C1034,Office Chair,Furniture,South,7,9738,68166,Credit Card,Store
2123,2026-03-23,C2171,Office Chair,Furniture,Northeast,8,10016,80128,Net Banking,Online
2124,2026-10-08,C2684,Printer,Office,West,8,12008,96064,Net Banking,Online
2125,2026-05-29,C1196,Tablet,Electronics,North,1,31767,31767,Cash,Online
2126,2026-06-15,C1513,Laptop,Electronics,North,4,55377,221508,UPI,Distributor
2127,2026-01-17,C2066,Office Chair,Furniture,South,10,9351,93510,UPI,Distributor
2128,2026-02-20,C2827,Mouse,Accessories,East,5,1510,7550,Net Banking,Store
2129,2026-09-19,C1153,Printer,Office,Central,10,12545,125450,Cash,Distributor
2130,2026-02-15,C1892,Monitor,Electronics,Northeast,3,18957,56871,Credit Card,Distributor
2131,2026-07-06,C1474,Office Chair,Furniture,Northeast,1,9586,9586,Cash,Online
2132,2026-09-13,C1706,Monitor,Electronics,Northeast,1,19718,19718,Credit Card,Store
2133,2026-09-24,C2721,Tablet,Electronics,North,6,28980,173880,Cash,Store
2134,2026-06-27,C1243,Office Chair,Furniture,Central,5,10972,54860,Credit Card,Distributor
2135,2026-07-03,C2309,Headphones,Accessories,South,3,3909,11727,Net Banking,Distributor
2136,2026-04-04,C1655,Mouse,Accessories,East,10,1487,14870,Credit Card,Online
2137,2026-05-04,C2632,Mobile,Electronics,East,5,24591,122955,Debit Card,Store
2138,2026-10-08,C2711,Office Chair,Furniture,West,5,10020,50100,UPI,Online
2139,2026-04-05,C2854,Keyboard,Accessories,Central,8,3022,24176,UPI,Distributor
2140,2026-04-19,C2353,Laptop,Electronics,South,3,65561,196683,UPI,Online
2141,2026-11-01,C1452,Monitor,Electronics,North,8,19765,158120,UPI,Online
2142,2026-06-18,C1503,Printer,Office,North,5,12413,62065,Net Banking,Store
2143,2026-01-24,C1965,Printer,Office,North,10,12389,123890,UPI,Store
2144,2026-04-05,C1910,Desk,Furniture,North,1,14154,14154,Credit Card,Store
2145,2026-12-16,C1706,Mobile,Electronics,East,4,22828,91312,Debit Card,Online
2146,2026-08-23,C2553,Monitor,Electronics,Northeast,8,18371,146968,Credit Card,Distributor
2147,2026-06-02,C1455,Desk,Furniture,East,6,15370,92220,Net Banking,Online
2148,2026-02-21,C2419,Monitor,Electronics,South,3,21752,65256,Credit Card,Distributor
2149,2026-06-05,C1238,Office Chair,Furniture,Northeast,1,9607,9607,Credit Card,Store
2150,2026-06-26,C1424,Mouse,Accessories,East,5,1563,7815,Net Banking,Distributor
2151,2026-10-06,C1725,Office Chair,Furniture,North,9,9163,82467,Debit Card,Store
2152,2026-03-03,C2070,Headphones,Accessories,Northeast,1,3605,3605,Net Banking,Distributor
2153,2026-01-15,C2567,Printer,Office,North,10,11346,113460,Credit Card,Store
2154,2026-12-26,C2516,Laptop,Electronics,West,8,62254,498032,Net Banking,Store
2155,2026-06-01,C2762,Keyboard,Accessories,West,6,2984,17904,Net Banking,Distributor
2156,2026-09-14,C1988,Desk,Furniture,North,8,13692,109536,Cash,Distributor
2157,2026-08-22,C1955,Office Chair,Furniture,North,4,10084,40336,Cash,Store
2158,2026-06-22,C1939,Laptop,Electronics,East,8,65082,520656,Cash,Store
2159,2026-11-08,C1408,Tablet,Electronics,Central,4,27709,110836,Cash,Online
2160,2026-07-22,C1053,Mobile,Electronics,South,5,25740,128700,Debit Card,Online
2161,2026-09-17,C2059,Headphones,Accessories,South,4,3906,15624,Debit Card,Store
2162,2026-02-13,C1509,Laptop,Electronics,North,6,55942,335652,Debit Card,Store
2163,2026-01-11,C1443,Monitor,Electronics,North,8,19712,157696,Debit Card,Online
2164,2026-06-15,C1903,Printer,Office,East,10,11685,116850,Credit Card,Distributor
2165,2026-05-14,C1498,Mouse,Accessories,South,10,1434,14340,UPI,Store
2166,2026-12-03,C2042,Headphones,Accessories,Central,2,4340,8680,Net Banking,Online
2167,2026-11-30,C2045,Mouse,Accessories,South,10,1395,13950,Debit Card,Online
2168,2026-10-16,C1465,Printer,Office,South,9,12117,109053,Cash,Store
2169,2026-12-17,C2744,Mouse,Accessories,South,4,1483,5932,Debit Card,Distributor
2170,2026-03-17,C2453,Laptop,Electronics,Central,3,64237,192711,Cash,Online
2171,2026-06-16,C1498,Headphones,Accessories,Central,1,4050,4050,Debit Card,Distributor
2172,2026-08-29,C2578,Desk,Furniture,South,3,16135,48405,UPI,Distributor
2173,2026-09-15,C1397,Tablet,Electronics,East,3,30379,91137,Cash,Store
2174,2026-01-26,C2784,Headphones,Accessories,West,2,4187,8374,Debit Card,Store
2175,2026-10-15,C1780,Desk,Furniture,West,8,13847,110776,Credit Card,Distributor
2176,2026-07-02,C2045,Headphones,Accessories,North,6,3902,23412,Debit Card,Store
2177,2026-05-26,C2221,Mouse,Accessories,Northeast,9,1548,13932,Credit Card,Store
2178,2026-04-25,C1041,Keyboard,Accessories,East,5,2973,14865,Debit Card,Store
2179,2026-08-29,C1676,Printer,Office,East,10,11025,110250,Credit Card,Distributor
2180,2026-07-04,C2479,Mobile,Electronics,West,4,24572,98288,Debit Card,Store
2181,2026-04-01,C1069,Printer,Office,West,4,13134,52536,UPI,Store
2182,2026-06-23,C2662,Mouse,Accessories,West,3,1643,4929,Net Banking,Store
2183,2026-08-24,C2382,Headphones,Accessories,North,8,4176,33408,Cash,Online
2184,2026-12-01,C2932,Mouse,Accessories,South,6,1619,9714,Cash,Distributor
2185,2026-08-13,C1390,Keyboard,Accessories,East,9,3265,29385,Net Banking,Online
2186,2026-11-17,C1344,Office Chair,Furniture,Central,8,10258,82064,UPI,Online
2187,2026-07-20,C2788,Keyboard,Accessories,East,7,3179,22253,Credit Card,Online
2188,2026-11-14,C2340,Headphones,Accessories,East,6,4258,25548,Credit Card,Store
2189,2026-01-23,C1256,Mouse,Accessories,Northeast,1,1401,1401,Cash,Online
2190,2026-02-19,C1310,Monitor,Electronics,East,3,19100,57300,Credit Card,Store
2191,2026-05-17,C2456,Printer,Office,Northeast,1,13081,13081,Cash,Store
2192,2026-05-13,C1628,Keyboard,Accessories,East,4,3062,12248,Debit Card,Online
2193,2026-10-04,C1584,Printer,Office,West,2,12268,24536,Debit Card,Distributor
2194,2026-02-24,C1985,Mobile,Electronics,West,3,23855,71565,Cash,Online
2195,2026-11-29,C2336,Keyboard,Accessories,East,1,3100,3100,Credit Card,Distributor
2196,2026-09-21,C1463,Office Chair,Furniture,North,4,9298,37192,Debit Card,Store
2197,2026-07-23,C2450,Desk,Furniture,East,5,14252,71260,Net Banking,Distributor
2198,2026-06-12,C2073,Printer,Office,North,7,12605,88235,Debit Card,Online
2199,2026-09-28,C2973,Mobile,Electronics,Central,7,26178,183246,Credit Card,Online
2200,2026-04-21,C2354,Tablet,Electronics,West,5,28344,141720,Net Banking,Distributor
2201,2026-03-24,C1612,Mobile,Electronics,West,9,23605,212445,Credit Card,Online
2202,2026-03-29,C1795,Mouse,Accessories,East,5,1645,8225,Credit Card,Store
2203,2026-08-05,C1211,Desk,Furniture,West,10,14655,146550,Debit Card,Store
2204,2026-09-09,C2480,Printer,Office,Northeast,2,12600,25200,Credit Card,Online
2205,2026-05-01,C2132,Printer,Office,Central,3,11974,35922,UPI,Store
2206,2026-02-03,C2310,Office Chair,Furniture,North,8,10853,86824,Net Banking,Distributor
2207,2026-09-14,C2229,Mouse,Accessories,West,3,1553,4659,Debit Card,Distributor
2208,2026-02-04,C2294,Headphones,Accessories,South,7,4128,28896,Debit Card,Distributor
2209,2026-05-11,C1003,Headphones,Accessories,North,5,3907,19535,Cash,Online
2210,2026-09-25,C2454,Desk,Furniture,Central,5,16087,80435,UPI,Distributor
2211,2026-11-01,C1071,Monitor,Electronics,Northeast,1,18937,18937,Cash,Store
2212,2026-09-19,C1687,Mobile,Electronics,North,7,25538,178766,Credit Card,Distributor
2213,2026-07-30,C1109,Desk,Furniture,Northeast,4,15956,63824,UPI,Online
2214,2026-06-23,C1179,Desk,Furniture,South,10,14118,141180,UPI,Online
2215,2026-09-27,C2241,Keyboard,Accessories,East,2,3075,6150,Credit Card,Distributor
2216,2026-09-23,C2445,Mobile,Electronics,West,10,25892,258920,Net Banking,Distributor
2217,2026-11-07,C1341,Mouse,Accessories,South,4,1404,5616,Debit Card,Online
2218,2026-07-19,C2930,Mouse,Accessories,West,10,1470,14700,UPI,Online
2219,2026-08-30,C1906,Printer,Office,Northeast,1,12412,12412,Net Banking,Distributor
2220,2026-10-07,C2870,Laptop,Electronics,Central,5,63809,319045,UPI,Online
2221,2026-03-05,C1234,Tablet,Electronics,East,2,31467,62934,Net Banking,Online
2222,2026-09-11,C1793,Mobile,Electronics,West,8,23546,188368,Cash,Online
2223,2026-10-01,C2843,Mouse,Accessories,East,10,1519,15190,Debit Card,Online
2224,2026-06-17,C2545,Tablet,Electronics,North,10,32699,326990,Cash,Online
2225,2026-06-19,C2590,Headphones,Accessories,East,5,4067,20335,Net Banking,Online
2226,2026-01-13,C1473,Office Chair,Furniture,West,9,9200,82800,UPI,Distributor
2227,2026-08-24,C2549,Mouse,Accessories,East,2,1573,3146,Debit Card,Distributor
2228,2026-12-09,C2133,Printer,Office,North,6,13077,78462,Net Banking,Distributor
2229,2026-07-17,C1611,Printer,Office,North,3,11054,33162,Debit Card,Online
2230,2026-09-28,C2660,Mobile,Electronics,East,3,22540,67620,Debit Card,Store
2231,2026-01-11,C1575,Office Chair,Furniture,East,10,9331,93310,Net Banking,Store
2232,2026-10-02,C2913,Headphones,Accessories,South,1,4010,4010,Credit Card,Online
2233,2026-10-19,C1804,Printer,Office,North,3,11600,34800,Debit Card,Distributor
2234,2026-05-06,C2614,Monitor,Electronics,South,2,19388,38776,Cash,Store
2235,2026-12-20,C1802,Tablet,Electronics,Central,10,27717,277170,Credit Card,Online
2236,2026-04-12,C2381,Mobile,Electronics,East,5,25370,126850,Cash,Store
2237,2026-04-22,C1534,Headphones,Accessories,North,7,4109,28763,Cash,Online
2238,2026-01-11,C1893,Desk,Furniture,South,4,16127,64508,Debit Card,Store
2239,2026-07-11,C2670,Keyboard,Accessories,Central,2,3051,6102,Net Banking,Online
2240,2026-09-06,C2225,Monitor,Electronics,East,6,21896,131376,Debit Card,Store
2241,2026-02-12,C2291,Monitor,Electronics,West,1,21431,21431,Debit Card,Online
2242,2026-02-28,C1507,Desk,Furniture,West,5,14350,71750,Cash,Distributor
2243,2026-05-26,C1965,Office Chair,Furniture,West,9,10229,92061,Debit Card,Distributor
2244,2026-01-25,C1226,Monitor,Electronics,Northeast,2,21350,42700,Net Banking,Store
2245,2026-09-23,C1653,Tablet,Electronics,North,8,28946,231568,UPI,Online
2246,2026-03-02,C1803,Laptop,Electronics,West,1,54507,54507,Net Banking,Store
2247,2026-07-29,C2624,Mouse,Accessories,Central,3,1418,4254,Cash,Distributor
2248,2026-09-05,C1668,Mouse,Accessories,West,9,1561,14049,Net Banking,Distributor
2249,2026-12-29,C1455,Headphones,Accessories,East,10,3656,36560,Debit Card,Online
2250,2026-01-07,C1444,Desk,Furniture,East,1,14300,14300,Cash,Distributor
2251,2026-10-12,C1846,Desk,Furniture,Central,6,14175,85050,Credit Card,Distributor
2252,2026-09-12,C2302,Printer,Office,South,8,11142,89136,Debit Card,Store
2253,2026-06-11,C2840,Printer,Office,Central,2,11320,22640,UPI,Online
2254,2026-12-29,C1538,Mobile,Electronics,Central,3,27339,82017,Net Banking,Online
2255,2026-08-27,C1382,Laptop,Electronics,West,6,61415,368490,Debit Card,Distributor
2256,2026-02-10,C2826,Tablet,Electronics,West,8,30297,242376,Credit Card,Online
2257,2026-04-08,C1290,Desk,Furniture,West,6,13609,81654,Debit Card,Distributor
2258,2026-12-21,C2423,Office Chair,Furniture,South,7,9166,64162,Cash,Online
2259,2026-10-17,C1830,Mouse,Accessories,Central,4,1522,6088,Cash,Online
2260,2026-11-21,C1047,Laptop,Electronics,North,9,57052,513468,UPI,Store
2261,2026-06-03,C1796,Monitor,Electronics,West,9,18303,164727,Cash,Online
2262,2026-05-14,C2246,Laptop,Electronics,North,7,55478,388346,Credit Card,Store
2263,2026-12-15,C1714,Desk,Furniture,North,8,14015,112120,UPI,Online
2264,2026-12-27,C1031,Printer,Office,South,4,11078,44312,Cash,Store
2265,2026-07-28,C2256,Monitor,Electronics,North,5,19267,96335,Net Banking,Distributor
2266,2026-02-20,C1003,Mouse,Accessories,Central,6,1507,9042,Cash,Distributor
2267,2026-10-22,C1371,Headphones,Accessories,South,4,4209,16836,Debit Card,Store
2268,2026-09-04,C1571,Laptop,Electronics,Northeast,2,57662,115324,Credit Card,Store
2269,2026-07-07,C1169,Tablet,Electronics,Central,6,32785,196710,UPI,Store
2270,2026-03-07,C1241,Office Chair,Furniture,Northeast,9,9044,81396,Credit Card,Online
2271,2026-11-09,C1755,Mouse,Accessories,Central,4,1580,6320,Debit Card,Online
2272,2026-08-22,C1084,Printer,Office,East,6,12978,77868,Net Banking,Distributor
2273,2026-02-08,C2783,Mouse,Accessories,East,7,1410,9870,UPI,Store
2274,2026-01-16,C2737,Tablet,Electronics,East,2,32927,65854,Debit Card,Distributor
2275,2026-08-10,C1517,Laptop,Electronics,North,2,59323,118646,Credit Card,Distributor
2276,2026-04-24,C1997,Monitor,Electronics,Northeast,8,20685,165480,UPI,Store
2277,2026-03-18,C2994,Headphones,Accessories,West,7,3863,27041,Credit Card,Distributor
2278,2026-01-13,C2052,Keyboard,Accessories,North,4,3276,13104,Credit Card,Store
2279,2026-05-27,C2918,Printer,Office,North,10,12587,125870,Cash,Store
2280,2026-06-12,C1553,Mobile,Electronics,South,8,24789,198312,UPI,Online
2281,2026-01-12,C2785,Office Chair,Furniture,South,4,10182,40728,Debit Card,Distributor
2282,2026-12-09,C1410,Monitor,Electronics,North,9,21599,194391,Credit Card,Online
2283,2026-06-21,C2997,Printer,Office,South,5,10942,54710,Credit Card,Distributor
2284,2026-11-10,C1527,Monitor,Electronics,East,5,18746,93730,Cash,Online
2285,2026-10-31,C1937,Keyboard,Accessories,Northeast,6,3119,18714,UPI,Store
2286,2026-06-24,C2380,Keyboard,Accessories,West,7,3029,21203,Credit Card,Distributor
2287,2026-10-20,C2167,Headphones,Accessories,East,10,3826,38260,UPI,Distributor
2288,2026-05-31,C2917,Headphones,Accessories,Central,1,3657,3657,Credit Card,Online
2289,2026-06-30,C2054,Office Chair,Furniture,East,8,10596,84768,Credit Card,Online
2290,2026-12-05,C2104,Keyboard,Accessories,West,1,2720,2720,UPI,Online
2291,2026-01-15,C1443,Mobile,Electronics,West,6,24678,148068,Net Banking,Distributor
2292,2026-12-11,C1853,Mobile,Electronics,North,5,27377,136885,Cash,Distributor
2293,2026-10-01,C1145,Keyboard,Accessories,Central,3,2725,8175,Cash,Distributor
2294,2026-08-30,C1059,Office Chair,Furniture,North,2,9582,19164,UPI,Distributor
2295,2026-11-16,C1560,Office Chair,Furniture,East,2,9850,19700,Credit Card,Distributor
2296,2026-09-24,C2548,Mouse,Accessories,North,3,1633,4899,Net Banking,Online
2297,2026-03-20,C2587,Office Chair,Furniture,West,6,10857,65142,Debit Card,Distributor
2298,2026-02-04,C2658,Printer,Office,South,6,12793,76758,Credit Card,Online
2299,2026-10-04,C1513,Laptop,Electronics,South,6,55811,334866,Cash,Online
2300,2026-10-31,C1067,Printer,Office,South,5,11093,55465,Cash,Store
2301,2026-11-30,C2283,Printer,Office,West,7,11348,79436,Debit Card,Online
2302,2026-05-19,C1065,Tablet,Electronics,East,6,31805,190830,Credit Card,Store
2303,2026-12-02,C2571,Headphones,Accessories,Central,2,3627,7254,Debit Card,Store
2304,2026-03-24,C2133,Mouse,Accessories,Central,7,1622,11354,Debit Card,Online
2305,2026-11-23,C2260,Office Chair,Furniture,North,8,9656,77248,Debit Card,Distributor
2306,2026-07-01,C1593,Monitor,Electronics,East,8,19103,152824,UPI,Distributor
2307,2026-01-01,C1552,Laptop,Electronics,East,1,61622,61622,Net Banking,Store
2308,2026-12-19,C2476,Headphones,Accessories,Central,2,4142,8284,Cash,Distributor
2309,2026-07-06,C1156,Headphones,Accessories,North,3,3858,11574,Debit Card,Store
2310,2026-01-07,C2619,Printer,Office,East,3,11015,33045,UPI,Store
2311,2026-12-27,C2645,Headphones,Accessories,South,3,3705,11115,Cash,Distributor
2312,2026-12-26,C2758,Printer,Office,East,7,11032,77224,Debit Card,Distributor
2313,2026-03-08,C1931,Office Chair,Furniture,Central,8,10208,81664,Net Banking,Online
2314,2026-08-20,C2359,Desk,Furniture,East,10,13965,139650,Debit Card,Distributor
2315,2026-01-28,C2174,Desk,Furniture,South,2,13567,27134,Net Banking,Online
2316,2026-12-11,C2979,Monitor,Electronics,South,4,19323,77292,Net Banking,Online
2317,2026-07-08,C2620,Printer,Office,North,9,12905,116145,Debit Card,Distributor
2318,2026-05-05,C2193,Printer,Office,Central,6,12144,72864,Net Banking,Online
2319,2026-09-17,C2483,Desk,Furniture,Northeast,9,15051,135459,Cash,Store
2320,2026-05-24,C1596,Office Chair,Furniture,West,6,10780,64680,UPI,Store
2321,2026-09-19,C1610,Laptop,Electronics,Northeast,8,61906,495248,Debit Card,Store
2322,2026-05-28,C1062,Desk,Furniture,West,8,14736,117888,Credit Card,Store
2323,2026-11-27,C2525,Headphones,Accessories,North,2,4065,8130,UPI,Store
2324,2026-09-28,C2923,Keyboard,Accessories,North,4,3034,12136,UPI,Distributor
2325,2026-05-02,C1766,Office Chair,Furniture,North,6,10972,65832,Cash,Online
2326,2026-02-27,C2967,Mobile,Electronics,South,3,27451,82353,UPI,Distributor
2327,2026-10-31,C2525,Laptop,Electronics,Northeast,9,61389,552501,UPI,Store
2328,2026-08-25,C2164,Monitor,Electronics,East,3,20824,62472,Net Banking,Online
2329,2026-02-11,C2120,Tablet,Electronics,East,10,29589,295890,Credit Card,Online
2330,2026-12-21,C2581,Keyboard,Accessories,East,10,2804,28040,Credit Card,Store
2331,2026-08-19,C1040,Desk,Furniture,Central,9,14626,131634,Credit Card,Online
2332,2026-09-25,C2277,Desk,Furniture,South,8,15142,121136,Cash,Store
2333,2026-09-26,C2827,Keyboard,Accessories,West,6,3165,18990,Cash,Online
2334,2026-02-27,C2154,Printer,Office,North,9,12550,112950,Cash,Online
2335,2026-02-15,C1490,Tablet,Electronics,West,2,32801,65602,Credit Card,Online
2336,2026-04-08,C1059,Headphones,Accessories,West,2,3643,7286,Cash,Distributor
2337,2026-10-11,C1850,Tablet,Electronics,Central,6,30834,185004,Net Banking,Store
2338,2026-01-09,C1637,Desk,Furniture,West,3,15931,47793,Cash,Online
2339,2026-12-17,C1789,Desk,Furniture,Northeast,4,13953,55812,Debit Card,Distributor
2340,2026-02-07,C2467,Headphones,Accessories,East,6,3995,23970,UPI,Online
2341,2026-06-07,C2616,Printer,Office,South,3,10886,32658,Credit Card,Online
2342,2026-04-12,C2794,Mobile,Electronics,East,9,24611,221499,Cash,Online
2343,2026-02-01,C1843,Desk,Furniture,Central,4,15928,63712,Cash,Store
2344,2026-05-11,C1716,Monitor,Electronics,North,5,20501,102505,Cash,Distributor
2345,2026-10-08,C1852,Tablet,Electronics,South,3,28092,84276,Debit Card,Online
2346,2026-12-14,C1424,Laptop,Electronics,Central,8,60496,483968,Credit Card,Distributor
2347,2026-12-31,C2380,Mouse,Accessories,North,3,1535,4605,UPI,Online
2348,2026-06-07,C1402,Printer,Office,North,5,10803,54015,Debit Card,Store
2349,2026-04-29,C1165,Desk,Furniture,Northeast,4,14407,57628,Cash,Online
2350,2026-01-03,C2535,Office Chair,Furniture,North,7,10292,72044,Cash,Online
2351,2026-08-23,C1753,Printer,Office,North,3,11406,34218,Cash,Online
2352,2026-05-20,C1660,Tablet,Electronics,Central,7,29809,208663,Credit Card,Online
2353,2026-11-01,C2657,Monitor,Electronics,East,5,21841,109205,Net Banking,Online
2354,2026-06-15,C1886,Keyboard,Accessories,Central,7,2873,20111,Debit Card,Online
2355,2026-11-17,C2946,Mobile,Electronics,Central,9,26697,240273,Credit Card,Store
2356,2026-10-18,C2968,Mobile,Electronics,Central,10,25273,252730,UPI,Online
2357,2026-05-16,C2598,Monitor,Electronics,East,9,18470,166230,Debit Card,Store
2358,2026-02-14,C2077,Keyboard,Accessories,North,5,2803,14015,Credit Card,Store
2359,2026-05-07,C2691,Mouse,Accessories,North,7,1450,10150,Net Banking,Store
2360,2026-08-25,C2058,Monitor,Electronics,Northeast,9,19803,178227,UPI,Store
2361,2026-03-01,C2331,Printer,Office,Northeast,10,12384,123840,Credit Card,Store
2362,2026-11-04,C2255,Printer,Office,North,3,11905,35715,Credit Card,Store
2363,2026-06-26,C2431,Office Chair,Furniture,West,7,10165,71155,Cash,Online
2364,2026-09-09,C2000,Laptop,Electronics,West,10,65531,655310,Net Banking,Distributor
2365,2026-01-15,C2750,Printer,Office,Northeast,2,11758,23516,Net Banking,Store
2366,2026-02-25,C2625,Office Chair,Furniture,Northeast,4,9598,38392,Net Banking,Distributor
2367,2026-10-28,C1621,Laptop,Electronics,West,5,61096,305480,Net Banking,Distributor
2368,2026-05-14,C2183,Mobile,Electronics,North,5,23484,117420,Debit Card,Distributor
2369,2026-10-23,C2653,Office Chair,Furniture,South,7,10312,72184,Credit Card,Distributor
2370,2026-10-22,C2536,Headphones,Accessories,South,3,3991,11973,Cash,Store
2371,2026-08-12,C1408,Headphones,Accessories,South,6,4394,26364,UPI,Distributor
2372,2026-06-02,C2496,Desk,Furniture,North,10,14934,149340,Cash,Distributor
2373,2026-05-04,C2856,Tablet,Electronics,North,9,31460,283140,Debit Card,Store
2374,2026-07-19,C1284,Office Chair,Furniture,North,2,9005,18010,UPI,Distributor
2375,2026-03-04,C1487,Printer,Office,South,10,11565,115650,UPI,Distributor
2376,2026-12-11,C1250,Headphones,Accessories,North,3,3744,11232,Net Banking,Distributor
2377,2026-07-26,C1820,Mobile,Electronics,Central,4,25050,100200,Net Banking,Distributor
2378,2026-01-30,C1479,Keyboard,Accessories,Northeast,2,3046,6092,Net Banking,Distributor
2379,2026-05-20,C1743,Headphones,Accessories,East,7,4058,28406,Net Banking,Store
2380,2026-03-22,C1957,Tablet,Electronics,Northeast,1,31297,31297,Debit Card,Online
2381,2026-10-26,C2016,Mobile,Electronics,South,10,25097,250970,UPI,Online
2382,2026-05-03,C2264,Printer,Office,Central,4,12567,50268,Cash,Distributor
2383,2026-06-01,C2750,Tablet,Electronics,Northeast,1,27378,27378,Debit Card,Online
2384,2026-05-23,C2139,Laptop,Electronics,East,2,59287,118574,Cash,Distributor
2385,2026-01-02,C1823,Keyboard,Accessories,North,3,2922,8766,Net Banking,Distributor
2386,2026-05-11,C1995,Laptop,Electronics,North,9,56238,506142,UPI,Store
2387,2026-10-31,C2966,Desk,Furniture,North,9,13842,124578,Cash,Store
2388,2026-01-26,C1885,Monitor,Electronics,North,7,20646,144522,Cash,Store
2389,2026-01-02,C1159,Mouse,Accessories,Central,1,1371,1371,Credit Card,Store
2390,2026-05-01,C1945,Printer,Office,Central,8,12482,99856,Cash,Store
2391,2026-12-17,C2290,Mouse,Accessories,South,6,1589,9534,Net Banking,Store
2392,2026-01-15,C1326,Laptop,Electronics,West,9,58882,529938,Credit Card,Distributor
2393,2026-12-07,C2028,Laptop,Electronics,West,1,58747,58747,Net Banking,Store
2394,2026-06-14,C1867,Headphones,Accessories,South,2,3745,7490,Debit Card,Store
2395,2026-06-25,C2395,Office Chair,Furniture,Northeast,8,9663,77304,UPI,Store
2396,2026-06-12,C2452,Desk,Furniture,Northeast,6,15438,92628,Credit Card,Store
2397,2026-06-22,C2494,Monitor,Electronics,North,6,18705,112230,Net Banking,Online
2398,2026-10-12,C2347,Keyboard,Accessories,East,3,2713,8139,Net Banking,Store
2399,2026-05-27,C1081,Desk,Furniture,Central,4,13501,54004,Net Banking,Store
2400,2026-03-02,C1849,Monitor,Electronics,West,4,21651,86604,Credit Card,Distributor
2401,2026-06-09,C1155,Printer,Office,East,7,12837,89859,Debit Card,Distributor
2402,2026-02-23,C2617,Tablet,Electronics,North,8,32903,263224,Net Banking,Store
2403,2026-05-21,C1667,Desk,Furniture,South,1,16312,16312,Cash,Online
2404,2026-07-28,C1591,Office Chair,Furniture,North,10,9076,90760,Credit Card,Distributor
2405,2026-01-23,C1557,Desk,Furniture,South,6,14261,85566,Cash,Distributor
2406,2026-07-09,C1397,Headphones,Accessories,East,4,4252,17008,Debit Card,Distributor
2407,2026-07-01,C2870,Office Chair,Furniture,Northeast,6,9202,55212,Credit Card,Store
2408,2026-03-10,C1732,Office Chair,Furniture,Northeast,1,10013,10013,Cash,Distributor
2409,2026-11-01,C1200,Laptop,Electronics,West,5,60683,303415,Cash,Distributor
2410,2026-07-22,C2252,Keyboard,Accessories,Central,1,3026,3026,Credit Card,Store
2411,2026-06-27,C1287,Keyboard,Accessories,North,10,3170,31700,Credit Card,Distributor
2412,2026-09-02,C2805,Printer,Office,East,10,12485,124850,Debit Card,Online
2413,2026-11-13,C1933,Headphones,Accessories,North,4,3665,14660,Net Banking,Store
2414,2026-10-02,C2891,Keyboard,Accessories,North,4,2888,11552,Net Banking,Online
2415,2026-05-21,C1060,Keyboard,Accessories,East,1,2976,2976,Net Banking,Online
2416,2026-10-22,C1945,Printer,Office,North,8,12689,101512,Net Banking,Distributor
2417,2026-07-15,C2045,Desk,Furniture,South,8,15278,122224,Debit Card,Distributor
2418,2026-02-22,C2048,Printer,Office,West,10,13067,130670,Credit Card,Store
2419,2026-08-01,C1308,Printer,Office,North,4,12258,49032,Cash,Online
2420,2026-02-25,C2630,Laptop,Electronics,Northeast,6,65639,393834,UPI,Store
2421,2026-06-18,C2885,Printer,Office,East,8,10881,87048,Debit Card,Online
2422,2026-07-10,C1197,Tablet,Electronics,East,5,32658,163290,UPI,Distributor
2423,2026-09-03,C1128,Office Chair,Furniture,Central,1,9614,9614,Net Banking,Store
2424,2026-11-17,C1620,Tablet,Electronics,South,8,31892,255136,Credit Card,Store
2425,2026-06-16,C1796,Printer,Office,North,9,12690,114210,Credit Card,Store
2426,2026-08-02,C2450,Mouse,Accessories,Central,1,1570,1570,UPI,Online
2427,2026-06-14,C1933,Office Chair,Furniture,East,1,9969,9969,Net Banking,Online
2428,2026-09-18,C2040,Mouse,Accessories,North,1,1412,1412,Net Banking,Store
2429,2026-02-26,C1997,Desk,Furniture,North,3,14109,42327,UPI,Online
2430,2026-01-08,C2162,Tablet,Electronics,South,3,31658,94974,UPI,Distributor
2431,2026-01-30,C2438,Tablet,Electronics,North,3,30320,90960,Cash,Distributor
2432,2026-01-28,C2091,Mouse,Accessories,Northeast,9,1497,13473,Credit Card,Online
2433,2026-02-25,C1797,Desk,Furniture,East,6,13839,83034,Credit Card,Store
2434,2026-12-17,C1082,Mobile,Electronics,West,8,23064,184512,Credit Card,Online
2435,2026-04-10,C2978,Laptop,Electronics,West,2,55631,111262,Cash,Distributor
2436,2026-11-05,C2071,Laptop,Electronics,South,4,59603,238412,UPI,Online
2437,2026-05-20,C1079,Mobile,Electronics,North,3,25313,75939,Net Banking,Online
2438,2026-02-22,C1657,Monitor,Electronics,East,5,21875,109375,UPI,Store
2439,2026-11-24,C1530,Laptop,Electronics,East,2,63610,127220,Debit Card,Distributor
2440,2026-10-15,C2309,Mobile,Electronics,Northeast,6,23719,142314,Debit Card,Online
2441,2026-05-23,C2142,Mobile,Electronics,Central,6,23152,138912,Debit Card,Store
2442,2026-05-08,C2382,Office Chair,Furniture,Northeast,4,9248,36992,UPI,Online
2443,2026-03-03,C1939,Tablet,Electronics,West,7,27894,195258,Credit Card,Store
2444,2026-04-14,C2817,Headphones,Accessories,North,5,4092,20460,Debit Card,Online
2445,2026-08-02,C2094,Printer,Office,East,5,12181,60905,Cash,Distributor
2446,2026-05-27,C1765,Office Chair,Furniture,North,3,10533,31599,Credit Card,Store
2447,2026-12-04,C2014,Desk,Furniture,Northeast,7,14775,103425,Cash,Store
2448,2026-09-18,C1752,Printer,Office,West,6,12164,72984,Net Banking,Store
2449,2026-06-07,C2964,Office Chair,Furniture,Central,7,10287,72009,Credit Card,Online
2450,2026-04-10,C1427,Laptop,Electronics,East,10,55121,551210,UPI,Distributor
2451,2026-01-06,C1148,Monitor,Electronics,South,10,21394,213940,Debit Card,Online
2452,2026-04-23,C1340,Mouse,Accessories,West,7,1506,10542,Debit Card,Store
2453,2026-03-31,C1943,Mobile,Electronics,East,5,26284,131420,UPI,Store
2454,2026-04-12,C1937,Mobile,Electronics,Central,8,25325,202600,Debit Card,Distributor
2455,2026-01-24,C2180,Keyboard,Accessories,Northeast,9,2805,25245,Debit Card,Distributor
2456,2026-01-10,C2604,Desk,Furniture,West,10,13682,136820,Credit Card,Online
2457,2026-04-05,C1680,Desk,Furniture,South,9,14247,128223,UPI,Online
2458,2026-08-27,C1061,Keyboard,Accessories,North,2,2880,5760,UPI,Distributor
2459,2026-12-11,C1396,Keyboard,Accessories,East,8,2789,22312,Debit Card,Online
2460,2026-02-06,C2110,Mouse,Accessories,North,1,1391,1391,Debit Card,Online
2461,2026-06-22,C1995,Mouse,Accessories,South,8,1482,11856,Cash,Online
2462,2026-10-04,C2418,Printer,Office,South,1,10939,10939,UPI,Store
2463,2026-12-15,C2588,Tablet,Electronics,North,7,28884,202188,Net Banking,Store
2464,2026-11-15,C2692,Headphones,Accessories,North,5,4294,21470,Cash,Online
2465,2026-10-12,C2037,Printer,Office,Central,9,11826,106434,Cash,Online
2466,2026-09-03,C1297,Mouse,Accessories,South,6,1439,8634,Credit Card,Distributor
2467,2026-12-27,C2957,Headphones,Accessories,Central,9,4329,38961,Debit Card,Distributor
2468,2026-05-21,C1927,Printer,Office,West,5,10890,54450,Net Banking,Store
2469,2026-01-23,C2222,Mouse,Accessories,North,1,1540,1540,Net Banking,Online
2470,2026-08-10,C1337,Tablet,Electronics,South,7,31761,222327,Credit Card,Distributor
2471,2026-06-22,C1666,Mouse,Accessories,North,4,1370,5480,Debit Card,Distributor
2472,2026-11-11,C2687,Tablet,Electronics,North,7,30624,214368,UPI,Online
2473,2026-01-28,C2021,Desk,Furniture,West,6,14491,86946,UPI,Online
2474,2026-11-09,C1092,Desk,Furniture,Northeast,7,13959,97713,UPI,Online
2475,2026-08-10,C1091,Printer,Office,North,1,12788,12788,Credit Card,Distributor
2476,2026-05-19,C2792,Keyboard,Accessories,Northeast,9,2787,25083,Net Banking,Online
2477,2026-08-25,C1380,Office Chair,Furniture,East,6,10787,64722,Cash,Store
2478,2026-05-01,C1853,Office Chair,Furniture,Northeast,8,10768,86144,Debit Card,Online
2479,2026-07-20,C1960,Headphones,Accessories,West,4,3878,15512,Credit Card,Online
2480,2026-05-26,C2588,Tablet,Electronics,North,9,32606,293454,Cash,Distributor
2481,2026-02-21,C1557,Laptop,Electronics,Northeast,2,63603,127206,Credit Card,Distributor
2482,2026-12-04,C1059,Desk,Furniture,Northeast,8,13748,109984,Cash,Store
2483,2026-03-05,C2812,Mobile,Electronics,Northeast,10,25502,255020,Debit Card,Online
2484,2026-10-16,C1722,Tablet,Electronics,Central,2,31830,63660,Net Banking,Online
2485,2026-11-28,C2068,Keyboard,Accessories,West,8,3094,24752,Debit Card,Distributor
2486,2026-10-24,C1250,Laptop,Electronics,South,2,59331,118662,Net Banking,Distributor
2487,2026-03-21,C1386,Office Chair,Furniture,East,4,9769,39076,Debit Card,Online
2488,2026-12-05,C1829,Mouse,Accessories,Northeast,7,1577,11039,Cash,Distributor
2489,2026-10-04,C1393,Monitor,Electronics,East,3,20885,62655,Credit Card,Distributor
2490,2026-02-25,C2699,Office Chair,Furniture,Northeast,4,9565,38260,Debit Card,Distributor
2491,2026-11-01,C1069,Tablet,Electronics,Central,10,28877,288770,Cash,Distributor
2492,2026-02-01,C1324,Laptop,Electronics,Northeast,9,57442,516978,Debit Card,Store
2493,2026-08-22,C1711,Headphones,Accessories,Central,7,4326,30282,UPI,Online
2494,2026-03-11,C2887,Printer,Office,North,5,11261,56305,Cash,Store
2495,2026-04-04,C2606,Mouse,Accessories,Central,2,1589,3178,Credit Card,Distributor
2496,2026-07-11,C1402,Office Chair,Furniture,East,9,9271,83439,Net Banking,Store
2497,2026-01-17,C1993,Printer,Office,Northeast,7,11592,81144,Debit Card,Distributor
2498,2026-12-04,C1289,Keyboard,Accessories,Northeast,7,3234,22638,Credit Card,Online
2499,2026-10-29,C2702,Monitor,Electronics,South,8,18543,148344,Debit Card,Distributor
2500,2026-10-16,C1124,Mouse,Accessories,South,1,1377,1377,Cash,Online
2501,2026-04-30,C1405,Printer,Office,West,8,11480,91840,Cash,Online
2502,2026-06-03,C2522,Keyboard,Accessories,East,5,2751,13755,Debit Card,Online
2503,2026-09-21,C2154,Mobile,Electronics,Northeast,10,25264,252640,Net Banking,Distributor
2504,2026-04-03,C1110,Monitor,Electronics,East,2,19326,38652,Net Banking,Distributor
2505,2026-01-07,C1487,Monitor,Electronics,East,1,19555,19555,Credit Card,Store
2506,2026-02-08,C2495,Desk,Furniture,South,9,15045,135405,Debit Card,Store
2507,2026-01-04,C2236,Keyboard,Accessories,Central,4,2942,11768,Debit Card,Distributor
2508,2026-09-25,C1902,Mobile,Electronics,South,1,24503,24503,UPI,Online
2509,2026-10-11,C1681,Tablet,Electronics,Northeast,6,27110,162660,Cash,Store
2510,2026-08-24,C1127,Monitor,Electronics,Central,3,19747,59241,Net Banking,Online
2511,2026-08-17,C1091,Mouse,Accessories,Central,1,1440,1440,Debit Card,Store
2512,2026-07-28,C2381,Printer,Office,South,8,10980,87840,Credit Card,Distributor
2513,2026-11-18,C2451,Office Chair,Furniture,East,10,9354,93540,Cash,Online
2514,2026-03-13,C2237,Laptop,Electronics,East,9,63816,574344,UPI,Online
2515,2026-12-12,C2041,Laptop,Electronics,South,1,54802,54802,Debit Card,Store
2516,2026-01-14,C2274,Laptop,Electronics,North,2,63813,127626,Debit Card,Distributor
2517,2026-01-06,C1318,Mouse,Accessories,West,4,1619,6476,UPI,Store
2518,2026-04-13,C2495,Tablet,Electronics,North,2,29447,58894,Debit Card,Online
2519,2026-06-02,C2734,Tablet,Electronics,West,5,27986,139930,Net Banking,Online
2520,2026-12-10,C2175,Office Chair,Furniture,Central,1,10520,10520,UPI,Store
2521,2026-09-30,C1807,Mobile,Electronics,Northeast,10,25826,258260,UPI,Online
2522,2026-02-19,C2086,Tablet,Electronics,North,9,31502,283518,UPI,Online
2523,2026-05-17,C1668,Headphones,Accessories,South,5,4160,20800,Credit Card,Distributor
2524,2026-05-21,C2973,Tablet,Electronics,East,8,30161,241288,UPI,Store
2525,2026-06-28,C1371,Monitor,Electronics,East,2,18420,36840,Net Banking,Store
2526,2026-06-23,C2247,Tablet,Electronics,Central,5,32345,161725,UPI,Online
2527,2026-03-15,C1644,Keyboard,Accessories,East,2,3095,6190,UPI,Store
2528,2026-06-22,C1559,Tablet,Electronics,South,7,31336,219352,UPI,Online
2529,2026-03-04,C2741,Monitor,Electronics,Central,8,19887,159096,Net Banking,Distributor
2530,2026-03-07,C2686,Mobile,Electronics,North,2,23867,47734,Debit Card,Store
2531,2026-02-27,C2393,Printer,Office,Northeast,4,12493,49972,Credit Card,Distributor
2532,2026-05-11,C2354,Printer,Office,Northeast,1,10877,10877,Debit Card,Online
2533,2026-07-13,C1190,Mobile,Electronics,West,2,22967,45934,Cash,Store
2534,2026-03-05,C1160,Mobile,Electronics,East,4,24093,96372,Credit Card,Distributor
2535,2026-08-28,C2149,Monitor,Electronics,West,4,18294,73176,Debit Card,Store
2536,2026-06-01,C2328,Headphones,Accessories,East,9,3714,33426,UPI,Online
2537,2026-12-02,C2056,Tablet,Electronics,East,3,31794,95382,UPI,Store
2538,2026-11-28,C1601,Headphones,Accessories,Central,1,4103,4103,Cash,Distributor
2539,2026-03-25,C1740,Keyboard,Accessories,North,9,2902,26118,Cash,Store
2540,2026-05-27,C2692,Printer,Office,West,4,11815,47260,Cash,Distributor
2541,2026-11-04,C2462,Monitor,Electronics,South,5,20823,104115,Net Banking,Online
2542,2026-11-27,C2885,Keyboard,Accessories,Central,7,3219,22533,Debit Card,Online
2543,2026-09-18,C2917,Monitor,Electronics,West,4,19626,78504,Credit Card,Store
2544,2026-10-19,C1390,Desk,Furniture,Northeast,10,14765,147650,Credit Card,Online
2545,2026-07-09,C2640,Office Chair,Furniture,North,9,10331,92979,UPI,Distributor
2546,2026-08-31,C2278,Office Chair,Furniture,Central,4,10161,40644,Credit Card,Distributor
2547,2026-07-10,C1864,Printer,Office,West,1,11054,11054,UPI,Store
2548,2026-07-30,C2516,Laptop,Electronics,East,4,60356,241424,Cash,Store
2549,2026-04-01,C1127,Headphones,Accessories,South,2,4308,8616,Debit Card,Store
2550,2026-12-01,C2067,Tablet,Electronics,East,4,29464,117856,Debit Card,Distributor
2551,2026-05-12,C1559,Office Chair,Furniture,Central,7,9642,67494,Credit Card,Online
2552,2026-01-08,C1913,Laptop,Electronics,East,10,63979,639790,Debit Card,Online
2553,2026-07-08,C1386,Tablet,Electronics,West,9,31486,283374,UPI,Store
2554,2026-07-20,C2446,Mouse,Accessories,East,1,1392,1392,Credit Card,Distributor
2555,2026-09-04,C2637,Keyboard,Accessories,West,5,2973,14865,Credit Card,Store
2556,2026-07-03,C1545,Headphones,Accessories,West,4,3941,15764,UPI,Store
2557,2026-06-11,C2280,Mouse,Accessories,Northeast,10,1537,15370,Debit Card,Online
2558,2026-10-06,C2334,Office Chair,Furniture,West,5,10193,50965,Cash,Online
2559,2026-03-08,C2508,Tablet,Electronics,Northeast,4,28507,114028,UPI,Distributor
2560,2026-11-03,C2677,Keyboard,Accessories,Northeast,4,2868,11472,Credit Card,Distributor
2561,2026-06-10,C1023,Tablet,Electronics,South,2,28951,57902,Credit Card,Online
2562,2026-06-06,C1286,Mobile,Electronics,East,4,23667,94668,UPI,Store
2563,2026-11-28,C1817,Printer,Office,North,3,11695,35085,Net Banking,Online
2564,2026-05-31,C1436,Monitor,Electronics,Central,2,18888,37776,Credit Card,Distributor
2565,2026-05-15,C1157,Desk,Furniture,Northeast,3,16125,48375,Debit Card,Distributor
2566,2026-01-29,C1169,Mobile,Electronics,Northeast,4,24895,99580,Credit Card,Distributor
2567,2026-07-17,C2345,Printer,Office,West,2,12361,24722,Debit Card,Distributor
2568,2026-07-28,C2313,Monitor,Electronics,East,3,21070,63210,Net Banking,Online
2569,2026-10-02,C1692,Mouse,Accessories,North,9,1621,14589,Credit Card,Distributor
2570,2026-07-10,C1433,Mobile,Electronics,South,1,25634,25634,Credit Card,Distributor
2571,2026-01-04,C2263,Monitor,Electronics,Central,4,19418,77672,Debit Card,Store
2572,2026-07-08,C1039,Printer,Office,East,2,12428,24856,Credit Card,Store
2573,2026-05-03,C1690,Mobile,Electronics,North,10,25117,251170,Cash,Store
2574,2026-08-23,C2397,Headphones,Accessories,West,1,3953,3953,UPI,Store
2575,2026-06-28,C1377,Office Chair,Furniture,Northeast,3,9794,29382,Credit Card,Store
2576,2026-10-10,C1913,Headphones,Accessories,West,9,4247,38223,Debit Card,Online
2577,2026-08-13,C2902,Laptop,Electronics,Northeast,2,65966,131932,Credit Card,Online
2578,2026-11-01,C2698,Keyboard,Accessories,North,8,3045,24360,Net Banking,Store
2579,2026-02-10,C2305,Monitor,Electronics,East,3,20517,61551,Credit Card,Online
2580,2026-09-07,C2929,Office Chair,Furniture,North,9,10389,93501,Net Banking,Online
2581,2026-04-21,C1443,Printer,Office,West,5,11257,56285,UPI,Online
2582,2026-06-07,C1450,Laptop,Electronics,South,8,54414,435312,Credit Card,Online
2583,2026-06-26,C1016,Mobile,Electronics,East,2,22881,45762,Cash,Store
2584,2026-01-05,C1172,Keyboard,Accessories,North,9,2920,26280,Debit Card,Distributor
2585,2026-11-14,C2617,Mouse,Accessories,South,10,1640,16400,Debit Card,Online
2586,2026-02-22,C1694,Keyboard,Accessories,Northeast,10,3151,31510,Net Banking,Online
2587,2026-11-13,C1214,Laptop,Electronics,West,3,64550,193650,UPI,Store
2588,2026-01-27,C2536,Laptop,Electronics,Central,3,54196,162588,UPI,Online
2589,2026-02-05,C1904,Headphones,Accessories,West,7,3948,27636,Debit Card,Online
2590,2026-08-01,C1896,Printer,Office,North,10,11341,113410,Debit Card,Distributor
2591,2026-06-16,C1985,Desk,Furniture,North,7,13513,94591,UPI,Store
2592,2026-06-14,C1084,Tablet,Electronics,West,1,32816,32816,Cash,Distributor
2593,2026-05-22,C2413,Monitor,Electronics,North,2,20695,41390,Credit Card,Online
2594,2026-08-19,C2360,Tablet,Electronics,South,1,30794,30794,Credit Card,Distributor
2595,2026-08-28,C1674,Headphones,Accessories,West,1,3885,3885,Net Banking,Store
2596,2026-07-29,C2380,Tablet,Electronics,North,8,29128,233024,Credit Card,Store
2597,2026-12-10,C1296,Laptop,Electronics,East,8,61325,490600,Cash,Store
2598,2026-06-17,C2116,Monitor,Electronics,South,1,19975,19975,Cash,Distributor
2599,2026-09-07,C2916,Monitor,Electronics,Central,8,19024,152192,Net Banking,Online
2600,2026-02-16,C1725,Mouse,Accessories,Northeast,5,1495,7475,Credit Card,Store
2601,2026-06-15,C1767,Tablet,Electronics,South,6,30406,182436,UPI,Distributor
2602,2026-08-15,C2361,Printer,Office,North,2,12304,24608,Cash,Store
2603,2026-06-29,C2627,Monitor,Electronics,North,8,19850,158800,Cash,Distributor
2604,2026-04-13,C2591,Laptop,Electronics,East,4,54833,219332,Debit Card,Distributor
2605,2026-12-18,C1775,Desk,Furniture,Northeast,7,15125,105875,Debit Card,Online
2606,2026-02-27,C2373,Printer,Office,Northeast,3,11920,35760,Credit Card,Online
2607,2026-04-23,C1654,Headphones,Accessories,East,10,4029,40290,Debit Card,Distributor
2608,2026-11-11,C2204,Tablet,Electronics,East,1,30171,30171,Net Banking,Store
2609,2026-09-17,C2944,Laptop,Electronics,East,7,64661,452627,Credit Card,Store
2610,2026-04-23,C1779,Tablet,Electronics,West,6,30383,182298,UPI,Store
2611,2026-06-27,C1425,Monitor,Electronics,South,8,19047,152376,Net Banking,Store
2612,2026-07-07,C1167,Tablet,Electronics,South,8,29984,239872,Debit Card,Store
2613,2026-12-31,C1134,Mouse,Accessories,South,6,1563,9378,Credit Card,Distributor
2614,2026-08-04,C1978,Tablet,Electronics,West,9,32994,296946,Net Banking,Distributor
2615,2026-08-08,C1022,Tablet,Electronics,West,1,32638,32638,Credit Card,Store
2616,2026-08-03,C1423,Keyboard,Accessories,Northeast,2,3184,6368,UPI,Store
2617,2026-07-13,C1814,Printer,Office,Central,5,11125,55625,Credit Card,Distributor
2618,2026-03-09,C2864,Desk,Furniture,West,7,14593,102151,Net Banking,Distributor
2619,2026-03-30,C1044,Tablet,Electronics,South,2,31751,63502,Credit Card,Distributor
2620,2026-09-09,C1671,Monitor,Electronics,North,1,20177,20177,Cash,Store
2621,2026-05-13,C2957,Tablet,Electronics,Northeast,2,30210,60420,Net Banking,Online
2622,2026-08-25,C2618,Printer,Office,Northeast,6,12069,72414,UPI,Store
2623,2026-05-31,C1657,Printer,Office,East,10,12993,129930,UPI,Online
2624,2026-06-27,C1707,Monitor,Electronics,North,3,20007,60021,Net Banking,Store
2625,2026-02-26,C2325,Tablet,Electronics,Northeast,8,29372,234976,Credit Card,Distributor
2626,2026-08-12,C2697,Mobile,Electronics,East,3,23136,69408,Credit Card,Distributor
2627,2026-08-17,C2960,Tablet,Electronics,Central,10,29073,290730,Net Banking,Distributor
2628,2026-05-15,C2693,Mobile,Electronics,Central,8,22808,182464,Net Banking,Store
2629,2026-03-29,C1089,Monitor,Electronics,North,3,20882,62646,Net Banking,Online
2630,2026-03-17,C1005,Mouse,Accessories,Central,5,1447,7235,Net Banking,Store
2631,2026-11-10,C2548,Office Chair,Furniture,North,6,10462,62772,Cash,Store
2632,2026-11-21,C1685,Monitor,Electronics,East,4,19060,76240,UPI,Store
2633,2026-03-20,C2484,Keyboard,Accessories,East,7,2790,19530,UPI,Distributor
2634,2026-09-07,C2663,Desk,Furniture,West,3,15953,47859,Credit Card,Distributor
2635,2026-10-28,C1745,Mouse,Accessories,South,6,1450,8700,Credit Card,Distributor
2636,2026-04-11,C1906,Mouse,Accessories,South,2,1650,3300,Cash,Online
2637,2026-05-23,C2134,Desk,Furniture,North,8,15284,122272,Cash,Distributor
2638,2026-09-14,C1551,Tablet,Electronics,Northeast,7,29981,209867,Credit Card,Distributor
2639,2026-04-15,C1480,Desk,Furniture,Central,10,13517,135170,Debit Card,Online
2640,2026-05-15,C1765,Tablet,Electronics,North,6,29076,174456,Credit Card,Distributor
2641,2026-04-29,C2608,Printer,Office,Central,8,12908,103264,Debit Card,Store
2642,2026-05-06,C1714,Desk,Furniture,West,4,14039,56156,UPI,Online
2643,2026-04-07,C2017,Tablet,Electronics,North,9,28080,252720,UPI,Distributor
2644,2026-11-21,C2892,Office Chair,Furniture,South,4,10812,43248,Cash,Online
2645,2026-03-21,C1261,Tablet,Electronics,North,9,32021,288189,Credit Card,Distributor
2646,2026-01-11,C2630,Mouse,Accessories,South,9,1481,13329,Net Banking,Store
2647,2026-09-17,C1113,Desk,Furniture,West,9,15364,138276,Debit Card,Online
2648,2026-07-08,C1621,Office Chair,Furniture,Northeast,10,10929,109290,Net Banking,Store
2649,2026-02-06,C2836,Mobile,Electronics,Northeast,10,25698,256980,Net Banking,Online
2650,2026-02-23,C2716,Mobile,Electronics,West,4,24736,98944,Net Banking,Distributor
2651,2026-09-03,C2993,Keyboard,Accessories,Northeast,1,3278,3278,UPI,Distributor
2652,2026-05-19,C2624,Office Chair,Furniture,West,5,10509,52545,Credit Card,Distributor
2653,2026-06-15,C1692,Tablet,Electronics,North,7,30271,211897,UPI,Store
2654,2026-09-03,C2235,Mouse,Accessories,North,9,1648,14832,UPI,Distributor
2655,2026-02-14,C2818,Tablet,Electronics,South,3,28128,84384,UPI,Store
2656,2026-05-14,C1369,Desk,Furniture,East,3,16457,49371,UPI,Distributor
2657,2026-10-31,C2802,Office Chair,Furniture,South,3,10922,32766,Credit Card,Store
2658,2026-04-09,C1648,Mobile,Electronics,West,5,23311,116555,Debit Card,Store
2659,2026-09-04,C1004,Desk,Furniture,East,3,14947,44841,UPI,Distributor
2660,2026-05-09,C1341,Office Chair,Furniture,Northeast,5,10340,51700,UPI,Distributor
2661,2026-01-21,C2462,Monitor,Electronics,West,2,18897,37794,UPI,Store
2662,2026-10-20,C2681,Monitor,Electronics,Northeast,1,21262,21262,Credit Card,Distributor
2663,2026-07-24,C1533,Laptop,Electronics,West,7,54360,380520,Debit Card,Distributor
2664,2026-05-23,C1207,Desk,Furniture,North,6,15701,94206,Net Banking,Online
2665,2026-11-29,C2215,Desk,Furniture,Northeast,4,15986,63944,Credit Card,Distributor
2666,2026-12-22,C2479,Tablet,Electronics,South,5,28069,140345,Debit Card,Online
2667,2026-10-01,C1271,Headphones,Accessories,Northeast,9,3735,33615,UPI,Store
2668,2026-08-26,C2831,Keyboard,Accessories,East,4,2787,11148,Net Banking,Store
2669,2026-04-25,C2978,Monitor,Electronics,Central,9,20357,183213,Credit Card,Distributor
2670,2026-11-17,C2712,Headphones,Accessories,South,3,3857,11571,Cash,Distributor
2671,2026-03-28,C2355,Laptop,Electronics,Central,9,64508,580572,Cash,Distributor
2672,2026-04-18,C2888,Keyboard,Accessories,North,4,3206,12824,Cash,Distributor
2673,2026-06-22,C2726,Headphones,Accessories,Northeast,5,4198,20990,Net Banking,Store
2674,2026-11-05,C2585,Printer,Office,East,4,12631,50524,UPI,Store
2675,2026-01-25,C2035,Office Chair,Furniture,Central,7,9657,67599,Net Banking,Store
2676,2026-07-13,C1313,Tablet,Electronics,East,2,31675,63350,Debit Card,Distributor
2677,2026-02-21,C1546,Mobile,Electronics,North,1,26061,26061,Credit Card,Distributor
2678,2026-01-28,C2706,Printer,Office,North,6,11799,70794,Debit Card,Store
2679,2026-01-24,C2433,Mobile,Electronics,South,5,24510,122550,UPI,Store
2680,2026-07-21,C2474,Printer,Office,North,1,11398,11398,UPI,Distributor
2681,2026-03-27,C2739,Monitor,Electronics,West,10,20346,203460,Net Banking,Distributor
2682,2026-07-28,C1693,Monitor,Electronics,Northeast,8,20432,163456,UPI,Store
2683,2026-11-10,C1343,Desk,Furniture,South,2,15938,31876,Credit Card,Store
2684,2026-10-11,C2128,Printer,Office,South,9,12556,113004,Debit Card,Online
2685,2026-02-07,C1892,Headphones,Accessories,Northeast,7,4113,28791,Credit Card,Distributor
2686,2026-08-13,C2284,Monitor,Electronics,West,8,20564,164512,Debit Card,Store
2687,2026-06-18,C1038,Monitor,Electronics,South,3,18414,55242,Cash,Distributor
2688,2026-02-20,C1698,Mouse,Accessories,Central,3,1455,4365,Cash,Store
2689,2026-09-16,C1848,Office Chair,Furniture,South,10,10922,109220,Credit Card,Store
2690,2026-08-14,C1079,Printer,Office,South,10,12715,127150,Cash,Store
2691,2026-04-21,C1819,Laptop,Electronics,West,2,63279,126558,UPI,Online
2692,2026-01-06,C1052,Laptop,Electronics,Central,1,62351,62351,Debit Card,Distributor
2693,2026-09-16,C2834,Mouse,Accessories,South,9,1625,14625,Net Banking,Online
2694,2026-05-31,C2428,Desk,Furniture,Northeast,5,14400,72000,Net Banking,Store
2695,2026-05-08,C1326,Office Chair,Furniture,South,3,10481,31443,UPI,Store
2696,2026-10-15,C1911,Laptop,Electronics,South,9,57389,516501,Debit Card,Distributor
2697,2026-01-09,C1796,Mobile,Electronics,Northeast,8,24618,196944,Credit Card,Online
2698,2026-04-06,C2392,Desk,Furniture,South,3,15212,45636,Debit Card,Store
2699,2026-06-10,C1409,Monitor,Electronics,West,4,20520,82080,Net Banking,Online
2700,2026-05-29,C1359,Mouse,Accessories,East,10,1620,16200,Debit Card,Store
2701,2026-08-19,C1801,Monitor,Electronics,North,9,18664,167976,Net Banking,Distributor
2702,2026-09-12,C1331,Office Chair,Furniture,North,10,10067,100670,UPI,Store
2703,2026-04-10,C2887,Office Chair,Furniture,Central,5,9294,46470,Debit Card,Store
2704,2026-07-15,C2115,Monitor,Electronics,East,5,20172,100860,Cash,Distributor
2705,2026-05-20,C2546,Mouse,Accessories,North,8,1545,12360,UPI,Store
2706,2026-10-13,C1601,Printer,Office,South,1,12909,12909,UPI,Store
2707,2026-03-17,C2668,Mouse,Accessories,West,2,1366,2732,Credit Card,Online
2708,2026-02-13,C2368,Laptop,Electronics,Northeast,5,65396,326980,Credit Card,Online
2709,2026-10-27,C1206,Laptop,Electronics,Northeast,6,64707,388242,Debit Card,Distributor
2710,2026-05-17,C2486,Laptop,Electronics,North,1,56515,56515,Debit Card,Store
2711,2026-04-22,C2917,Monitor,Electronics,East,7,19931,139517,Credit Card,Online
2712,2026-07-20,C2333,Keyboard,Accessories,West,4,2898,11592,UPI,Online
2713,2026-12-10,C1483,Mouse,Accessories,Northeast,1,1386,1386,Cash,Online
2714,2026-10-11,C1698,Headphones,Accessories,West,5,4206,21030,Credit Card,Online
2715,2026-10-30,C1425,Printer,Office,South,10,12365,123650,Debit Card,Online
2716,2026-06-13,C1886,Laptop,Electronics,Central,5,54952,274760,Credit Card,Online
2717,2026-09-01,C2555,Printer,Office,Northeast,6,11446,68676,Cash,Distributor
2718,2026-02-14,C2509,Monitor,Electronics,Northeast,8,20581,164648,Credit Card,Store
2719,2026-11-14,C2201,Laptop,Electronics,Northeast,4,65128,260512,UPI,Online
2720,2026-09-01,C2905,Mobile,Electronics,Central,8,23059,184472,UPI,Store
2721,2026-07-24,C1071,Mobile,Electronics,Central,8,24389,195112,UPI,Distributor
2722,2026-05-31,C1228,Monitor,Electronics,North,2,21506,43012,Cash,Distributor
2723,2026-04-08,C1332,Laptop,Electronics,East,2,62942,125884,Debit Card,Online
2724,2026-07-07,C2156,Laptop,Electronics,Central,5,62255,311275,Credit Card,Online
2725,2026-10-10,C1431,Tablet,Electronics,Central,1,30255,30255,Cash,Store
2726,2026-12-15,C1901,Desk,Furniture,East,9,15819,142371,UPI,Store
2727,2026-07-16,C2198,Mobile,Electronics,West,2,25809,51618,UPI,Store
2728,2026-11-23,C2233,Mobile,Electronics,South,7,22921,160447,Net Banking,Store
2729,2026-03-26,C2779,Keyboard,Accessories,North,7,2975,20825,UPI,Distributor
2730,2026-11-08,C2214,Office Chair,Furniture,East,8,9396,75168,Credit Card,Distributor
2731,2026-07-30,C1190,Printer,Office,Central,9,10938,98442,Cash,Store
2732,2026-10-27,C1488,Mouse,Accessories,East,5,1587,7935,Credit Card,Store
2733,2026-01-10,C1790,Laptop,Electronics,West,8,59459,475672,UPI,Store
2734,2026-09-02,C1608,Mobile,Electronics,South,2,27053,54106,Credit Card,Store
2735,2026-03-08,C1339,Mobile,Electronics,Central,10,24675,246750,Net Banking,Store
2736,2026-05-18,C1886,Desk,Furniture,North,10,16095,160950,Net Banking,Online
2737,2026-10-09,C1314,Office Chair,Furniture,South,8,10474,83792,Debit Card,Online
2738,2026-04-06,C1720,Keyboard,Accessories,West,7,3273,22911,Net Banking,Store
2739,2026-05-20,C2116,Laptop,Electronics,East,7,63866,447062,UPI,Online
2740,2026-10-05,C1614,Monitor,Electronics,West,3,20009,60027,Debit Card,Distributor
2741,2026-09-10,C1561,Printer,Office,West,4,11676,46704,UPI,Distributor
2742,2026-01-05,C1483,Laptop,Electronics,Central,3,54579,163737,UPI,Distributor
2743,2026-05-27,C1465,Keyboard,Accessories,West,2,3031,6062,Cash,Online
2744,2026-07-06,C2046,Tablet,Electronics,West,1,32809,32809,Debit Card,Store
2745,2026-03-11,C2549,Office Chair,Furniture,North,5,10436,52180,Net Banking,Online
2746,2026-12-30,C2255,Office Chair,Furniture,Central,9,9384,84456,Credit Card,Store
2747,2026-01-04,C1049,Tablet,Electronics,South,1,29569,29569,Cash,Store
2748,2026-07-12,C1463,Keyboard,Accessories,North,7,3257,22799,Cash,Store
2749,2026-05-25,C1883,Laptop,Electronics,North,7,55732,390124,Credit Card,Store
2750,2026-01-20,C2016,Printer,Office,North,4,13140,52560,Credit Card,Store
2751,2026-03-12,C2438,Printer,Office,East,10,12157,121570,Debit Card,Online
2752,2026-01-04,C2167,Tablet,Electronics,West,2,27238,54476,Debit Card,Online
2753,2026-02-04,C2894,Printer,Office,Northeast,10,11045,110450,Cash,Store
2754,2026-05-28,C1709,Mobile,Electronics,South,9,23237,209133,UPI,Store
2755,2026-01-16,C1679,Mobile,Electronics,West,5,24614,123070,Net Banking,Online
2756,2026-05-02,C2998,Laptop,Electronics,East,8,60181,481448,Credit Card,Store
2757,2026-03-03,C2878,Printer,Office,South,2,12430,24860,UPI,Store
2758,2026-10-14,C2813,Office Chair,Furniture,Central,3,9554,28662,Cash,Online
2759,2026-08-25,C1196,Mobile,Electronics,Central,8,25224,201792,Cash,Distributor
2760,2026-03-17,C2950,Tablet,Electronics,North,4,30262,121048,Credit Card,Online
2761,2026-02-05,C2576,Printer,Office,West,5,12136,60680,Credit Card,Store
2762,2026-10-30,C1687,Desk,Furniture,North,5,15898,79490,Net Banking,Distributor
2763,2026-09-09,C2936,Office Chair,Furniture,Northeast,5,9305,46525,Credit Card,Store
2764,2026-10-24,C1031,Desk,Furniture,East,9,15099,135891,Cash,Store
2765,2026-12-04,C1767,Mobile,Electronics,North,4,27002,108008,Net Banking,Store
2766,2026-02-16,C2866,Mouse,Accessories,North,10,1461,14610,Debit Card,Online
2767,2026-10-19,C1311,Mouse,Accessories,East,3,1440,4320,Cash,Distributor
2768,2026-03-19,C2038,Laptop,Electronics,South,4,55298,221192,UPI,Distributor
2769,2026-02-14,C2758,Laptop,Electronics,North,1,58343,58343,Cash,Online
2770,2026-06-23,C2511,Monitor,Electronics,East,4,18662,74648,UPI,Distributor
2771,2026-06-22,C1609,Printer,Office,West,6,12850,77100,Net Banking,Distributor
2772,2026-08-12,C1401,Mobile,Electronics,West,9,25990,233910,Cash,Store
2773,2026-08-31,C1146,Desk,Furniture,Central,10,14779,147790,Debit Card,Online
2774,2026-03-21,C2697,Headphones,Accessories,Northeast,9,4074,36666,Cash,Store
2775,2026-07-23,C1878,Headphones,Accessories,West,6,3697,22182,Credit Card,Online
2776,2026-03-25,C2211,Mouse,Accessories,South,8,1437,11496,Credit Card,Online
2777,2026-07-28,C2976,Laptop,Electronics,Central,9,64106,576954,Credit Card,Online
2778,2026-06-07,C2213,Tablet,Electronics,Central,9,29995,269955,Cash,Distributor
2779,2026-01-04,C2604,Keyboard,Accessories,South,6,3150,18900,Credit Card,Distributor
2780,2026-12-23,C1494,Monitor,Electronics,Northeast,3,20180,60540,Credit Card,Online
2781,2026-08-19,C2159,Mobile,Electronics,East,7,23426,163982,Net Banking,Store
2782,2026-12-25,C1305,Tablet,Electronics,East,8,30707,245656,Credit Card,Store
2783,2026-06-15,C2962,Printer,Office,East,7,10935,76545,Net Banking,Distributor
2784,2026-11-12,C2319,Monitor,Electronics,East,5,19301,96505,Debit Card,Online
2785,2026-05-18,C1433,Office Chair,Furniture,Northeast,10,9338,93380,Net Banking,Online
2786,2026-07-27,C2426,Printer,Office,South,5,11016,55080,Net Banking,Store
2787,2026-06-08,C1376,Printer,Office,East,6,12146,72876,Net Banking,Online
2788,2026-06-27,C1349,Monitor,Electronics,East,10,20171,201710,Net Banking,Distributor
2789,2026-06-07,C1642,Mobile,Electronics,East,5,24028,120140,Cash,Online
2790,2026-09-20,C1718,Desk,Furniture,North,5,15336,76680,Net Banking,Online
2791,2026-05-05,C1207,Desk,Furniture,East,6,13911,83466,Net Banking,Distributor
2792,2026-12-29,C2703,Monitor,Electronics,South,6,19928,119568,Debit Card,Online
2793,2026-06-10,C2626,Office Chair,Furniture,Northeast,10,9516,95160,Cash,Online
2794,2026-01-02,C1204,Office Chair,Furniture,West,5,10497,52485,Credit Card,Online
2795,2026-05-17,C2693,Monitor,Electronics,Central,2,20533,41066,UPI,Online
2796,2026-06-11,C2368,Printer,Office,West,8,11506,92048,Cash,Store
2797,2026-07-02,C1627,Monitor,Electronics,East,3,19017,57051,Cash,Store
2798,2026-09-21,C2628,Desk,Furniture,Central,1,14146,14146,Debit Card,Online
2799,2026-09-13,C1580,Office Chair,Furniture,South,2,10568,21136,Debit Card,Store
2800,2026-05-18,C2318,Keyboard,Accessories,East,10,2729,27290,Net Banking,Distributor
2801,2026-09-13,C1325,Laptop,Electronics,West,3,55961,167883,Debit Card,Online
2802,2026-11-30,C1359,Desk,Furniture,North,2,16360,32720,UPI,Online
2803,2026-11-29,C1588,Mobile,Electronics,East,2,27189,54378,Cash,Distributor
2804,2026-03-14,C1712,Desk,Furniture,North,2,15495,30990,Debit Card,Online
2805,2026-05-06,C2947,Headphones,Accessories,Northeast,6,4203,25218,UPI,Distributor
2806,2026-04-18,C2248,Headphones,Accessories,North,9,4305,38745,UPI,Online
2807,2026-03-19,C2869,Mobile,Electronics,Northeast,7,25829,180803,Net Banking,Online
2808,2026-07-11,C2600,Monitor,Electronics,South,5,19932,99660,UPI,Online
2809,2026-04-20,C1543,Printer,Office,Central,2,12287,24574,Credit Card,Distributor
2810,2026-02-14,C1445,Laptop,Electronics,Central,5,63444,317220,Debit Card,Store
2811,2026-10-15,C1352,Desk,Furniture,South,2,13629,27258,UPI,Online
2812,2026-12-26,C2952,Desk,Furniture,South,4,15818,63272,Credit Card,Distributor
2813,2026-01-25,C1424,Office Chair,Furniture,West,6,9139,54834,UPI,Online
2814,2026-12-18,C2357,Tablet,Electronics,West,8,32736,261888,Credit Card,Store
2815,2026-04-09,C1891,Desk,Furniture,Central,2,13916,27832,Cash,Store
2816,2026-07-25,C2096,Printer,Office,Central,1,11402,11402,UPI,Distributor
2817,2026-03-31,C1462,Keyboard,Accessories,West,3,2941,8823,UPI,Store
2818,2026-06-18,C1366,Mouse,Accessories,North,3,1516,4548,Net Banking,Online
2819,2026-06-14,C2312,Laptop,Electronics,West,8,54217,433736,Net Banking,Distributor
2820,2026-12-02,C1867,Tablet,Electronics,South,3,29820,89460,UPI,Online
2821,2026-09-27,C2759,Desk,Furniture,North,4,16277,65108,UPI,Store
2822,2026-02-10,C2534,Printer,Office,East,6,13178,79068,Net Banking,Store
2823,2026-09-08,C2991,Mobile,Electronics,Northeast,5,25762,128810,Cash,Distributor
2824,2026-02-12,C1304,Tablet,Electronics,East,2,30117,60234,Net Banking,Store
2825,2026-05-24,C2991,Monitor,Electronics,Central,10,21455,214550,Credit Card,Distributor
2826,2026-03-05,C2303,Tablet,Electronics,North,9,31983,287847,Credit Card,Distributor
2827,2026-03-16,C1569,Printer,Office,North,5,12497,62485,Cash,Online
2828,2026-04-23,C2875,Mobile,Electronics,South,8,27208,217664,Debit Card,Store
2829,2026-02-19,C2794,Monitor,Electronics,South,10,18447,184470,UPI,Store
2830,2026-02-03,C1235,Keyboard,Accessories,North,10,2769,27690,Debit Card,Store
2831,2026-05-13,C2238,Office Chair,Furniture,Northeast,5,10818,54090,Net Banking,Online
2832,2026-04-14,C1338,Desk,Furniture,Northeast,1,13871,13871,UPI,Distributor
2833,2026-12-17,C2478,Printer,Office,Central,6,13152,78912,Debit Card,Distributor
2834,2026-10-30,C2837,Monitor,Electronics,South,4,20703,82812,Debit Card,Store
2835,2026-09-01,C1112,Headphones,Accessories,West,4,3970,15880,UPI,Distributor
2836,2026-02-07,C1421,Mobile,Electronics,North,7,27450,192150,Net Banking,Store
2837,2026-05-10,C1136,Office Chair,Furniture,South,4,10844,43376,Net Banking,Online
2838,2026-02-16,C2557,Tablet,Electronics,Northeast,10,28416,284160,Debit Card,Online
2839,2026-10-31,C1005,Headphones,Accessories,South,6,3653,21918,Net Banking,Distributor
2840,2026-02-01,C2138,Keyboard,Accessories,West,6,3069,18414,Cash,Online
2841,2026-03-17,C1336,Laptop,Electronics,Central,2,59374,118748,Net Banking,Store
2842,2026-03-06,C2379,Mouse,Accessories,North,10,1626,16260,Debit Card,Distributor
2843,2026-05-17,C1454,Printer,Office,Northeast,7,10849,75943,Net Banking,Distributor
2844,2026-10-12,C2427,Mouse,Accessories,Central,3,1569,4707,Cash,Distributor
2845,2026-12-31,C2075,Headphones,Accessories,Northeast,10,4341,43410,Net Banking,Distributor
2846,2026-08-03,C2555,Monitor,Electronics,South,10,20440,204400,UPI,Store
2847,2026-08-21,C2336,Headphones,Accessories,North,4,3683,14732,Debit Card,Online
2848,2026-11-09,C1262,Laptop,Electronics,Central,1,58079,58079,Credit Card,Store
2849,2026-06-17,C2026,Mobile,Electronics,Northeast,8,26738,213904,UPI,Store
2850,2026-12-15,C1011,Desk,Furniture,South,2,13701,27402,Net Banking,Online
2851,2026-03-25,C2545,Headphones,Accessories,West,8,4279,34232,Debit Card,Store
2852,2026-08-01,C2497,Laptop,Electronics,North,5,64632,323160,UPI,Distributor
2853,2026-09-02,C2734,Printer,Office,Central,6,11404,68424,UPI,Distributor
2854,2026-08-02,C2856,Mouse,Accessories,North,9,1393,12537,Credit Card,Store
2855,2026-12-19,C2167,Headphones,Accessories,East,9,4066,36594,Credit Card,Distributor
2856,2026-08-25,C2960,Laptop,Electronics,West,5,60081,300405,Debit Card,Store
2857,2026-10-06,C1779,Laptop,Electronics,Central,9,58193,523737,Credit Card,Store
2858,2026-06-17,C2850,Mouse,Accessories,North,1,1645,1645,Net Banking,Distributor
2859,2026-12-27,C2920,Monitor,Electronics,North,7,19377,135639,Cash,Store
2860,2026-04-20,C2765,Desk,Furniture,West,1,14695,14695,Credit Card,Online
2861,2026-06-04,C1511,Laptop,Electronics,East,10,58195,581950,Debit Card,Distributor
2862,2026-04-26,C2220,Printer,Office,Central,3,12936,38808,Debit Card,Online
2863,2026-09-23,C1800,Desk,Furniture,Northeast,1,15315,15315,UPI,Store
2864,2026-11-13,C2977,Monitor,Electronics,Central,9,18001,162009,Cash,Distributor
2865,2026-08-03,C1710,Laptop,Electronics,South,3,59251,177753,Cash,Distributor
2866,2026-06-18,C2497,Mobile,Electronics,South,5,22603,113015,Debit Card,Online
2867,2026-06-07,C2579,Laptop,Electronics,East,9,60669,546021,Credit Card,Distributor
2868,2026-04-28,C2595,Keyboard,Accessories,North,3,2711,8133,Cash,Store
2869,2026-10-15,C1933,Laptop,Electronics,East,1,61622,61622,Debit Card,Online
2870,2026-09-24,C2061,Tablet,Electronics,Central,9,28486,256374,Net Banking,Online
2871,2026-01-11,C2829,Laptop,Electronics,West,10,54448,544480,Net Banking,Distributor
2872,2026-12-22,C1230,Printer,Office,North,6,12797,76782,Net Banking,Store
2873,2026-10-22,C2807,Printer,Office,North,7,11082,77574,Debit Card,Online
2874,2026-03-27,C1969,Laptop,Electronics,West,9,54676,492084,UPI,Store
2875,2026-11-15,C1166,Office Chair,Furniture,North,9,9763,87867,Cash,Distributor
2876,2026-06-03,C1752,Keyboard,Accessories,South,6,2870,17220,Net Banking,Distributor
2877,2026-12-24,C2279,Laptop,Electronics,Northeast,10,58812,588120,Credit Card,Online
2878,2026-11-15,C2988,Headphones,Accessories,East,7,3608,25256,Credit Card,Distributor
2879,2026-09-17,C1386,Keyboard,Accessories,Central,3,3122,9366,Cash,Store
2880,2026-10-27,C1307,Printer,Office,South,5,13113,65565,Cash,Store
2881,2026-12-18,C2512,Headphones,Accessories,West,8,4039,32312,Net Banking,Store
2882,2026-03-24,C2491,Mouse,Accessories,North,7,1475,10325,Debit Card,Distributor
2883,2026-03-05,C2902,Mouse,Accessories,Northeast,9,1647,14823,Credit Card,Online
2884,2026-11-01,C2149,Monitor,Electronics,East,6,20399,122394,Credit Card,Online
2885,2026-08-29,C1878,Printer,Office,Central,2,12979,25958,Net Banking,Store
2886,2026-08-19,C1073,Mouse,Accessories,Northeast,1,1357,1357,Debit Card,Distributor
2887,2026-02-06,C2751,Laptop,Electronics,West,9,65854,592686,UPI,Distributor
2888,2026-03-07,C2543,Mouse,Accessories,South,1,1527,1527,Cash,Online
2889,2026-06-10,C1199,Headphones,Accessories,East,7,4265,29855,UPI,Store
2890,2026-10-24,C1868,Headphones,Accessories,West,4,3875,15500,Debit Card,Store
2891,2026-05-22,C2121,Tablet,Electronics,West,10,28819,288190,Debit Card,Store
2892,2026-06-07,C2009,Office Chair,Furniture,North,4,10110,40440,Cash,Distributor
2893,2026-05-05,C2955,Monitor,Electronics,East,5,18912,94560,Credit Card,Online
2894,2026-02-16,C1766,Keyboard,Accessories,Northeast,9,3115,28035,UPI,Online
2895,2026-04-01,C2811,Monitor,Electronics,Northeast,8,18365,146920,UPI,Store
2896,2026-02-05,C2472,Printer,Office,Northeast,4,12053,48212,Cash,Distributor
2897,2026-11-09,C2974,Office Chair,Furniture,North,1,10717,10717,Debit Card,Store
2898,2026-01-13,C1186,Tablet,Electronics,South,10,31675,316750,Net Banking,Online
2899,2026-09-18,C2264,Mobile,Electronics,West,5,23133,115665,UPI,Distributor
2900,2026-10-04,C1245,Office Chair,Furniture,East,5,10656,53280,Credit Card,Distributor
2901,2026-03-28,C1328,Desk,Furniture,East,8,13891,111128,Net Banking,Store
2902,2026-12-19,C1756,Mobile,Electronics,Northeast,10,25059,250590,Net Banking,Store
2903,2026-08-12,C2242,Monitor,Electronics,West,5,20456,102280,UPI,Store
2904,2026-01-03,C2654,Mouse,Accessories,Northeast,2,1449,2898,UPI,Store
2905,2026-02-26,C1577,Monitor,Electronics,South,9,18469,166221,Credit Card,Online
2906,2026-11-15,C2413,Keyboard,Accessories,Central,9,2989,26901,UPI,Online
2907,2026-08-11,C1030,Laptop,Electronics,West,7,60035,420245,Cash,Store
2908,2026-11-10,C1175,Keyboard,Accessories,Central,2,2987,5974,UPI,Online
2909,2026-04-14,C2564,Mobile,Electronics,North,7,23820,166740,Debit Card,Online
2910,2026-11-29,C2408,Mobile,Electronics,North,9,26115,235035,Credit Card,Online
2911,2026-09-14,C2280,Monitor,Electronics,Central,2,18648,37296,UPI,Distributor
2912,2026-01-31,C2448,Office Chair,Furniture,South,6,9911,59466,UPI,Distributor
2913,2026-06-26,C2568,Mouse,Accessories,Central,7,1574,11018,Debit Card,Distributor
2914,2026-11-21,C1901,Mobile,Electronics,Northeast,9,24679,222111,Cash,Distributor
2915,2026-11-02,C2937,Mobile,Electronics,Central,9,22806,205254,Debit Card,Online
2916,2026-10-28,C2032,Office Chair,Furniture,East,4,10494,41976,UPI,Store
2917,2026-04-05,C1712,Headphones,Accessories,Northeast,7,3790,26530,UPI,Online
2918,2026-05-06,C2860,Monitor,Electronics,Northeast,10,21306,213060,UPI,Online
2919,2026-08-20,C2468,Office Chair,Furniture,Central,6,10547,63282,UPI,Store
2920,2026-06-26,C1971,Monitor,Electronics,South,5,18692,93460,Cash,Store
2921,2026-10-21,C1513,Headphones,Accessories,Central,2,3716,7432,Debit Card,Store
2922,2026-07-23,C2086,Keyboard,Accessories,East,3,3000,9000,Cash,Online
2923,2026-05-18,C2688,Keyboard,Accessories,South,5,2786,13930,Cash,Online
2924,2026-02-21,C1671,Headphones,Accessories,Northeast,2,3887,7774,Debit Card,Online
2925,2026-02-15,C2600,Desk,Furniture,Central,6,15472,92832,UPI,Online
2926,2026-09-19,C2466,Office Chair,Furniture,West,1,10633,10633,Net Banking,Online
2927,2026-12-27,C2903,Desk,Furniture,Northeast,7,15497,108479,Credit Card,Online
2928,2026-04-04,C2787,Mobile,Electronics,East,7,23834,166838,Cash,Distributor
2929,2026-05-25,C2120,Keyboard,Accessories,North,4,2855,11420,Credit Card,Online
2930,2026-07-02,C2092,Keyboard,Accessories,East,6,2765,16590,Cash,Online
2931,2026-10-24,C1768,Monitor,Electronics,West,7,21090,147630,UPI,Online
2932,2026-02-24,C2805,Desk,Furniture,Central,8,16132,129056,Cash,Store
2933,2026-09-16,C1759,Monitor,Electronics,Central,8,18418,147344,UPI,Online
2934,2026-12-27,C1581,Monitor,Electronics,Central,10,19701,197010,Debit Card,Distributor
2935,2026-07-18,C1704,Mouse,Accessories,North,7,1407,9849,Debit Card,Distributor
2936,2026-11-16,C2496,Monitor,Electronics,South,3,21422,64266,Debit Card,Store
2937,2026-10-02,C2618,Office Chair,Furniture,West,5,9255,46275,Debit Card,Store
2938,2026-03-02,C1702,Monitor,Electronics,Central,3,21098,63294,UPI,Store
2939,2026-11-26,C1898,Monitor,Electronics,East,2,20611,41222,UPI,Online
2940,2026-12-17,C1182,Mobile,Electronics,Northeast,3,24928,74784,Debit Card,Store
2941,2026-03-15,C2500,Desk,Furniture,Central,10,15020,150200,Cash,Online
2942,2026-12-19,C2044,Mobile,Electronics,Central,5,25761,128805,Debit Card,Online
2943,2026-08-02,C2077,Printer,Office,Northeast,8,10993,87944,Credit Card,Store
2944,2026-04-06,C1257,Laptop,Electronics,South,1,64353,64353,UPI,Store
2945,2026-02-05,C1632,Mouse,Accessories,Northeast,1,1562,1562,Credit Card,Store
2946,2026-12-17,C2816,Tablet,Electronics,North,8,27229,217832,Debit Card,Distributor
2947,2026-04-09,C2275,Headphones,Accessories,North,3,4153,12459,Net Banking,Store
2948,2026-07-31,C1720,Mobile,Electronics,Central,5,26866,134330,Cash,Online
2949,2026-10-01,C2987,Printer,Office,Northeast,2,11508,23016,Net Banking,Distributor
2950,2026-03-31,C1216,Mobile,Electronics,East,1,24300,24300,Debit Card,Online
2951,2026-10-01,C1942,Keyboard,Accessories,Northeast,10,3064,30640,Cash,Distributor
2952,2026-02-12,C2656,Office Chair,Furniture,Central,7,10891,76237,Net Banking,Store
2953,2026-04-25,C1431,Headphones,Accessories,Northeast,3,3673,11019,Net Banking,Store
2954,2026-12-08,C2769,Mouse,Accessories,Northeast,10,1608,16080,Credit Card,Distributor
2955,2026-05-08,C1155,Desk,Furniture,Northeast,4,13959,55836,UPI,Distributor
2956,2026-02-24,C2672,Mouse,Accessories,Northeast,7,1479,10353,Credit Card,Store
2957,2026-10-05,C2258,Tablet,Electronics,South,9,31033,279297,Net Banking,Distributor
2958,2026-06-17,C2031,Mobile,Electronics,South,7,26120,182840,Debit Card,Distributor
2959,2026-07-19,C2244,Office Chair,Furniture,South,9,9853,88677,Debit Card,Distributor
2960,2026-05-07,C2077,Mobile,Electronics,South,9,23074,207666,Net Banking,Online
2961,2026-07-14,C1502,Monitor,Electronics,East,8,19247,153976,Debit Card,Store
2962,2026-06-08,C1923,Mobile,Electronics,East,9,23800,214200,Credit Card,Distributor
2963,2026-01-07,C1554,Headphones,Accessories,Northeast,10,3863,38630,Credit Card,Distributor
2964,2026-04-07,C1128,Keyboard,Accessories,East,10,2704,27040,Debit Card,Store
2965,2026-05-01,C2560,Keyboard,Accessories,North,8,2834,22672,UPI,Online
2966,2026-09-21,C2600,Office Chair,Furniture,Northeast,7,10633,74431,Net Banking,Store
2967,2026-04-17,C1419,Monitor,Electronics,South,6,21965,131790,Net Banking,Store
2968,2026-02-24,C2985,Office Chair,Furniture,Northeast,10,10939,109390,Debit Card,Online
2969,2026-12-05,C1123,Laptop,Electronics,South,4,57528,230112,Net Banking,Online
2970,2026-10-08,C1004,Printer,Office,West,10,10953,109530,Cash,Distributor
2971,2026-01-11,C1201,Keyboard,Accessories,North,4,2996,11984,Debit Card,Online
2972,2026-09-26,C2152,Office Chair,Furniture,Central,4,9737,38948,Cash,Online
2973,2026-10-13,C2334,Mouse,Accessories,Central,7,1550,10850,Debit Card,Online
2974,2026-09-19,C2541,Monitor,Electronics,Northeast,6,21754,130524,Credit Card,Store
2975,2026-03-23,C2686,Printer,Office,Central,1,11628,11628,Credit Card,Store
2976,2026-05-21,C1984,Monitor,Electronics,Central,2,21355,42710,Debit Card,Online
2977,2026-04-07,C2379,Keyboard,Accessories,Central,5,3218,16090,Cash,Online
2978,2026-10-06,C1199,Monitor,Electronics,Northeast,1,21210,21210,Credit Card,Online
2979,2026-06-27,C2112,Headphones,Accessories,Central,9,3814,34326,Net Banking,Store
2980,2026-01-24,C1183,Mouse,Accessories,North,8,1639,13112,UPI,Online
2981,2026-08-19,C1815,Mouse,Accessories,North,3,1386,4158,Cash,Store
2982,2026-05-28,C1872,Office Chair,Furniture,South,5,9112,45560,Debit Card,Online
2983,2026-01-10,C1254,Tablet,Electronics,South,2,29034,58068,Debit Card,Store
2984,2026-01-03,C1788,Mouse,Accessories,East,6,1640,9840,Debit Card,Online
2985,2026-02-28,C1057,Printer,Office,West,5,11132,55660,Net Banking,Distributor
2986,2026-01-06,C2466,Laptop,Electronics,Central,9,64895,584055,UPI,Distributor
2987,2026-05-20,C1240,Laptop,Electronics,South,1,57992,57992,Credit Card,Store
2988,2026-12-04,C1951,Headphones,Accessories,West,8,3850,30800,Cash,Store
2989,2026-08-20,C2581,Mouse,Accessories,Central,9,1401,12609,UPI,Store
2990,2026-09-12,C1047,Printer,Office,North,8,12432,99456,UPI,Distributor
2991,2026-01-23,C1901,Headphones,Accessories,West,5,4262,21310,Debit Card,Distributor
2992,2026-04-05,C1457,Mobile,Electronics,Central,9,22882,205938,Debit Card,Online
2993,2026-04-05,C1498,Tablet,Electronics,West,9,31482,283338,Net Banking,Store
2994,2026-03-11,C2249,Mouse,Accessories,Northeast,7,1599,11193,Net Banking,Store
2995,2026-02-13,C2989,Office Chair,Furniture,Central,1,10798,10798,Credit Card,Distributor
2996,2026-05-08,C1349,Keyboard,Accessories,Northeast,8,3093,24744,Credit Card,Store
2997,2026-11-09,C1537,Office Chair,Furniture,East,4,9123,36492,Net Banking,Store
2998,2026-10-15,C2974,Office Chair,Furniture,North,6,10492,62952,UPI,Online
2999,2026-12-23,C1590,Laptop,Electronics,Northeast,3,55857,167571,Credit Card,Online
3000,2026-04-25,C2645,Mouse,Accessories,Central,2,1539,3078,Debit Card,Online
3001,2026-07-10,C1628,Mouse,Accessories,North,6,1471,8826,Credit Card,Online
3002,2026-08-16,C1067,Keyboard,Accessories,North,4,2967,11868,Debit Card,Distributor
3003,2026-10-28,C1390,Desk,Furniture,Central,9,14323,128907,Cash,Distributor
3004,2026-04-26,C2013,Tablet,Electronics,South,6,29842,179052,UPI,Online
3005,2026-10-19,C2704,Printer,Office,Northeast,10,12281,122810,Net Banking,Distributor
3006,2026-09-22,C2973,Headphones,Accessories,Central,2,4341,8682,Cash,Online
3007,2026-08-06,C2716,Laptop,Electronics,Central,9,56906,512154,Credit Card,Distributor
3008,2026-10-10,C1857,Headphones,Accessories,West,10,3640,36400,UPI,Online
3009,2026-11-10,C2409,Keyboard,Accessories,South,9,2769,24921,Debit Card,Store
3010,2026-09-23,C1033,Printer,Office,West,4,11821,47284,Cash,Online
3011,2026-06-22,C1980,Office Chair,Furniture,Northeast,4,9616,38464,UPI,Distributor
3012,2026-07-27,C2284,Mobile,Electronics,Central,9,26965,242685,UPI,Online
3013,2026-01-21,C1569,Printer,Office,North,10,11886,118860,Credit Card,Online
3014,2026-03-05,C1631,Tablet,Electronics,North,6,31922,191532,UPI,Store
3015,2026-03-30,C1913,Printer,Office,Central,3,10977,32931,Net Banking,Distributor
3016,2026-01-08,C2799,Monitor,Electronics,East,9,21874,196866,UPI,Store
3017,2026-02-02,C1862,Headphones,Accessories,North,1,3855,3855,Cash,Distributor
3018,2026-11-02,C1806,Monitor,Electronics,Northeast,8,21934,175472,Debit Card,Store
3019,2026-02-28,C2917,Headphones,Accessories,North,2,4383,8766,Cash,Store
3020,2026-12-11,C1752,Keyboard,Accessories,South,5,2812,14060,UPI,Online
3021,2026-06-01,C1882,Headphones,Accessories,South,5,3666,18330,UPI,Store
3022,2026-04-20,C1936,Keyboard,Accessories,North,6,3094,18564,Debit Card,Distributor
3023,2026-10-05,C2190,Keyboard,Accessories,North,3,2888,8664,UPI,Distributor
3024,2026-01-10,C2048,Mobile,Electronics,West,4,22916,91664,Cash,Distributor
3025,2026-08-31,C2758,Laptop,Electronics,Northeast,9,60833,547497,Credit Card,Distributor
3026,2026-01-15,C1639,Tablet,Electronics,Central,10,30349,303490,Debit Card,Distributor
3027,2026-05-10,C2894,Office Chair,Furniture,Northeast,5,10525,52625,Net Banking,Distributor
3028,2026-07-29,C2811,Tablet,Electronics,Central,1,32968,32968,UPI,Store
3029,2026-09-05,C1314,Desk,Furniture,Northeast,4,16409,65636,Net Banking,Online
3030,2026-11-09,C1470,Tablet,Electronics,East,2,31541,63082,Cash,Distributor
3031,2026-05-09,C2062,Laptop,Electronics,South,2,60697,121394,Cash,Store
3032,2026-10-15,C1586,Monitor,Electronics,West,7,18287,128009,Cash,Store
3033,2026-05-15,C2768,Keyboard,Accessories,East,3,3001,9003,Net Banking,Store
3034,2026-11-28,C1624,Tablet,Electronics,Northeast,1,31212,31212,Cash,Store
3035,2026-01-23,C1551,Headphones,Accessories,East,9,4370,39330,Debit Card,Distributor
3036,2026-07-03,C2449,Headphones,Accessories,West,7,4162,29134,Debit Card,Online
3037,2026-07-10,C2104,Keyboard,Accessories,East,7,2931,20517,UPI,Distributor
3038,2026-12-08,C1305,Mouse,Accessories,Northeast,6,1415,8490,Cash,Distributor
3039,2026-08-23,C1465,Mobile,Electronics,Northeast,3,23922,71766,Cash,Store
3040,2026-03-14,C2404,Desk,Furniture,Northeast,2,15379,30758,Cash,Online
3041,2026-07-01,C1683,Laptop,Electronics,Central,8,64040,512320,UPI,Online
3042,2026-04-01,C2230,Mouse,Accessories,Northeast,2,1509,3018,Net Banking,Distributor
3043,2026-09-16,C2278,Headphones,Accessories,North,2,4358,8716,UPI,Distributor
3044,2026-10-13,C1276,Printer,Office,Central,2,12803,25606,Net Banking,Store
3045,2026-03-04,C1907,Headphones,Accessories,West,1,3817,3817,Cash,Store
3046,2026-06-08,C1815,Headphones,Accessories,East,2,3903,7806,UPI,Online
3047,2026-06-14,C1451,Tablet,Electronics,East,6,29980,179880,UPI,Distributor
3048,2026-01-31,C1705,Office Chair,Furniture,West,5,9914,49570,UPI,Distributor
3049,2026-01-22,C1619,Tablet,Electronics,Northeast,2,30242,60484,Net Banking,Store
3050,2026-10-10,C1443,Mouse,Accessories,Central,5,1557,7785,Cash,Online
3051,2026-07-19,C1108,Keyboard,Accessories,South,9,2944,26496,Cash,Online
3052,2026-01-22,C2435,Headphones,Accessories,East,10,4004,40040,Cash,Store
3053,2026-09-15,C2963,Monitor,Electronics,West,2,18617,37234,Credit Card,Store
3054,2026-07-23,C1770,Monitor,Electronics,South,4,18181,72724,UPI,Store
3055,2026-02-28,C2963,Desk,Furniture,Northeast,9,14288,128592,Cash,Online
3056,2026-03-22,C2055,Mouse,Accessories,South,4,1398,5592,Debit Card,Distributor
3057,2026-08-05,C2734,Laptop,Electronics,East,10,65973,659730,Debit Card,Online
3058,2026-09-04,C2558,Mouse,Accessories,West,3,1649,4947,Cash,Store
3059,2026-07-31,C1980,Laptop,Electronics,South,1,59938,59938,Net Banking,Distributor
3060,2026-08-30,C2512,Monitor,Electronics,South,3,20147,60441,Net Banking,Store
3061,2026-10-23,C2645,Desk,Furniture,Northeast,5,16129,80645,UPI,Online
3062,2026-10-13,C2864,Monitor,Electronics,North,1,18096,18096,Cash,Online
3063,2026-07-10,C2569,Monitor,Electronics,East,8,20243,161944,Cash,Online
3064,2026-04-14,C2286,Desk,Furniture,North,10,15337,153370,Credit Card,Online
3065,2026-05-09,C1734,Tablet,Electronics,North,8,29279,234232,Debit Card,Distributor
3066,2026-02-19,C2355,Monitor,Electronics,South,9,20412,183708,Net Banking,Store
3067,2026-03-17,C1031,Tablet,Electronics,North,7,30565,213955,Credit Card,Distributor
3068,2026-07-20,C1563,Keyboard,Accessories,East,7,2902,20314,Debit Card,Distributor
3069,2026-01-25,C1889,Headphones,Accessories,North,7,4167,29169,Debit Card,Distributor
3070,2026-03-21,C2919,Keyboard,Accessories,Northeast,6,2944,17664,UPI,Online
3071,2026-10-30,C1549,Mouse,Accessories,North,10,1484,14840,Credit Card,Distributor
3072,2026-07-28,C2102,Laptop,Electronics,West,5,56133,280665,Debit Card,Store
3073,2026-11-04,C2380,Printer,Office,Central,6,11873,71238,Debit Card,Distributor
3074,2026-10-09,C1446,Mouse,Accessories,South,8,1579,12632,Debit Card,Distributor
3075,2026-04-05,C1756,Monitor,Electronics,Northeast,10,20048,200480,Net Banking,Online
3076,2026-08-11,C2358,Office Chair,Furniture,East,2,10497,20994,UPI,Distributor
3077,2026-11-10,C2881,Tablet,Electronics,Central,1,27229,27229,Net Banking,Online
3078,2026-07-08,C2272,Mobile,Electronics,Central,10,24177,241770,Credit Card,Distributor
3079,2026-11-02,C2073,Desk,Furniture,North,1,14662,14662,UPI,Store
3080,2026-08-02,C2751,Mouse,Accessories,Northeast,1,1438,1438,Credit Card,Distributor
3081,2026-10-31,C2387,Desk,Furniture,West,5,13923,69615,Net Banking,Online
3082,2026-06-29,C1230,Mouse,Accessories,West,3,1584,4752,Net Banking,Store
3083,2026-09-02,C1553,Mouse,Accessories,West,10,1371,13710,Net Banking,Distributor
3084,2026-07-24,C2301,Printer,Office,Central,4,10947,43788,Debit Card,Store
3085,2026-04-03,C1532,Laptop,Electronics,Central,2,60382,120764,UPI,Store
3086,2026-11-06,C1421,Mobile,Electronics,Central,7,24545,171815,Credit Card,Online
3087,2026-04-17,C2205,Mobile,Electronics,East,1,24301,24301,Cash,Distributor
3088,2026-05-08,C2002,Keyboard,Accessories,North,3,2842,8526,Debit Card,Online
3089,2026-01-27,C1983,Keyboard,Accessories,West,2,2780,5560,UPI,Online
3090,2026-05-08,C1108,Desk,Furniture,West,1,14480,14480,Credit Card,Store
3091,2026-01-20,C2487,Monitor,Electronics,West,7,21406,149842,Net Banking,Store
3092,2026-02-10,C1486,Headphones,Accessories,North,6,3899,23394,UPI,Online
3093,2026-01-22,C2643,Keyboard,Accessories,West,8,2765,22120,Net Banking,Store
3094,2026-02-17,C1337,Printer,Office,West,5,11022,55110,Debit Card,Store
3095,2026-06-04,C1163,Mobile,Electronics,East,3,26885,80655,Net Banking,Distributor
3096,2026-07-14,C1213,Mouse,Accessories,East,10,1458,14580,Debit Card,Distributor
3097,2026-02-11,C2917,Mobile,Electronics,North,7,24419,170933,UPI,Store
3098,2026-11-23,C2884,Mobile,Electronics,Central,1,23497,23497,UPI,Store
3099,2026-09-19,C2060,Mouse,Accessories,Northeast,3,1519,4557,Credit Card,Online
3100,2026-07-03,C1041,Printer,Office,Central,8,12242,97936,Debit Card,Online
3101,2026-07-29,C2851,Mobile,Electronics,North,10,22893,228930,Net Banking,Store
3102,2026-06-12,C1600,Keyboard,Accessories,South,2,2703,5406,Debit Card,Distributor
3103,2026-11-08,C1889,Mouse,Accessories,Central,7,1524,10668,Net Banking,Store
3104,2026-07-09,C2290,Office Chair,Furniture,South,6,9886,59316,Credit Card,Store
3105,2026-10-30,C2495,Mouse,Accessories,Northeast,2,1526,3052,Debit Card,Store
3106,2026-12-16,C1578,Headphones,Accessories,South,7,4217,29519,Credit Card,Store
3107,2026-08-07,C1279,Keyboard,Accessories,East,9,2984,26856,UPI,Online
3108,2026-05-06,C1624,Mobile,Electronics,Northeast,5,25893,129465,UPI,Store
3109,2026-09-06,C2135,Laptop,Electronics,Northeast,2,60570,121140,Net Banking,Distributor
3110,2026-05-20,C2378,Mouse,Accessories,Northeast,2,1622,3244,Net Banking,Store
3111,2026-01-19,C1062,Office Chair,Furniture,Central,7,10406,72842,Debit Card,Distributor
3112,2026-09-05,C1305,Office Chair,Furniture,Central,5,9649,48245,Net Banking,Store
3113,2026-07-23,C2602,Mouse,Accessories,Central,1,1635,1635,UPI,Store
3114,2026-02-07,C1485,Keyboard,Accessories,West,6,3162,18972,Credit Card,Distributor
3115,2026-08-18,C2204,Laptop,Electronics,North,2,62529,125058,Cash,Store
3116,2026-01-13,C1064,Office Chair,Furniture,East,1,10960,10960,UPI,Distributor
3117,2026-04-17,C2736,Mouse,Accessories,South,6,1452,8712,Debit Card,Distributor
3118,2026-04-02,C2252,Mouse,Accessories,North,3,1511,4533,Debit Card,Online
3119,2026-01-31,C1711,Desk,Furniture,North,6,16073,96438,Debit Card,Distributor
3120,2026-11-18,C1873,Keyboard,Accessories,Central,8,3281,26248,Debit Card,Distributor
3121,2026-06-12,C1060,Tablet,Electronics,South,8,29327,234616,UPI,Store
3122,2026-12-05,C2147,Laptop,Electronics,South,8,63010,504080,UPI,Online
3123,2026-12-15,C2393,Monitor,Electronics,Northeast,7,21233,148631,Net Banking,Distributor
3124,2026-10-21,C1859,Mouse,Accessories,Central,7,1459,10213,Cash,Distributor
3125,2026-05-06,C1143,Mouse,Accessories,Northeast,1,1625,1625,UPI,Store
3126,2026-11-26,C1708,Monitor,Electronics,West,3,19263,57789,Net Banking,Store
3127,2026-07-21,C1764,Monitor,Electronics,West,7,20778,145446,Credit Card,Online
3128,2026-09-19,C1974,Printer,Office,Central,9,11833,106497,Cash,Store
3129,2026-11-15,C2166,Desk,Furniture,East,3,13532,40596,Net Banking,Distributor
3130,2026-04-26,C1050,Tablet,Electronics,Central,2,31994,63988,Debit Card,Online
3131,2026-06-26,C1239,Monitor,Electronics,East,3,20159,60477,Debit Card,Store
3132,2026-07-01,C1784,Desk,Furniture,Central,5,14255,71275,Net Banking,Online
3133,2026-08-26,C1786,Monitor,Electronics,North,7,20813,145691,Credit Card,Online
3134,2026-08-02,C1415,Tablet,Electronics,North,2,32639,65278,Net Banking,Online
3135,2026-07-30,C1527,Printer,Office,Northeast,3,11686,35058,Debit Card,Store
3136,2026-08-21,C1730,Office Chair,Furniture,West,6,10235,61410,Debit Card,Distributor
3137,2026-11-20,C1856,Printer,Office,Northeast,3,11965,35895,UPI,Distributor
3138,2026-12-05,C2966,Keyboard,Accessories,West,4,3024,12096,UPI,Online
3139,2026-07-26,C2787,Office Chair,Furniture,East,9,10159,91431,Credit Card,Online
3140,2026-10-18,C1025,Laptop,Electronics,East,2,61852,123704,Credit Card,Store
3141,2026-02-20,C1717,Headphones,Accessories,South,10,4144,41440,Cash,Distributor
3142,2026-01-24,C2936,Tablet,Electronics,North,9,30275,272475,Cash,Online
3143,2026-05-27,C2628,Monitor,Electronics,South,5,20695,103475,UPI,Online
3144,2026-03-29,C2123,Monitor,Electronics,East,2,19166,38332,Credit Card,Distributor
3145,2026-07-12,C1812,Monitor,Electronics,West,6,21294,127764,Debit Card,Distributor
3146,2026-03-03,C1606,Mobile,Electronics,West,5,26202,131010,Cash,Distributor
3147,2026-05-16,C2373,Office Chair,Furniture,East,1,9108,9108,Cash,Online
3148,2026-09-30,C1330,Tablet,Electronics,East,6,30018,180108,Debit Card,Distributor
3149,2026-01-16,C2911,Office Chair,Furniture,West,10,9443,94430,Cash,Online
3150,2026-12-02,C1739,Office Chair,Furniture,West,9,10596,95364,Debit Card,Store
3151,2026-11-19,C2930,Laptop,Electronics,East,10,58545,585450,Net Banking,Online
3152,2026-07-19,C2904,Tablet,Electronics,West,2,30689,61378,UPI,Distributor
3153,2026-01-05,C2410,Printer,Office,West,4,12821,51284,Debit Card,Distributor
3154,2026-06-11,C2964,Mobile,Electronics,Central,3,27461,82383,UPI,Store
3155,2026-09-25,C2585,Mobile,Electronics,East,7,25793,180551,Debit Card,Online
3156,2026-07-31,C1282,Printer,Office,North,7,12338,86366,Credit Card,Online
3157,2026-10-25,C2710,Mobile,Electronics,Central,6,24324,145944,Cash,Store
3158,2026-04-25,C2535,Headphones,Accessories,North,8,3706,29648,UPI,Online
3159,2026-01-06,C1170,Mouse,Accessories,Central,5,1378,6890,Credit Card,Distributor
3160,2026-06-13,C1097,Laptop,Electronics,East,6,55807,334842,Debit Card,Store
3161,2026-03-29,C2587,Printer,Office,North,6,12355,74130,Net Banking,Store
3162,2026-09-25,C2706,Monitor,Electronics,North,9,20247,182223,Net Banking,Online
3163,2026-12-17,C1827,Desk,Furniture,Central,9,14677,132093,Net Banking,Store
3164,2026-02-24,C2710,Laptop,Electronics,North,4,62633,250532,Credit Card,Store
3165,2026-10-20,C2631,Headphones,Accessories,South,2,3634,7268,Debit Card,Store
3166,2026-07-26,C1673,Desk,Furniture,Northeast,7,15924,111468,UPI,Store
3167,2026-07-08,C1124,Tablet,Electronics,West,9,27927,251343,Net Banking,Distributor
3168,2026-01-11,C2340,Mouse,Accessories,South,10,1614,16140,Debit Card,Distributor
3169,2026-12-17,C2260,Keyboard,Accessories,Northeast,2,3274,6548,Debit Card,Distributor
3170,2026-02-17,C2124,Headphones,Accessories,North,9,3839,34551,UPI,Distributor
3171,2026-06-26,C1099,Office Chair,Furniture,East,8,9077,72616,UPI,Online
3172,2026-04-23,C1359,Mobile,Electronics,East,8,25954,207632,Net Banking,Online
3173,2026-05-06,C2868,Mouse,Accessories,East,7,1536,10752,Net Banking,Online
3174,2026-03-23,C2680,Tablet,Electronics,East,5,31594,157970,Credit Card,Distributor
3175,2026-07-21,C2299,Mouse,Accessories,West,9,1359,12231,UPI,Store
3176,2026-10-24,C1192,Tablet,Electronics,West,7,27317,191219,Net Banking,Store
3177,2026-04-22,C2422,Printer,Office,Northeast,7,12339,86373,Cash,Online
3178,2026-07-06,C1447,Headphones,Accessories,West,1,3908,3908,Debit Card,Store
3179,2026-08-04,C2991,Laptop,Electronics,Central,8,56280,450240,Cash,Distributor
3180,2026-05-12,C1207,Headphones,Accessories,South,4,3831,15324,Credit Card,Store
3181,2026-09-01,C2319,Laptop,Electronics,Northeast,9,60947,548523,Credit Card,Online
3182,2026-08-15,C1860,Mouse,Accessories,West,4,1525,6100,Net Banking,Distributor
3183,2026-12-15,C2489,Tablet,Electronics,Central,7,28075,196525,Net Banking,Store
3184,2026-02-03,C2218,Mouse,Accessories,East,1,1573,1573,Debit Card,Store
3185,2026-07-18,C1442,Desk,Furniture,East,9,15860,142740,Net Banking,Distributor
3186,2026-04-10,C1596,Printer,Office,South,8,12651,101208,Cash,Distributor
3187,2026-03-29,C1883,Tablet,Electronics,East,4,29202,116808,Net Banking,Store
3188,2026-02-01,C2628,Office Chair,Furniture,Central,6,10579,63474,UPI,Online
3189,2026-08-21,C1913,Office Chair,Furniture,West,5,10612,53060,Cash,Store
3190,2026-04-07,C1602,Tablet,Electronics,North,6,27425,164550,UPI,Store
3191,2026-01-15,C1528,Mouse,Accessories,South,2,1514,3028,Cash,Online
3192,2026-04-27,C1788,Tablet,Electronics,North,1,28319,28319,Cash,Online
3193,2026-07-06,C2746,Desk,Furniture,West,7,16454,115178,UPI,Store
3194,2026-07-07,C1625,Mobile,Electronics,South,2,27335,54670,Debit Card,Online
3195,2026-01-30,C2762,Printer,Office,Northeast,3,11735,35205,UPI,Online
3196,2026-08-29,C2448,Laptop,Electronics,East,9,65302,587718,Cash,Online
3197,2026-04-10,C1998,Mobile,Electronics,West,3,24299,72897,Cash,Store
3198,2026-05-22,C2767,Desk,Furniture,Central,5,15401,77005,Credit Card,Store
3199,2026-01-09,C1695,Tablet,Electronics,East,5,31885,159425,Net Banking,Store
3200,2026-09-14,C1394,Laptop,Electronics,West,7,65528,458696,Credit Card,Store
3201,2026-03-25,C2181,Desk,Furniture,West,2,14887,29774,UPI,Store
3202,2026-03-18,C1721,Laptop,Electronics,East,6,64305,385830,Net Banking,Distributor
3203,2026-08-28,C2074,Printer,Office,East,9,12196,109764,UPI,Online
3204,2026-09-24,C2303,Mouse,Accessories,South,3,1648,4944,Cash,Online
3205,2026-11-02,C2111,Laptop,Electronics,East,3,61139,183417,Debit Card,Distributor
3206,2026-11-12,C1719,Keyboard,Accessories,West,3,2794,8382,Credit Card,Online
3207,2026-12-20,C2066,Laptop,Electronics,Central,4,56270,225080,Net Banking,Store
3208,2026-03-26,C1448,Laptop,Electronics,South,6,56811,340866,Net Banking,Distributor
3209,2026-10-20,C2958,Mobile,Electronics,East,6,23723,142338,Cash,Store
3210,2026-10-25,C1685,Office Chair,Furniture,West,6,9376,56256,Cash,Online
3211,2026-12-07,C1085,Printer,Office,Central,1,11547,11547,Cash,Online
3212,2026-03-26,C2341,Mouse,Accessories,North,10,1485,14850,Credit Card,Distributor
3213,2026-12-31,C1273,Headphones,Accessories,South,3,4155,12465,Cash,Online
3214,2026-02-06,C1962,Laptop,Electronics,East,6,54139,324834,Credit Card,Distributor
3215,2026-12-08,C1673,Keyboard,Accessories,West,9,3134,28206,Cash,Distributor
3216,2026-11-12,C2691,Office Chair,Furniture,North,4,10646,42584,Net Banking,Store
3217,2026-01-11,C1145,Tablet,Electronics,South,1,27001,27001,Net Banking,Distributor
3218,2026-01-27,C2023,Tablet,Electronics,West,6,28219,169314,Cash,Store
3219,2026-05-17,C1210,Tablet,Electronics,Northeast,8,32617,260936,UPI,Online
3220,2026-03-31,C1875,Laptop,Electronics,Northeast,10,56672,566720,Cash,Online
3221,2026-10-10,C1754,Mobile,Electronics,South,10,22998,229980,Net Banking,Online
3222,2026-10-07,C1726,Mobile,Electronics,Central,10,24976,249760,Credit Card,Store
3223,2026-12-08,C2854,Keyboard,Accessories,North,6,3058,18348,Debit Card,Distributor
3224,2026-12-26,C1196,Desk,Furniture,South,1,15101,15101,Debit Card,Store
3225,2026-05-15,C1191,Monitor,Electronics,Central,2,19281,38562,Debit Card,Online
3226,2026-08-26,C1335,Printer,Office,Central,2,12824,25648,Debit Card,Store
3227,2026-06-20,C2505,Desk,Furniture,South,6,14871,89226,UPI,Distributor
3228,2026-04-27,C1359,Desk,Furniture,South,9,14208,127872,UPI,Store
3229,2026-04-10,C2593,Tablet,Electronics,Central,5,31550,157750,UPI,Store
3230,2026-03-28,C2934,Laptop,Electronics,Northeast,8,64306,514448,Net Banking,Store
3231,2026-09-11,C2319,Monitor,Electronics,South,10,18920,189200,UPI,Distributor
3232,2026-09-10,C1387,Mouse,Accessories,Northeast,3,1448,4344,UPI,Distributor
3233,2026-04-16,C2048,Headphones,Accessories,North,1,4330,4330,Debit Card,Distributor
3234,2026-06-07,C2296,Mouse,Accessories,North,4,1477,5908,Debit Card,Online
3235,2026-10-30,C1232,Desk,Furniture,Northeast,1,14366,14366,Cash,Distributor
3236,2026-03-05,C2839,Desk,Furniture,East,1,14605,14605,Credit Card,Store
3237,2026-01-09,C2916,Laptop,Electronics,South,7,57438,402066,Net Banking,Store
3238,2026-09-14,C2823,Mouse,Accessories,Central,9,1538,13842,UPI,Distributor
3239,2026-03-06,C2348,Mouse,Accessories,Central,6,1587,9522,UPI,Distributor
3240,2026-03-03,C1298,Headphones,Accessories,South,9,3893,35037,Net Banking,Store
3241,2026-06-22,C1165,Mobile,Electronics,Central,4,24014,96056,Debit Card,Store
3242,2026-09-16,C2757,Printer,Office,North,10,11597,115970,Net Banking,Distributor
3243,2026-05-21,C1295,Tablet,Electronics,Central,1,27471,27471,Net Banking,Store
3244,2026-08-23,C1937,Keyboard,Accessories,West,1,3183,3183,Debit Card,Store
3245,2026-12-27,C1140,Monitor,Electronics,South,8,19361,154888,Debit Card,Distributor
3246,2026-09-01,C1166,Headphones,Accessories,East,1,3765,3765,Debit Card,Distributor
3247,2026-12-28,C1826,Desk,Furniture,East,2,14366,28732,Net Banking,Online
3248,2026-02-01,C1726,Office Chair,Furniture,East,4,10464,41856,Debit Card,Distributor
3249,2026-07-04,C1304,Mouse,Accessories,South,9,1452,13068,Net Banking,Distributor
3250,2026-09-16,C1352,Desk,Furniture,Northeast,8,14133,113064,Cash,Store
3251,2026-04-13,C1936,Laptop,Electronics,South,9,58565,527085,Net Banking,Distributor
3252,2026-05-10,C2915,Laptop,Electronics,East,10,63089,630890,Net Banking,Store
3253,2026-09-17,C2305,Headphones,Accessories,North,8,3657,29256,UPI,Online
3254,2026-11-09,C2895,Printer,Office,West,7,12435,87045,Cash,Store
3255,2026-09-14,C2788,Desk,Furniture,Central,6,15626,93756,Debit Card,Store
3256,2026-12-31,C2858,Desk,Furniture,Northeast,1,15484,15484,Cash,Store
3257,2026-07-03,C1068,Headphones,Accessories,South,1,4277,4277,Debit Card,Distributor
3258,2026-06-19,C2092,Printer,Office,Northeast,6,12550,75300,Debit Card,Online
3259,2026-10-14,C1328,Printer,Office,West,9,12546,112914,Cash,Store
3260,2026-08-01,C2601,Tablet,Electronics,Northeast,5,29978,149890,Cash,Online
3261,2026-05-23,C1013,Printer,Office,West,5,12408,62040,Cash,Distributor
3262,2026-04-06,C1510,Office Chair,Furniture,South,4,10725,42900,Cash,Store
3263,2026-03-06,C2346,Laptop,Electronics,South,2,58368,116736,UPI,Store
3264,2026-05-27,C2017,Office Chair,Furniture,South,10,9845,98450,Debit Card,Distributor
3265,2026-07-21,C2001,Keyboard,Accessories,Central,2,3111,6222,Cash,Store
3266,2026-08-15,C2780,Office Chair,Furniture,South,1,9200,9200,UPI,Distributor
3267,2026-08-29,C2928,Laptop,Electronics,North,6,56991,341946,Credit Card,Online
3268,2026-10-25,C2195,Office Chair,Furniture,West,3,9832,29496,Credit Card,Distributor
3269,2026-08-14,C2799,Printer,Office,West,2,12408,24816,Debit Card,Store
3270,2026-08-25,C1197,Headphones,Accessories,Northeast,4,3668,14672,Net Banking,Online
3271,2026-09-04,C2309,Monitor,Electronics,North,4,20029,80116,UPI,Store
3272,2026-04-24,C1035,Mobile,Electronics,East,7,26401,184807,Debit Card,Store
3273,2026-09-26,C1088,Mouse,Accessories,East,6,1566,9396,UPI,Store
3274,2026-04-09,C1719,Monitor,Electronics,West,2,18362,36724,Debit Card,Store
3275,2026-08-21,C1601,Headphones,Accessories,Northeast,4,3819,15276,Credit Card,Distributor
3276,2026-12-07,C1132,Mouse,Accessories,North,6,1511,9066,Debit Card,Store
3277,2026-01-10,C1051,Laptop,Electronics,West,6,65069,390414,Net Banking,Distributor
3278,2026-08-25,C1533,Mobile,Electronics,Northeast,4,24786,99144,Credit Card,Store
3279,2026-07-15,C1167,Headphones,Accessories,South,5,4200,21000,Net Banking,Online
3280,2026-10-08,C2925,Laptop,Electronics,West,9,56819,511371,Credit Card,Distributor
3281,2026-03-09,C2745,Printer,Office,West,5,11862,59310,Credit Card,Store
3282,2026-06-10,C1475,Mouse,Accessories,North,3,1515,4545,Credit Card,Distributor
3283,2026-11-19,C2124,Monitor,Electronics,South,2,18394,36788,Cash,Store
3284,2026-06-30,C1821,Mouse,Accessories,West,3,1408,4224,Debit Card,Distributor
3285,2026-08-20,C1813,Headphones,Accessories,South,7,3867,27069,Credit Card,Distributor
3286,2026-03-09,C2289,Keyboard,Accessories,Northeast,9,2786,25074,Credit Card,Online
3287,2026-12-02,C1810,Mobile,Electronics,East,6,24823,148938,Cash,Store
3288,2026-05-02,C1117,Mouse,Accessories,South,1,1400,1400,Credit Card,Store
3289,2026-12-20,C1783,Keyboard,Accessories,West,9,3016,27144,Credit Card,Store
3290,2026-04-23,C2731,Mouse,Accessories,Northeast,4,1588,6352,Debit Card,Online
3291,2026-04-02,C2552,Mobile,Electronics,Central,10,23247,232470,Debit Card,Store
3292,2026-12-05,C1782,Mobile,Electronics,East,6,25916,155496,UPI,Online
3293,2026-06-15,C1500,Keyboard,Accessories,East,2,2951,5902,Net Banking,Store
3294,2026-05-16,C1824,Headphones,Accessories,West,2,3880,7760,UPI,Store
3295,2026-03-04,C2716,Desk,Furniture,East,1,13786,13786,Credit Card,Online
3296,2026-04-10,C1721,Keyboard,Accessories,West,4,2986,11944,Credit Card,Online
3297,2026-05-26,C2290,Desk,Furniture,East,4,13863,55452,Net Banking,Online
3298,2026-02-28,C1929,Desk,Furniture,West,5,14768,73840,Cash,Distributor
3299,2026-08-28,C2488,Mobile,Electronics,Northeast,5,25067,125335,Net Banking,Store
3300,2026-12-05,C1895,Monitor,Electronics,Northeast,9,20808,187272,Net Banking,Online
3301,2026-04-18,C2503,Keyboard,Accessories,West,6,3188,19128,Debit Card,Distributor
3302,2026-04-08,C1728,Office Chair,Furniture,Northeast,2,10194,20388,Cash,Distributor
3303,2026-03-27,C2591,Tablet,Electronics,Northeast,2,30305,60610,Cash,Store
3304,2026-03-07,C1704,Office Chair,Furniture,Northeast,9,9896,89064,Debit Card,Distributor
3305,2026-12-29,C1965,Laptop,Electronics,South,3,65339,196017,Cash,Distributor
3306,2026-12-30,C2903,Office Chair,Furniture,East,2,9881,19762,UPI,Distributor
3307,2026-05-08,C2674,Office Chair,Furniture,West,6,9384,56304,Credit Card,Online
3308,2026-02-15,C2162,Keyboard,Accessories,East,2,2820,5640,Cash,Distributor
3309,2026-06-07,C1353,Mobile,Electronics,Northeast,4,27111,108444,Cash,Distributor
3310,2026-09-04,C2368,Tablet,Electronics,Northeast,6,29347,176082,Net Banking,Distributor
3311,2026-04-01,C1377,Mobile,Electronics,Northeast,3,26647,79941,Net Banking,Online
3312,2026-06-14,C2928,Desk,Furniture,Central,2,13818,27636,Debit Card,Store
3313,2026-03-23,C2073,Mouse,Accessories,Northeast,9,1454,13086,UPI,Distributor
3314,2026-04-08,C2413,Keyboard,Accessories,East,3,2898,8694,Debit Card,Distributor
3315,2026-01-14,C1506,Mobile,Electronics,East,5,26895,134475,Cash,Store
3316,2026-08-07,C1999,Printer,Office,South,9,12109,108981,Net Banking,Distributor
3317,2026-04-09,C1284,Desk,Furniture,East,1,16053,16053,Net Banking,Store
3318,2026-05-06,C1966,Desk,Furniture,North,10,13573,135730,Net Banking,Online
3319,2026-04-02,C1380,Keyboard,Accessories,Northeast,5,2959,14795,Net Banking,Distributor
3320,2026-03-13,C1168,Mobile,Electronics,East,9,23684,213156,Net Banking,Store
3321,2026-05-04,C1425,Office Chair,Furniture,East,2,9466,18932,Cash,Distributor
3322,2026-02-27,C1933,Keyboard,Accessories,West,2,2834,5668,Credit Card,Distributor
3323,2026-03-16,C1307,Mobile,Electronics,East,3,22597,67791,Cash,Store
3324,2026-05-30,C1064,Laptop,Electronics,North,2,59633,119266,Cash,Distributor
3325,2026-05-26,C2704,Tablet,Electronics,South,3,32579,97737,Debit Card,Online
3326,2026-09-29,C2046,Monitor,Electronics,Northeast,6,18583,111498,Credit Card,Distributor
3327,2026-11-16,C2456,Tablet,Electronics,West,7,29409,205863,Credit Card,Store
3328,2026-08-01,C2419,Keyboard,Accessories,Northeast,4,2867,11468,Cash,Online
3329,2026-12-09,C1905,Headphones,Accessories,South,2,4336,8672,Net Banking,Distributor
3330,2026-04-03,C2140,Mobile,Electronics,North,9,23739,213651,Cash,Store
3331,2026-08-21,C2366,Laptop,Electronics,West,10,65528,655280,Cash,Online
3332,2026-07-07,C2937,Office Chair,Furniture,West,3,9545,28635,Debit Card,Distributor
3333,2026-04-02,C1344,Mouse,Accessories,North,1,1452,1452,Net Banking,Distributor
3334,2026-06-22,C2965,Monitor,Electronics,West,4,21436,85744,Net Banking,Online
3335,2026-04-20,C2640,Monitor,Electronics,East,4,21469,85876,UPI,Online
3336,2026-06-07,C1134,Tablet,Electronics,East,8,28061,224488,UPI,Store
3337,2026-07-19,C2399,Office Chair,Furniture,Northeast,9,9477,85293,Debit Card,Distributor
3338,2026-07-13,C1230,Tablet,Electronics,East,4,29068,116272,Net Banking,Distributor
3339,2026-04-15,C1317,Desk,Furniture,West,3,14195,42585,Credit Card,Online
3340,2026-07-09,C1471,Desk,Furniture,North,4,13804,55216,Credit Card,Distributor
3341,2026-07-19,C1963,Monitor,Electronics,South,10,19102,191020,Credit Card,Store
3342,2026-07-30,C1417,Printer,Office,South,4,11317,45268,Net Banking,Distributor
3343,2026-01-18,C1039,Monitor,Electronics,East,7,20181,141267,Credit Card,Store
3344,2026-04-15,C1605,Tablet,Electronics,South,4,28522,114088,Debit Card,Distributor
3345,2026-04-14,C2536,Tablet,Electronics,Northeast,6,32662,195972,Net Banking,Online
3346,2026-07-19,C1235,Desk,Furniture,South,9,14065,126585,Credit Card,Online
3347,2026-07-24,C2932,Printer,Office,Central,9,13054,117486,Credit Card,Distributor
3348,2026-11-23,C2901,Laptop,Electronics,East,7,54270,379890,Debit Card,Distributor
3349,2026-02-09,C2222,Monitor,Electronics,South,6,19177,115062,UPI,Online
3350,2026-04-09,C1461,Printer,Office,South,4,11186,44744,Credit Card,Online
3351,2026-11-02,C2168,Keyboard,Accessories,West,4,3039,12156,Cash,Online
3352,2026-05-20,C2958,Keyboard,Accessories,North,7,3296,23072,Cash,Online
3353,2026-05-15,C1268,Keyboard,Accessories,Northeast,5,3219,16095,Credit Card,Online
3354,2026-09-07,C2137,Mobile,Electronics,South,7,22501,157507,Net Banking,Store
3355,2026-07-18,C2744,Tablet,Electronics,West,8,32039,256312,Net Banking,Online
3356,2026-07-30,C2169,Office Chair,Furniture,West,3,9823,29469,Cash,Online
3357,2026-10-20,C2675,Monitor,Electronics,Central,2,18578,37156,Cash,Online
3358,2026-06-16,C2835,Monitor,Electronics,Northeast,10,18494,184940,Cash,Store
3359,2026-05-11,C1501,Headphones,Accessories,Northeast,8,3653,29224,Debit Card,Distributor
3360,2026-05-19,C1215,Printer,Office,North,4,11056,44224,Net Banking,Store
3361,2026-09-29,C1796,Desk,Furniture,South,7,15528,108696,Cash,Online
3362,2026-08-03,C1423,Keyboard,Accessories,North,2,3129,6258,Net Banking,Store
3363,2026-01-25,C2690,Keyboard,Accessories,East,7,2730,19110,Credit Card,Store
3364,2026-08-03,C2533,Keyboard,Accessories,West,6,2984,17904,Debit Card,Distributor
3365,2026-06-20,C1550,Monitor,Electronics,East,4,20868,83472,Debit Card,Store
3366,2026-04-06,C2272,Laptop,Electronics,West,5,60724,303620,UPI,Distributor
3367,2026-06-16,C2845,Headphones,Accessories,South,8,3999,31992,Net Banking,Online
3368,2026-11-06,C1954,Laptop,Electronics,South,3,58342,175026,Cash,Distributor
3369,2026-08-10,C1535,Monitor,Electronics,Northeast,7,19182,134274,Debit Card,Distributor
3370,2026-01-22,C1625,Printer,Office,East,3,11869,35607,Credit Card,Distributor
3371,2026-09-18,C1059,Office Chair,Furniture,Central,7,9846,68922,Debit Card,Online
3372,2026-12-11,C1378,Keyboard,Accessories,West,8,2775,22200,Debit Card,Store
3373,2026-08-11,C1778,Monitor,Electronics,Northeast,6,20006,120036,Cash,Online
3374,2026-08-12,C1142,Tablet,Electronics,South,10,31809,318090,UPI,Distributor
3375,2026-08-05,C2037,Mouse,Accessories,East,9,1499,13491,Cash,Store
3376,2026-08-11,C2062,Laptop,Electronics,East,4,57583,230332,UPI,Online
3377,2026-05-02,C2370,Mouse,Accessories,East,10,1614,16140,Net Banking,Store
3378,2026-12-24,C1126,Desk,Furniture,South,3,13882,41646,Cash,Store
3379,2026-11-03,C1315,Headphones,Accessories,West,7,3997,27979,Debit Card,Distributor
3380,2026-07-02,C1558,Printer,Office,North,7,12640,88480,Net Banking,Distributor
3381,2026-10-10,C1086,Printer,Office,East,8,11957,95656,Debit Card,Online
3382,2026-04-17,C1918,Headphones,Accessories,North,4,4073,16292,Cash,Store
3383,2026-09-04,C2087,Mobile,Electronics,North,9,25127,226143,Net Banking,Store
3384,2026-01-07,C2021,Printer,Office,North,9,12289,110601,Debit Card,Online
3385,2026-05-27,C2550,Monitor,Electronics,North,9,21748,195732,Credit Card,Distributor
3386,2026-07-29,C1363,Mobile,Electronics,East,2,25439,50878,Credit Card,Distributor
3387,2026-03-06,C2867,Headphones,Accessories,East,6,3637,21822,Cash,Store
3388,2026-10-02,C1987,Keyboard,Accessories,East,3,3012,9036,Net Banking,Distributor
3389,2026-03-12,C1271,Mouse,Accessories,West,2,1498,2996,Credit Card,Distributor
3390,2026-08-11,C1891,Monitor,Electronics,South,4,18974,75896,UPI,Store
3391,2026-02-19,C1873,Printer,Office,West,3,12673,38019,Credit Card,Distributor
3392,2026-05-10,C1053,Mouse,Accessories,Northeast,2,1533,3066,Credit Card,Distributor
3393,2026-06-12,C2719,Mobile,Electronics,Central,7,23707,165949,Net Banking,Distributor
3394,2026-08-30,C2710,Tablet,Electronics,South,8,30857,246856,Debit Card,Online
3395,2026-01-08,C1599,Laptop,Electronics,Central,10,60335,603350,Debit Card,Store
3396,2026-11-03,C1217,Keyboard,Accessories,East,3,2733,8199,Cash,Distributor
3397,2026-04-03,C2647,Laptop,Electronics,East,4,61644,246576,Cash,Distributor
3398,2026-09-21,C2877,Mobile,Electronics,East,5,25469,127345,Net Banking,Online
3399,2026-01-28,C2195,Mouse,Accessories,North,6,1430,8580,Credit Card,Online
3400,2026-04-08,C2635,Keyboard,Accessories,North,8,2797,22376,Cash,Online
3401,2026-05-09,C2598,Desk,Furniture,West,2,14223,28446,Cash,Store
3402,2026-09-18,C2413,Tablet,Electronics,North,7,27041,189287,UPI,Online
3403,2026-04-16,C2622,Monitor,Electronics,Northeast,1,21484,21484,Net Banking,Store
3404,2026-12-23,C2748,Mobile,Electronics,South,7,26619,186333,Credit Card,Store
3405,2026-11-14,C2231,Printer,Office,Northeast,3,12198,36594,Cash,Distributor
3406,2026-09-27,C2916,Office Chair,Furniture,East,9,10359,93231,Net Banking,Distributor
3407,2026-07-06,C2828,Office Chair,Furniture,North,4,10129,40516,UPI,Online
3408,2026-07-13,C1373,Mouse,Accessories,North,10,1543,15430,UPI,Distributor
3409,2026-06-26,C1977,Monitor,Electronics,Central,6,18242,109452,Cash,Online
3410,2026-04-10,C2411,Keyboard,Accessories,Central,5,3280,16400,Debit Card,Online
3411,2026-12-11,C2369,Headphones,Accessories,Central,8,4229,33832,UPI,Distributor
3412,2026-10-19,C2166,Printer,Office,South,4,11098,44392,Debit Card,Online
3413,2026-01-29,C2144,Headphones,Accessories,West,1,4117,4117,Net Banking,Distributor
3414,2026-07-12,C2821,Printer,Office,West,10,12943,129430,Debit Card,Online
3415,2026-09-20,C1709,Desk,Furniture,East,5,15359,76795,UPI,Online
3416,2026-12-05,C2979,Tablet,Electronics,East,10,30920,309200,Credit Card,Online
3417,2026-07-18,C1059,Mouse,Accessories,West,10,1556,15560,UPI,Online
3418,2026-03-31,C1559,Headphones,Accessories,Central,4,3716,14864,UPI,Distributor
3419,2026-04-03,C1737,Keyboard,Accessories,Northeast,9,2995,26955,Net Banking,Online
3420,2026-12-06,C1347,Mouse,Accessories,East,5,1619,8095,Net Banking,Online
3421,2026-05-25,C2341,Mouse,Accessories,Northeast,5,1495,7475,UPI,Distributor
3422,2026-09-29,C2185,Desk,Furniture,North,9,15896,143064,Credit Card,Online
3423,2026-02-15,C1699,Keyboard,Accessories,South,1,3252,3252,Cash,Store
3424,2026-02-10,C1416,Mouse,Accessories,South,7,1607,11249,Net Banking,Online
3425,2026-03-24,C2351,Mobile,Electronics,North,5,25712,128560,Cash,Online
3426,2026-04-04,C2313,Mouse,Accessories,Central,1,1535,1535,Cash,Store
3427,2026-07-09,C2027,Keyboard,Accessories,North,10,2905,29050,Debit Card,Online
3428,2026-09-22,C2343,Tablet,Electronics,North,4,31765,127060,Credit Card,Store
3429,2026-04-30,C1099,Mouse,Accessories,Northeast,7,1541,10787,Net Banking,Distributor
3430,2026-06-29,C1595,Office Chair,Furniture,East,3,9224,27672,Cash,Online
3431,2026-04-15,C2032,Monitor,Electronics,Central,9,21895,197055,Cash,Online
3432,2026-04-22,C2202,Mobile,Electronics,Northeast,10,24154,241540,Debit Card,Store
3433,2026-08-12,C2814,Laptop,Electronics,North,9,57459,517131,UPI,Distributor
3434,2026-01-17,C2192,Mobile,Electronics,Northeast,6,24802,148812,Cash,Store
3435,2026-11-09,C2746,Printer,Office,Central,5,12900,64500,UPI,Store
3436,2026-01-11,C2629,Mouse,Accessories,East,2,1551,3102,Credit Card,Online
3437,2026-02-04,C2874,Monitor,Electronics,North,8,21136,169088,Debit Card,Store
3438,2026-07-01,C2297,Mouse,Accessories,Northeast,5,1520,7600,Net Banking,Online
3439,2026-03-11,C1883,Desk,Furniture,North,2,15918,31836,Debit Card,Distributor
3440,2026-06-14,C1481,Keyboard,Accessories,North,10,3245,32450,UPI,Distributor
3441,2026-09-03,C2537,Keyboard,Accessories,North,5,3024,15120,Net Banking,Online
3442,2026-04-30,C1908,Monitor,Electronics,Northeast,8,18626,149008,Net Banking,Store
3443,2026-10-06,C2502,Printer,Office,West,4,11944,47776,Credit Card,Store
3444,2026-08-01,C1287,Printer,Office,Central,9,13186,118674,Credit Card,Store
3445,2026-06-02,C1839,Laptop,Electronics,East,9,60571,545139,Credit Card,Distributor
3446,2026-07-24,C1467,Monitor,Electronics,East,2,19733,39466,Cash,Online
3447,2026-02-08,C2097,Desk,Furniture,West,6,13875,83250,Debit Card,Store
3448,2026-01-21,C1218,Mouse,Accessories,South,3,1443,4329,Net Banking,Store
3449,2026-08-02,C1779,Printer,Office,Central,3,12096,36288,Credit Card,Online
3450,2026-12-28,C2891,Headphones,Accessories,North,5,4205,21025,Credit Card,Online
3451,2026-10-04,C1665,Desk,Furniture,South,6,13696,82176,Debit Card,Distributor
3452,2026-04-07,C2414,Office Chair,Furniture,Northeast,2,9226,18452,Cash,Store
3453,2026-02-01,C1219,Mouse,Accessories,South,8,1445,11560,Debit Card,Online
3454,2026-04-11,C2064,Office Chair,Furniture,Central,3,10086,30258,Debit Card,Online
3455,2026-04-27,C2888,Mouse,Accessories,West,7,1575,11025,Net Banking,Store
3456,2026-08-04,C1165,Headphones,Accessories,Northeast,8,3903,31224,UPI,Store
3457,2026-12-18,C2068,Printer,Office,North,4,13116,52464,Debit Card,Online
3458,2026-03-21,C2687,Desk,Furniture,West,10,13542,135420,Cash,Distributor
3459,2026-06-11,C1541,Desk,Furniture,North,5,15345,76725,UPI,Distributor
3460,2026-08-07,C1128,Desk,Furniture,Central,6,15154,90924,Debit Card,Distributor
3461,2026-01-07,C1974,Desk,Furniture,Central,5,13854,69270,Debit Card,Store
3462,2026-06-01,C1822,Monitor,Electronics,North,4,18905,75620,Debit Card,Online
3463,2026-12-27,C1068,Office Chair,Furniture,West,10,9979,99790,Net Banking,Distributor
3464,2026-12-30,C1142,Headphones,Accessories,Northeast,1,3967,3967,Net Banking,Store
3465,2026-09-03,C1995,Mouse,Accessories,Northeast,10,1376,13760,Cash,Online
3466,2026-02-25,C1545,Keyboard,Accessories,Central,4,3224,12896,UPI,Online
3467,2026-10-27,C1425,Tablet,Electronics,East,4,30092,120368,Cash,Distributor
3468,2026-02-21,C1498,Keyboard,Accessories,West,9,3264,29376,UPI,Distributor
3469,2026-07-26,C1734,Headphones,Accessories,North,1,3678,3678,Net Banking,Distributor
3470,2026-01-29,C1949,Monitor,Electronics,West,6,18323,109938,Cash,Distributor
3471,2026-08-11,C2804,Monitor,Electronics,Northeast,1,20625,20625,Debit Card,Store
3472,2026-05-29,C2183,Headphones,Accessories,South,4,4323,17292,Cash,Distributor
3473,2026-10-05,C2618,Headphones,Accessories,East,4,3668,14672,Debit Card,Store
3474,2026-06-07,C2589,Printer,Office,South,3,12906,38718,Credit Card,Online
3475,2026-12-15,C1290,Printer,Office,Northeast,5,12693,63465,Cash,Store
3476,2026-04-18,C1979,Keyboard,Accessories,South,9,2939,26451,Cash,Store
3477,2026-08-23,C2029,Mobile,Electronics,Central,4,26192,104768,UPI,Store
3478,2026-12-18,C2540,Mouse,Accessories,West,6,1383,8298,Credit Card,Distributor
3479,2026-01-14,C1257,Tablet,Electronics,East,8,31456,251648,UPI,Distributor
3480,2026-11-19,C2796,Headphones,Accessories,West,1,3941,3941,Credit Card,Store
3481,2026-09-05,C1317,Printer,Office,North,2,10898,21796,Cash,Distributor
3482,2026-05-13,C1645,Office Chair,Furniture,Central,7,10157,71099,Debit Card,Store
3483,2026-12-02,C2282,Laptop,Electronics,Northeast,10,54682,546820,Net Banking,Distributor
3484,2026-09-27,C1768,Mobile,Electronics,North,7,22741,159187,Debit Card,Store
3485,2026-06-10,C2055,Monitor,Electronics,East,3,21048,63144,Net Banking,Distributor
3486,2026-05-20,C2765,Mouse,Accessories,West,3,1541,4623,Debit Card,Store
3487,2026-10-18,C1831,Tablet,Electronics,West,3,29703,89109,Debit Card,Online
3488,2026-11-10,C1398,Laptop,Electronics,North,7,56104,392728,Credit Card,Online
3489,2026-07-08,C1404,Monitor,Electronics,West,3,18023,54069,Net Banking,Online
3490,2026-11-18,C2906,Mobile,Electronics,East,7,26211,183477,UPI,Store
3491,2026-03-03,C1229,Printer,Office,South,5,10957,54785,Cash,Distributor
3492,2026-10-26,C2245,Laptop,Electronics,Northeast,3,62084,186252,Credit Card,Distributor
3493,2026-05-17,C1691,Printer,Office,East,5,13006,65030,Credit Card,Store
3494,2026-01-28,C2081,Office Chair,Furniture,Northeast,10,9841,98410,Credit Card,Distributor
3495,2026-12-24,C2200,Mobile,Electronics,Central,1,25073,25073,Net Banking,Store
3496,2026-08-22,C1940,Monitor,Electronics,North,9,21647,194823,Cash,Online
3497,2026-08-03,C1358,Monitor,Electronics,Northeast,8,19070,152560,Credit Card,Distributor
3498,2026-02-01,C1973,Laptop,Electronics,Northeast,7,62840,439880,Cash,Store
3499,2026-05-08,C2548,Laptop,Electronics,West,7,60733,425131,UPI,Online
3500,2026-09-09,C2008,Headphones,Accessories,Northeast,8,4047,32376,Cash,Distributor
3501,2026-07-06,C2073,Office Chair,Furniture,West,4,10742,42968,Net Banking,Distributor
3502,2026-04-20,C2838,Headphones,Accessories,Northeast,3,3795,11385,Debit Card,Distributor
3503,2026-02-26,C2751,Office Chair,Furniture,Northeast,1,10627,10627,Net Banking,Distributor
3504,2026-10-29,C2956,Tablet,Electronics,East,7,32738,229166,UPI,Online
3505,2026-08-31,C2853,Monitor,Electronics,North,9,19309,173781,Debit Card,Distributor
3506,2026-01-07,C1690,Office Chair,Furniture,Central,3,9861,29583,Credit Card,Online
3507,2026-04-07,C2404,Laptop,Electronics,East,9,64731,582579,Net Banking,Online
3508,2026-03-08,C2532,Mouse,Accessories,West,5,1619,8095,Net Banking,Online
3509,2026-06-22,C2182,Monitor,Electronics,Central,9,19729,177561,Cash,Online
3510,2026-11-20,C1432,Tablet,Electronics,North,6,30576,183456,UPI,Store
3511,2026-04-12,C2984,Printer,Office,East,5,12719,63595,Credit Card,Distributor
3512,2026-01-01,C2307,Monitor,Electronics,North,10,19458,194580,Debit Card,Online
3513,2026-02-11,C2287,Headphones,Accessories,South,10,3624,36240,Debit Card,Online
3514,2026-04-18,C2515,Mobile,Electronics,East,1,24763,24763,Net Banking,Online
3515,2026-11-02,C1001,Laptop,Electronics,North,5,65509,327545,UPI,Online
3516,2026-07-15,C2185,Office Chair,Furniture,North,2,10744,21488,Credit Card,Online
3517,2026-03-29,C2721,Headphones,Accessories,South,5,3600,18000,Cash,Distributor
3518,2026-01-25,C2925,Headphones,Accessories,West,8,4063,32504,UPI,Distributor
3519,2026-09-06,C1222,Office Chair,Furniture,Central,1,10561,10561,Cash,Distributor
3520,2026-12-10,C1109,Printer,Office,Northeast,9,12819,115371,Debit Card,Online
3521,2026-05-14,C2631,Tablet,Electronics,Northeast,7,31259,218813,Debit Card,Online
3522,2026-03-25,C2150,Laptop,Electronics,East,5,63333,316665,Credit Card,Online
3523,2026-04-15,C1358,Desk,Furniture,North,3,16476,49428,Cash,Distributor
3524,2026-06-18,C1762,Mouse,Accessories,East,7,1480,10360,UPI,Distributor
3525,2026-07-08,C2632,Printer,Office,Northeast,8,13186,105488,UPI,Store
3526,2026-11-23,C2695,Keyboard,Accessories,South,7,2806,19642,Cash,Store
3527,2026-07-25,C1275,Mobile,Electronics,East,2,24870,49740,UPI,Store
3528,2026-03-31,C2019,Keyboard,Accessories,South,3,3281,9843,Net Banking,Store
3529,2026-03-08,C1016,Monitor,Electronics,Northeast,8,20194,161552,Debit Card,Distributor
3530,2026-01-17,C2339,Tablet,Electronics,North,2,31933,63866,UPI,Distributor
3531,2026-01-17,C1784,Headphones,Accessories,North,4,3869,15476,Debit Card,Distributor
3532,2026-10-29,C2900,Mouse,Accessories,Northeast,10,1593,15930,Debit Card,Distributor
3533,2026-08-22,C1171,Headphones,Accessories,East,1,4326,4326,Credit Card,Distributor
3534,2026-06-04,C1505,Tablet,Electronics,South,4,28090,112360,Net Banking,Online
3535,2026-06-27,C1724,Mobile,Electronics,East,1,24360,24360,Cash,Online
3536,2026-08-01,C1203,Tablet,Electronics,East,7,30144,211008,Debit Card,Online
3537,2026-08-10,C1290,Monitor,Electronics,East,6,18044,108264,Net Banking,Store
3538,2026-08-04,C2194,Mouse,Accessories,Central,7,1639,11473,Net Banking,Store
3539,2026-06-09,C1697,Keyboard,Accessories,Central,6,3200,19200,Cash,Distributor
3540,2026-03-02,C2537,Monitor,Electronics,Northeast,10,18255,182550,Credit Card,Store
3541,2026-09-07,C2773,Tablet,Electronics,West,8,31347,250776,Net Banking,Distributor
3542,2026-11-04,C1794,Mouse,Accessories,West,6,1561,9366,Credit Card,Online
3543,2026-07-08,C1267,Office Chair,Furniture,East,4,9384,37536,UPI,Online
3544,2026-01-18,C2408,Monitor,Electronics,West,6,21243,127458,UPI,Online
3545,2026-09-01,C1932,Office Chair,Furniture,South,10,10735,107350,Credit Card,Distributor
3546,2026-08-25,C1441,Mobile,Electronics,South,1,26438,26438,Net Banking,Distributor
3547,2026-11-05,C2657,Tablet,Electronics,East,8,32040,256320,Cash,Online
3548,2026-04-07,C2282,Monitor,Electronics,Central,9,19451,175059,UPI,Distributor
3549,2026-11-01,C2185,Office Chair,Furniture,Northeast,2,10168,20336,Debit Card,Distributor
3550,2026-04-09,C1916,Desk,Furniture,Central,6,15190,91140,Credit Card,Distributor
3551,2026-09-02,C1853,Laptop,Electronics,South,10,62432,624320,Debit Card,Store
3552,2026-04-16,C1186,Mobile,Electronics,North,10,25799,257990,Debit Card,Online
3553,2026-08-16,C2583,Laptop,Electronics,East,2,55144,110288,UPI,Store
3554,2026-04-22,C2280,Printer,Office,South,10,12671,126710,Net Banking,Distributor
3555,2026-07-28,C2767,Headphones,Accessories,South,4,4196,16784,Debit Card,Store
3556,2026-03-10,C2899,Headphones,Accessories,West,1,4156,4156,Credit Card,Store
3557,2026-12-25,C2494,Keyboard,Accessories,West,2,2995,5990,Credit Card,Distributor
3558,2026-12-28,C1953,Mouse,Accessories,West,1,1362,1362,Credit Card,Online
3559,2026-07-15,C2511,Mouse,Accessories,North,8,1388,11104,Net Banking,Distributor
3560,2026-03-04,C2045,Desk,Furniture,South,3,15943,47829,Debit Card,Store
3561,2026-06-12,C2625,Desk,Furniture,North,6,14131,84786,UPI,Distributor
3562,2026-04-16,C1991,Desk,Furniture,West,7,15525,108675,Credit Card,Store
3563,2026-12-03,C1155,Headphones,Accessories,South,1,4049,4049,Debit Card,Distributor
3564,2026-03-24,C2429,Office Chair,Furniture,South,3,9287,27861,Net Banking,Distributor
3565,2026-07-12,C1110,Laptop,Electronics,Northeast,3,57477,172431,Cash,Online
3566,2026-03-22,C1187,Mouse,Accessories,East,6,1602,9612,Credit Card,Online
3567,2026-09-26,C1990,Keyboard,Accessories,Northeast,6,2700,16200,Debit Card,Distributor
3568,2026-10-16,C2207,Keyboard,Accessories,South,8,3125,25000,Cash,Online
3569,2026-07-17,C2268,Office Chair,Furniture,North,10,9762,97620,Cash,Store
3570,2026-06-01,C1765,Mobile,Electronics,North,6,25075,150450,UPI,Store
3571,2026-11-11,C1234,Keyboard,Accessories,East,6,2832,16992,Cash,Online
3572,2026-01-25,C1988,Tablet,Electronics,Central,5,29208,146040,Cash,Distributor
3573,2026-11-28,C2594,Headphones,Accessories,Northeast,10,4065,40650,Credit Card,Store
3574,2026-04-03,C1682,Headphones,Accessories,Central,5,4287,21435,Credit Card,Distributor
3575,2026-12-01,C1064,Desk,Furniture,West,4,14887,59548,UPI,Distributor
3576,2026-10-21,C1146,Tablet,Electronics,East,10,32103,321030,Net Banking,Distributor
3577,2026-05-08,C2468,Desk,Furniture,South,8,14397,115176,Net Banking,Online
3578,2026-07-22,C2564,Headphones,Accessories,Northeast,10,3604,36040,Credit Card,Online
3579,2026-08-11,C2691,Monitor,Electronics,Central,10,20665,206650,Cash,Online
3580,2026-10-21,C2218,Monitor,Electronics,Northeast,2,19239,38478,Net Banking,Distributor
3581,2026-07-23,C1124,Office Chair,Furniture,West,3,10628,31884,Debit Card,Online
3582,2026-12-12,C1024,Printer,Office,Northeast,8,12223,97784,Debit Card,Online
3583,2026-07-08,C1405,Headphones,Accessories,East,4,3616,14464,Net Banking,Store
3584,2026-07-04,C1614,Office Chair,Furniture,Northeast,1,9118,9118,Debit Card,Store
3585,2026-06-04,C1623,Office Chair,Furniture,South,1,9170,9170,UPI,Online
3586,2026-05-08,C2338,Headphones,Accessories,Central,7,3772,26404,Cash,Online
3587,2026-12-12,C2145,Desk,Furniture,West,2,16193,32386,Net Banking,Store
3588,2026-05-21,C2010,Office Chair,Furniture,Northeast,3,10794,32382,UPI,Store
3589,2026-06-24,C2142,Desk,Furniture,North,6,14233,85398,Credit Card,Online
3590,2026-03-28,C1103,Headphones,Accessories,North,4,4014,16056,Cash,Online
3591,2026-10-12,C1182,Mouse,Accessories,West,7,1574,11018,Cash,Store
3592,2026-05-21,C2762,Headphones,Accessories,North,5,4196,20980,Debit Card,Online
3593,2026-05-28,C2479,Mouse,Accessories,West,8,1577,12616,UPI,Online
3594,2026-07-03,C2067,Printer,Office,North,7,11899,83293,Cash,Online
3595,2026-07-19,C1616,Laptop,Electronics,South,7,54618,382326,Cash,Store
3596,2026-02-11,C1444,Monitor,Electronics,East,4,20731,82924,Credit Card,Distributor
3597,2026-10-21,C2020,Mobile,Electronics,Northeast,10,26812,268120,Debit Card,Store
3598,2026-06-25,C2514,Monitor,Electronics,East,6,20388,122328,Debit Card,Online
3599,2026-04-08,C1203,Laptop,Electronics,South,7,60783,425481,Credit Card,Store
3600,2026-01-10,C2878,Desk,Furniture,West,8,14191,113528,Cash,Distributor
3601,2026-01-05,C2868,Desk,Furniture,North,6,15832,94992,Net Banking,Distributor
3602,2026-10-01,C2970,Headphones,Accessories,East,9,3683,33147,Credit Card,Online
3603,2026-11-08,C1995,Headphones,Accessories,East,10,4214,42140,Net Banking,Distributor
3604,2026-08-27,C2779,Monitor,Electronics,Northeast,7,21301,149107,UPI,Store
3605,2026-07-15,C2297,Tablet,Electronics,South,4,29672,118688,Credit Card,Online
3606,2026-05-01,C2654,Headphones,Accessories,Central,1,3712,3712,Debit Card,Distributor
3607,2026-04-27,C1451,Monitor,Electronics,Northeast,1,21188,21188,Credit Card,Distributor
3608,2026-02-06,C2178,Laptop,Electronics,North,9,55717,501453,Credit Card,Store
3609,2026-03-15,C1185,Printer,Office,West,8,12562,100496,Credit Card,Store
3610,2026-09-11,C2154,Laptop,Electronics,West,3,64013,192039,UPI,Online
3611,2026-06-10,C2020,Mouse,Accessories,Northeast,5,1442,7210,Cash,Store
3612,2026-02-20,C1236,Office Chair,Furniture,West,5,10308,51540,Credit Card,Store
3613,2026-05-03,C1548,Keyboard,Accessories,North,1,2941,2941,Cash,Store
3614,2026-01-13,C2627,Mouse,Accessories,North,10,1564,15640,Cash,Online
3615,2026-05-03,C1641,Headphones,Accessories,West,3,3652,10956,Debit Card,Online
3616,2026-10-11,C1912,Monitor,Electronics,Central,10,21159,211590,Net Banking,Store
3617,2026-01-04,C2756,Tablet,Electronics,Central,1,30337,30337,Debit Card,Store
3618,2026-12-29,C1467,Monitor,Electronics,North,7,21977,153839,Cash,Distributor
3619,2026-03-17,C1419,Office Chair,Furniture,West,1,9083,9083,Cash,Distributor
3620,2026-08-02,C1766,Keyboard,Accessories,East,4,2967,11868,Credit Card,Distributor
3621,2026-11-21,C1205,Laptop,Electronics,Northeast,3,64466,193398,Debit Card,Online
3622,2026-11-28,C1766,Printer,Office,Northeast,8,12895,103160,UPI,Store
3623,2026-02-28,C2955,Headphones,Accessories,West,10,4317,43170,Debit Card,Online
3624,2026-08-27,C1936,Monitor,Electronics,North,6,20001,120006,Net Banking,Distributor
3625,2026-01-22,C2555,Office Chair,Furniture,Northeast,3,9633,28899,Cash,Distributor
3626,2026-11-28,C1315,Headphones,Accessories,East,6,3706,22236,Credit Card,Store
3627,2026-01-30,C2257,Monitor,Electronics,West,9,21715,195435,Net Banking,Store
3628,2026-06-16,C2429,Laptop,Electronics,Northeast,1,59312,59312,Cash,Online
3629,2026-03-12,C1038,Tablet,Electronics,Central,4,29144,116576,Credit Card,Online
3630,2026-06-17,C2108,Tablet,Electronics,West,2,28393,56786,Cash,Distributor
3631,2026-08-01,C2833,Laptop,Electronics,East,8,64735,517880,Net Banking,Online
3632,2026-03-18,C2980,Office Chair,Furniture,East,7,10313,72191,Debit Card,Online
3633,2026-11-04,C1922,Office Chair,Furniture,Central,10,9490,94900,Debit Card,Store
3634,2026-10-05,C1930,Mobile,Electronics,Central,2,26639,53278,Credit Card,Distributor
3635,2026-04-16,C1642,Mobile,Electronics,East,10,23915,239150,Credit Card,Online
3636,2026-11-09,C1862,Desk,Furniture,South,10,15098,150980,UPI,Store
3637,2026-12-05,C2209,Office Chair,Furniture,East,2,10678,21356,Net Banking,Online
3638,2026-10-04,C1143,Headphones,Accessories,East,5,4342,21710,Net Banking,Store
3639,2026-10-30,C1043,Monitor,Electronics,North,6,21531,129186,Credit Card,Distributor
3640,2026-04-02,C2613,Desk,Furniture,Central,1,16404,16404,UPI,Online
3641,2026-04-20,C2126,Headphones,Accessories,East,8,4294,34352,Net Banking,Online
3642,2026-01-19,C2721,Keyboard,Accessories,Central,8,3050,24400,Credit Card,Distributor
3643,2026-09-08,C1144,Headphones,Accessories,West,5,3705,18525,UPI,Online
3644,2026-09-04,C2411,Desk,Furniture,Central,10,15905,159050,Cash,Store
3645,2026-09-20,C2607,Monitor,Electronics,East,9,20143,181287,Debit Card,Distributor
3646,2026-09-14,C1036,Mouse,Accessories,South,4,1412,5648,UPI,Distributor
3647,2026-11-26,C2081,Printer,Office,Northeast,2,12301,24602,Cash,Distributor
3648,2026-06-14,C1140,Monitor,Electronics,South,3,18962,56886,Cash,Store
3649,2026-09-28,C2827,Keyboard,Accessories,Central,7,2848,19936,Credit Card,Store
3650,2026-03-30,C2737,Mouse,Accessories,Central,6,1398,8388,UPI,Store
3651,2026-07-20,C2898,Laptop,Electronics,Northeast,8,55802,446416,Cash,Distributor
3652,2026-11-10,C1467,Tablet,Electronics,Northeast,9,27080,243720,Cash,Online
3653,2026-04-06,C2252,Headphones,Accessories,Central,8,3801,30408,Credit Card,Online
3654,2026-12-23,C2074,Mobile,Electronics,South,6,25506,153036,Cash,Online
3655,2026-09-11,C2539,Mobile,Electronics,Northeast,10,23896,238960,Net Banking,Distributor
3656,2026-09-04,C1404,Office Chair,Furniture,Northeast,8,10928,87424,Cash,Online
3657,2026-10-06,C2833,Monitor,Electronics,Northeast,8,21591,172728,Credit Card,Distributor
3658,2026-08-10,C1916,Printer,Office,Northeast,9,12606,113454,Net Banking,Distributor
3659,2026-08-09,C2399,Mouse,Accessories,Northeast,10,1633,16330,Debit Card,Distributor
3660,2026-04-13,C2953,Desk,Furniture,Northeast,1,15740,15740,Debit Card,Online
3661,2026-08-14,C2922,Office Chair,Furniture,Northeast,4,10987,43948,Cash,Online
3662,2026-04-08,C1985,Printer,Office,Northeast,7,11379,79653,Cash,Online
3663,2026-05-10,C2531,Mouse,Accessories,Central,1,1478,1478,Net Banking,Online
3664,2026-04-11,C2810,Desk,Furniture,West,4,14112,56448,UPI,Online
3665,2026-06-09,C2525,Desk,Furniture,North,1,16306,16306,UPI,Online
3666,2026-06-06,C1725,Office Chair,Furniture,Central,7,10428,72996,Credit Card,Distributor
3667,2026-12-12,C1221,Desk,Furniture,West,7,14437,101059,Cash,Store
3668,2026-08-19,C1495,Headphones,Accessories,South,7,3609,25263,Cash,Store
3669,2026-03-10,C2459,Mobile,Electronics,South,1,24357,24357,Net Banking,Store
3670,2026-03-27,C1329,Monitor,Electronics,East,3,18381,55143,Cash,Store
3671,2026-01-09,C1492,Laptop,Electronics,North,1,55778,55778,Net Banking,Store
3672,2026-11-23,C2075,Office Chair,Furniture,West,1,10778,10778,Credit Card,Store
3673,2026-07-12,C1373,Tablet,Electronics,Northeast,2,28432,56864,Debit Card,Distributor
3674,2026-01-16,C1306,Office Chair,Furniture,Central,5,9715,48575,UPI,Online
3675,2026-03-10,C1484,Office Chair,Furniture,Central,5,10253,51265,UPI,Online
3676,2026-05-12,C1223,Office Chair,Furniture,Central,2,10796,21592,Net Banking,Online
3677,2026-04-18,C1279,Office Chair,Furniture,Northeast,7,9435,66045,Net Banking,Online
3678,2026-04-10,C1072,Keyboard,Accessories,North,6,2909,17454,UPI,Distributor
3679,2026-02-06,C1912,Office Chair,Furniture,North,8,9991,79928,Credit Card,Online
3680,2026-12-15,C1654,Monitor,Electronics,Central,7,21236,148652,UPI,Store
3681,2026-01-23,C1129,Desk,Furniture,East,3,13816,41448,Net Banking,Online
3682,2026-02-22,C2293,Monitor,Electronics,West,9,19463,175167,Net Banking,Distributor
3683,2026-06-09,C1167,Mouse,Accessories,West,7,1453,10171,Credit Card,Online
3684,2026-10-16,C1641,Office Chair,Furniture,North,5,9778,48890,UPI,Distributor
3685,2026-04-30,C1335,Mouse,Accessories,West,4,1551,6204,Credit Card,Distributor
3686,2026-12-09,C2808,Mobile,Electronics,North,9,26152,235368,UPI,Store
3687,2026-10-10,C2237,Office Chair,Furniture,South,1,9295,9295,Debit Card,Online
3688,2026-01-11,C2061,Laptop,Electronics,South,9,59929,539361,Net Banking,Online
3689,2026-07-27,C2212,Tablet,Electronics,West,3,28630,85890,Cash,Online
3690,2026-06-14,C2117,Desk,Furniture,Northeast,2,15046,30092,Debit Card,Store
3691,2026-03-17,C2358,Office Chair,Furniture,Central,10,9057,90570,UPI,Store
3692,2026-09-21,C2555,Tablet,Electronics,West,7,30692,214844,UPI,Distributor
3693,2026-10-10,C1574,Monitor,Electronics,West,5,18914,94570,Net Banking,Online
3694,2026-04-03,C1568,Tablet,Electronics,North,3,27859,83577,Debit Card,Distributor
3695,2026-03-14,C1192,Mouse,Accessories,Central,1,1562,1562,Net Banking,Online
3696,2026-02-16,C1820,Printer,Office,West,8,10809,86472,Credit Card,Online
3697,2026-02-12,C1590,Keyboard,Accessories,Northeast,8,3097,24776,Debit Card,Online
3698,2026-12-24,C1732,Printer,Office,West,6,12532,75192,Cash,Online
3699,2026-11-05,C1868,Keyboard,Accessories,Central,3,3012,9036,Cash,Online
3700,2026-12-28,C2545,Office Chair,Furniture,East,1,10151,10151,Cash,Distributor
3701,2026-06-27,C1480,Headphones,Accessories,Central,7,4028,28196,UPI,Online
3702,2026-10-28,C1135,Tablet,Electronics,East,2,28577,57154,Credit Card,Store
3703,2026-02-26,C1445,Desk,Furniture,East,9,16472,148248,Cash,Store
3704,2026-05-10,C1838,Monitor,Electronics,East,10,20788,207880,Credit Card,Online
3705,2026-05-27,C2023,Monitor,Electronics,East,2,19128,38256,Cash,Distributor
3706,2026-08-12,C1168,Laptop,Electronics,West,5,60053,300265,Credit Card,Store
3707,2026-07-06,C1672,Mobile,Electronics,South,9,26679,240111,Credit Card,Online
3708,2026-11-22,C1311,Printer,Office,West,3,12999,38997,Credit Card,Store
3709,2026-01-02,C1081,Headphones,Accessories,Northeast,9,3800,34200,Cash,Online
3710,2026-10-24,C1296,Monitor,Electronics,West,2,21658,43316,Debit Card,Distributor
3711,2026-12-18,C1615,Keyboard,Accessories,Northeast,8,3114,24912,Net Banking,Distributor
3712,2026-07-19,C2148,Printer,Office,North,1,13023,13023,Debit Card,Store
3713,2026-09-12,C2554,Headphones,Accessories,Northeast,3,4077,12231,Debit Card,Store
3714,2026-05-27,C2450,Mobile,Electronics,Northeast,5,26365,131825,Credit Card,Store
3715,2026-02-13,C1820,Monitor,Electronics,South,10,21059,210590,Net Banking,Store
3716,2026-10-08,C2594,Mobile,Electronics,West,10,24774,247740,Debit Card,Store
3717,2026-12-27,C1424,Office Chair,Furniture,North,1,9665,9665,UPI,Distributor
3718,2026-05-01,C1532,Printer,Office,West,5,12896,64480,Net Banking,Online
3719,2026-05-20,C1068,Monitor,Electronics,East,8,21882,175056,Cash,Store
3720,2026-10-26,C2993,Headphones,Accessories,West,5,3875,19375,Cash,Store
3721,2026-08-25,C1487,Mobile,Electronics,West,1,24584,24584,Net Banking,Online
3722,2026-05-24,C1558,Desk,Furniture,Central,3,14478,43434,UPI,Store
3723,2026-06-03,C1463,Monitor,Electronics,South,9,21992,197928,Credit Card,Online
3724,2026-08-25,C2340,Headphones,Accessories,East,10,3756,37560,Net Banking,Store
3725,2026-07-06,C2649,Desk,Furniture,Northeast,1,14730,14730,Credit Card,Distributor
3726,2026-02-14,C1264,Laptop,Electronics,South,6,54602,327612,Debit Card,Distributor
3727,2026-09-16,C2618,Keyboard,Accessories,South,7,3004,21028,Credit Card,Online
3728,2026-05-13,C1953,Keyboard,Accessories,West,1,2879,2879,Cash,Distributor
3729,2026-03-10,C1824,Mobile,Electronics,East,10,23210,232100,UPI,Online
3730,2026-10-28,C2765,Monitor,Electronics,North,2,19802,39604,Cash,Store
3731,2026-04-12,C1235,Desk,Furniture,East,10,13805,138050,Cash,Distributor
3732,2026-11-22,C1952,Mobile,Electronics,South,1,22625,22625,Net Banking,Online
3733,2026-09-30,C2820,Mobile,Electronics,North,1,24903,24903,Net Banking,Distributor
3734,2026-09-04,C1738,Keyboard,Accessories,East,2,2895,5790,Credit Card,Store
3735,2026-01-20,C1814,Keyboard,Accessories,South,8,2818,22544,Debit Card,Online
3736,2026-06-11,C2335,Desk,Furniture,North,3,14135,42405,UPI,Store
3737,2026-12-10,C1058,Mobile,Electronics,Central,7,25679,179753,Credit Card,Store
3738,2026-03-08,C1157,Mobile,Electronics,East,2,23802,47604,Net Banking,Store
3739,2026-02-07,C1922,Mouse,Accessories,West,8,1607,12856,UPI,Online
3740,2026-09-19,C2752,Desk,Furniture,South,5,14601,73005,UPI,Store
3741,2026-11-10,C2343,Headphones,Accessories,Northeast,1,3945,3945,UPI,Store
3742,2026-10-16,C2322,Laptop,Electronics,West,6,65871,395226,Cash,Distributor
3743,2026-05-24,C1667,Mobile,Electronics,North,3,27375,82125,Cash,Online
3744,2026-10-17,C2731,Laptop,Electronics,Central,2,57920,115840,Debit Card,Store
3745,2026-05-27,C2169,Mobile,Electronics,North,5,25310,126550,Net Banking,Store
3746,2026-06-01,C2078,Laptop,Electronics,East,2,64799,129598,Net Banking,Online
3747,2026-08-01,C1322,Mouse,Accessories,East,7,1436,10052,Net Banking,Store
3748,2026-07-02,C2452,Mouse,Accessories,East,8,1430,11440,Debit Card,Store
3749,2026-11-05,C2211,Printer,Office,Northeast,3,11103,33309,Net Banking,Online
3750,2026-05-03,C2133,Printer,Office,East,3,10950,32850,Credit Card,Store
3751,2026-01-08,C1216,Laptop,Electronics,South,8,59728,477824,Debit Card,Distributor
3752,2026-11-20,C2488,Printer,Office,South,4,12787,51148,UPI,Distributor
3753,2026-04-08,C2614,Keyboard,Accessories,Northeast,8,3096,24768,Cash,Distributor
3754,2026-04-12,C2904,Office Chair,Furniture,South,6,9586,57516,Cash,Store
3755,2026-02-01,C2710,Headphones,Accessories,Central,3,3752,11256,Credit Card,Store
3756,2026-11-28,C1309,Headphones,Accessories,South,1,3653,3653,Net Banking,Distributor
3757,2026-05-23,C1478,Mouse,Accessories,West,3,1643,4929,UPI,Store
3758,2026-01-05,C2712,Mobile,Electronics,West,8,24745,197960,UPI,Store
3759,2026-01-05,C2393,Printer,Office,South,4,12783,51132,UPI,Distributor
3760,2026-11-18,C1885,Laptop,Electronics,Central,1,64271,64271,Credit Card,Online
3761,2026-01-22,C2427,Monitor,Electronics,South,4,21556,86224,UPI,Store
3762,2026-01-23,C1171,Mobile,Electronics,West,7,25639,179473,Credit Card,Store
3763,2026-02-13,C1472,Monitor,Electronics,North,9,19725,177525,Credit Card,Distributor
3764,2026-07-03,C2423,Printer,Office,East,8,12718,101744,Credit Card,Store
3765,2026-04-03,C2879,Keyboard,Accessories,West,5,3291,16455,Net Banking,Online
3766,2026-09-06,C2481,Monitor,Electronics,Northeast,2,21877,43754,Net Banking,Store
3767,2026-06-03,C2139,Tablet,Electronics,Northeast,7,31151,218057,Cash,Distributor
3768,2026-04-11,C1365,Keyboard,Accessories,East,4,3216,12864,Debit Card,Distributor
3769,2026-11-17,C1948,Mouse,Accessories,Northeast,6,1577,9462,UPI,Distributor
3770,2026-09-04,C2000,Tablet,Electronics,South,6,27991,167946,Credit Card,Distributor
3771,2026-08-17,C1971,Laptop,Electronics,South,1,57694,57694,Net Banking,Online
3772,2026-05-31,C1239,Mouse,Accessories,East,2,1384,2768,Net Banking,Online
3773,2026-01-19,C1753,Tablet,Electronics,North,5,27137,135685,Credit Card,Distributor
3774,2026-01-15,C1240,Tablet,Electronics,North,6,32496,194976,Cash,Distributor
3775,2026-03-15,C2850,Laptop,Electronics,West,2,60130,120260,Credit Card,Online
3776,2026-08-15,C2246,Headphones,Accessories,Central,9,3733,33597,Debit Card,Online
3777,2026-08-03,C1417,Tablet,Electronics,Northeast,5,27353,136765,Cash,Distributor
3778,2026-07-16,C2313,Laptop,Electronics,North,2,62804,125608,UPI,Store
3779,2026-03-15,C2192,Office Chair,Furniture,North,3,10775,32325,Credit Card,Distributor
3780,2026-01-26,C1204,Desk,Furniture,West,3,14826,44478,UPI,Store
3781,2026-02-04,C2413,Office Chair,Furniture,East,6,10088,60528,Debit Card,Online
3782,2026-07-06,C2291,Desk,Furniture,North,4,13753,55012,UPI,Distributor
3783,2026-04-15,C1727,Desk,Furniture,South,9,14087,126783,UPI,Distributor
3784,2026-06-15,C1982,Keyboard,Accessories,Central,10,3131,31310,UPI,Distributor
3785,2026-02-28,C1072,Desk,Furniture,Northeast,9,13532,121788,Net Banking,Online
3786,2026-12-01,C1640,Tablet,Electronics,East,2,27760,55520,Debit Card,Store
3787,2026-04-20,C1131,Laptop,Electronics,Northeast,7,57684,403788,Cash,Store
3788,2026-05-24,C1334,Printer,Office,Northeast,1,11569,11569,Net Banking,Distributor
3789,2026-11-23,C2982,Laptop,Electronics,West,1,55976,55976,UPI,Distributor
3790,2026-11-27,C1964,Printer,Office,East,9,13112,118008,Cash,Store
3791,2026-01-26,C2160,Mouse,Accessories,East,6,1465,8790,Debit Card,Online
3792,2026-09-22,C2449,Keyboard,Accessories,West,5,3036,15180,Debit Card,Store
3793,2026-11-15,C1507,Mouse,Accessories,East,5,1537,7685,Cash,Distributor
3794,2026-03-31,C1641,Headphones,Accessories,Northeast,3,3845,11535,Cash,Online
3795,2026-01-16,C1730,Headphones,Accessories,West,1,4282,4282,Debit Card,Distributor
3796,2026-02-16,C1732,Tablet,Electronics,South,2,30195,60390,Debit Card,Online
3797,2026-09-01,C2369,Office Chair,Furniture,East,5,9034,45170,Credit Card,Store
3798,2026-07-29,C2018,Tablet,Electronics,East,2,29969,59938,Credit Card,Online
3799,2026-08-05,C2185,Headphones,Accessories,South,7,4371,30597,Debit Card,Store
3800,2026-09-21,C1485,Monitor,Electronics,Central,7,19649,137543,Cash,Online
3801,2026-04-28,C2324,Monitor,Electronics,South,10,19005,190050,Credit Card,Distributor
3802,2026-08-14,C1832,Monitor,Electronics,South,10,18413,184130,UPI,Distributor
3803,2026-08-15,C1201,Mouse,Accessories,West,3,1621,4863,Debit Card,Distributor
3804,2026-04-12,C2823,Keyboard,Accessories,East,7,2970,20790,Debit Card,Distributor
3805,2026-10-30,C2098,Mouse,Accessories,West,9,1423,12807,Credit Card,Store
3806,2026-08-21,C1421,Monitor,Electronics,Northeast,9,18580,167220,Net Banking,Distributor
3807,2026-08-16,C1221,Laptop,Electronics,East,5,55371,276855,Debit Card,Online
3808,2026-10-04,C1691,Headphones,Accessories,South,3,4373,13119,UPI,Online
3809,2026-11-26,C2811,Laptop,Electronics,North,9,57195,514755,Credit Card,Store
3810,2026-09-14,C2862,Mouse,Accessories,Northeast,2,1526,3052,Debit Card,Distributor
3811,2026-04-03,C2941,Monitor,Electronics,Central,7,18186,127302,Net Banking,Distributor
3812,2026-06-20,C2256,Keyboard,Accessories,West,1,3067,3067,Net Banking,Store
3813,2026-02-01,C1768,Office Chair,Furniture,Northeast,6,10633,63798,Net Banking,Online
3814,2026-05-14,C2717,Mobile,Electronics,Central,8,26010,208080,Net Banking,Store
3815,2026-03-02,C2854,Laptop,Electronics,West,7,65066,455462,Net Banking,Store
3816,2026-09-05,C2978,Keyboard,Accessories,North,4,3115,12460,Cash,Online
3817,2026-01-12,C2678,Monitor,Electronics,West,5,20396,101980,Cash,Store
3818,2026-09-12,C1207,Mobile,Electronics,South,2,26361,52722,Debit Card,Store
3819,2026-07-01,C2515,Monitor,Electronics,East,1,20740,20740,UPI,Online
3820,2026-05-18,C2363,Keyboard,Accessories,East,7,3008,21056,Cash,Online
3821,2026-09-16,C2006,Mouse,Accessories,North,7,1441,10087,Credit Card,Store
3822,2026-10-25,C2438,Mobile,Electronics,South,3,26002,78006,Net Banking,Distributor
3823,2026-03-04,C1972,Printer,Office,Central,3,11746,35238,Debit Card,Store
3824,2026-11-05,C1482,Headphones,Accessories,Northeast,4,3635,14540,Net Banking,Online
3825,2026-11-04,C1106,Monitor,Electronics,North,8,21070,168560,UPI,Store
3826,2026-01-28,C1711,Headphones,Accessories,North,10,4100,41000,Cash,Store
3827,2026-03-04,C2474,Desk,Furniture,Northeast,10,14991,149910,Debit Card,Online
3828,2026-09-04,C1093,Keyboard,Accessories,East,2,2861,5722,UPI,Distributor
3829,2026-11-06,C2810,Printer,Office,West,3,12148,36444,Net Banking,Distributor
3830,2026-05-11,C1548,Headphones,Accessories,West,4,4019,16076,Debit Card,Store
3831,2026-06-28,C1736,Tablet,Electronics,West,9,27364,246276,UPI,Online
3832,2026-01-26,C1524,Office Chair,Furniture,West,1,10613,10613,Cash,Store
3833,2026-01-11,C1880,Monitor,Electronics,Northeast,8,20409,163272,Net Banking,Store
3834,2026-05-27,C1834,Laptop,Electronics,East,3,62077,186231,UPI,Online
3835,2026-05-26,C1231,Office Chair,Furniture,North,5,9929,49645,Credit Card,Distributor
3836,2026-11-06,C2404,Keyboard,Accessories,West,8,3104,24832,Cash,Store
3837,2026-10-25,C1698,Tablet,Electronics,West,9,27692,249228,Credit Card,Distributor
3838,2026-02-27,C1797,Printer,Office,East,4,11669,46676,Debit Card,Distributor
3839,2026-10-18,C1529,Desk,Furniture,Northeast,10,13988,139880,Net Banking,Store
3840,2026-03-09,C1088,Mobile,Electronics,Northeast,8,24115,192920,Cash,Distributor
3841,2026-10-16,C2473,Mobile,Electronics,South,8,27418,219344,Net Banking,Store
3842,2026-11-04,C2199,Tablet,Electronics,East,4,31756,127024,UPI,Online
3843,2026-05-18,C2495,Mouse,Accessories,West,9,1641,14769,UPI,Distributor
3844,2026-12-30,C2707,Headphones,Accessories,Northeast,3,3940,11820,Net Banking,Store
3845,2026-06-25,C2611,Tablet,Electronics,Northeast,3,28035,84105,Cash,Online
3846,2026-12-01,C2052,Printer,Office,South,6,12122,72732,UPI,Online
3847,2026-06-06,C1594,Mouse,Accessories,West,5,1534,7670,Debit Card,Distributor
3848,2026-07-02,C2966,Tablet,Electronics,East,2,29314,58628,Credit Card,Store
3849,2026-07-11,C2238,Laptop,Electronics,West,10,59721,597210,Credit Card,Online
3850,2026-04-05,C1643,Office Chair,Furniture,East,5,10840,54200,Net Banking,Distributor
3851,2026-03-01,C1838,Desk,Furniture,Northeast,2,16191,32382,UPI,Store
3852,2026-07-29,C1471,Desk,Furniture,South,3,16402,49206,Cash,Store
3853,2026-05-14,C1010,Laptop,Electronics,East,3,61776,185328,Credit Card,Distributor
3854,2026-02-02,C2183,Headphones,Accessories,North,3,4308,12924,Debit Card,Online
3855,2026-06-24,C2285,Monitor,Electronics,North,2,19776,39552,Cash,Store
3856,2026-04-19,C2692,Mobile,Electronics,North,5,23159,115795,UPI,Online
3857,2026-08-14,C1354,Mobile,Electronics,Central,7,25284,176988,UPI,Online
3858,2026-07-13,C2840,Mouse,Accessories,North,7,1496,10472,UPI,Store
3859,2026-11-29,C1805,Keyboard,Accessories,Central,2,2754,5508,UPI,Distributor
3860,2026-02-22,C2077,Office Chair,Furniture,Central,6,10315,61890,Credit Card,Online
3861,2026-07-26,C2296,Monitor,Electronics,Central,1,20004,20004,Net Banking,Online
3862,2026-07-20,C2927,Mouse,Accessories,North,1,1375,1375,Credit Card,Distributor
3863,2026-04-05,C2569,Office Chair,Furniture,North,7,9176,64232,Cash,Store
3864,2026-10-16,C2282,Tablet,Electronics,Central,3,31593,94779,Cash,Online
3865,2026-06-26,C2916,Desk,Furniture,West,2,15356,30712,Credit Card,Distributor
3866,2026-12-12,C1640,Mobile,Electronics,North,4,27147,108588,Debit Card,Distributor
3867,2026-03-01,C2993,Headphones,Accessories,East,3,3692,11076,Cash,Distributor
3868,2026-03-30,C2586,Desk,Furniture,South,5,13886,69430,Net Banking,Distributor
3869,2026-06-24,C2997,Tablet,Electronics,West,10,31884,318840,Debit Card,Store
3870,2026-04-13,C2806,Mouse,Accessories,East,10,1413,14130,Net Banking,Distributor
3871,2026-11-21,C2734,Mouse,Accessories,Northeast,8,1591,12728,UPI,Store
3872,2026-05-05,C1479,Laptop,Electronics,South,2,56044,112088,Debit Card,Store
3873,2026-07-03,C2554,Printer,Office,Northeast,6,11349,68094,Credit Card,Store
3874,2026-10-05,C2437,Mobile,Electronics,East,6,27111,162666,UPI,Distributor
3875,2026-03-12,C1487,Headphones,Accessories,Northeast,6,3951,23706,Debit Card,Online
3876,2026-10-10,C1655,Desk,Furniture,South,3,14565,43695,Debit Card,Distributor
3877,2026-01-03,C2070,Tablet,Electronics,East,9,30130,271170,Credit Card,Distributor
3878,2026-08-19,C2224,Headphones,Accessories,West,9,3834,34506,Debit Card,Online
3879,2026-01-06,C2128,Keyboard,Accessories,North,8,2723,21784,Net Banking,Distributor
3880,2026-06-10,C2710,Office Chair,Furniture,Northeast,1,10498,10498,Debit Card,Store
3881,2026-05-26,C2531,Headphones,Accessories,East,6,3814,22884,Cash,Online
3882,2026-03-31,C1196,Headphones,Accessories,North,9,3970,35730,Credit Card,Online
3883,2026-02-04,C2766,Keyboard,Accessories,East,3,2895,8685,Debit Card,Store
3884,2026-07-22,C1840,Mobile,Electronics,North,6,22975,137850,Net Banking,Distributor
3885,2026-03-19,C2527,Desk,Furniture,North,9,14304,128736,Net Banking,Online
3886,2026-02-25,C1263,Desk,Furniture,East,6,14451,86706,UPI,Online
3887,2026-10-17,C2768,Mouse,Accessories,Central,3,1453,4359,Cash,Store
3888,2026-08-20,C2006,Headphones,Accessories,Central,3,4112,12336,Credit Card,Store
3889,2026-07-01,C1146,Printer,Office,West,10,11817,118170,Debit Card,Online
3890,2026-04-03,C1950,Monitor,Electronics,East,5,18016,90080,Debit Card,Online
3891,2026-06-22,C1072,Office Chair,Furniture,Northeast,4,9488,37952,Credit Card,Online
3892,2026-09-14,C1905,Monitor,Electronics,South,4,21596,86384,Debit Card,Online
3893,2026-09-04,C2944,Tablet,Electronics,Northeast,5,32520,162600,UPI,Distributor
3894,2026-05-12,C1071,Printer,Office,Central,7,12880,90160,UPI,Online
3895,2026-01-11,C2736,Mouse,Accessories,East,5,1369,6845,Cash,Distributor
3896,2026-08-21,C2933,Headphones,Accessories,Central,2,3906,7812,Credit Card,Online
3897,2026-07-26,C2505,Keyboard,Accessories,West,8,2900,23200,Net Banking,Distributor
3898,2026-12-05,C1293,Keyboard,Accessories,West,2,3079,6158,Credit Card,Distributor
3899,2026-07-23,C1330,Tablet,Electronics,West,5,27200,136000,Cash,Distributor
3900,2026-02-23,C1990,Printer,Office,South,10,12774,127740,Cash,Distributor
3901,2026-04-16,C1782,Tablet,Electronics,South,4,27031,108124,Cash,Online
3902,2026-03-05,C1110,Printer,Office,Central,2,13091,26182,Net Banking,Online
3903,2026-03-04,C1508,Mouse,Accessories,West,6,1532,9192,Debit Card,Online
3904,2026-07-01,C1359,Laptop,Electronics,Northeast,3,56890,170670,Cash,Distributor
3905,2026-01-15,C1759,Monitor,Electronics,Northeast,8,20728,165824,UPI,Store
3906,2026-08-17,C2218,Headphones,Accessories,Central,4,3827,15308,Credit Card,Online
3907,2026-10-30,C1885,Mobile,Electronics,Central,2,22630,45260,UPI,Distributor
3908,2026-09-14,C1479,Headphones,Accessories,Central,1,4376,4376,Credit Card,Online
3909,2026-04-07,C1793,Headphones,Accessories,West,7,4283,29981,UPI,Store
3910,2026-06-26,C2291,Mouse,Accessories,West,7,1524,10668,Debit Card,Distributor
3911,2026-07-28,C1937,Monitor,Electronics,South,5,19036,95180,Cash,Online
3912,2026-03-17,C2666,Desk,Furniture,East,7,14591,102137,Debit Card,Online
3913,2026-07-04,C1320,Keyboard,Accessories,East,1,3299,3299,Credit Card,Distributor
3914,2026-11-18,C2119,Office Chair,Furniture,East,10,10965,109650,Debit Card,Store
3915,2026-03-16,C2917,Keyboard,Accessories,Central,2,2819,5638,UPI,Store
3916,2026-02-27,C1983,Office Chair,Furniture,Central,7,9586,67102,Credit Card,Store
3917,2026-07-24,C1504,Monitor,Electronics,West,7,19834,138838,Cash,Store
3918,2026-08-01,C1631,Office Chair,Furniture,North,3,9626,28878,Net Banking,Online
3919,2026-04-20,C2435,Laptop,Electronics,Northeast,6,55211,331266,Cash,Online
3920,2026-05-14,C1308,Tablet,Electronics,West,8,32944,263552,Net Banking,Distributor
3921,2026-12-08,C1189,Mouse,Accessories,North,6,1630,9780,Net Banking,Store
3922,2026-08-19,C2454,Keyboard,Accessories,South,6,3011,18066,UPI,Online
3923,2026-11-29,C1573,Mouse,Accessories,Central,2,1469,2938,Net Banking,Distributor
3924,2026-09-28,C2984,Mobile,Electronics,West,1,25538,25538,Cash,Distributor
3925,2026-10-01,C1637,Desk,Furniture,Central,10,13686,136860,UPI,Online
3926,2026-07-16,C2971,Headphones,Accessories,Northeast,6,4370,26220,Net Banking,Online
3927,2026-02-14,C2993,Desk,Furniture,Central,6,14450,86700,UPI,Store
3928,2026-12-12,C2623,Tablet,Electronics,East,10,27750,277500,Credit Card,Store
3929,2026-06-21,C2093,Tablet,Electronics,South,3,27649,82947,Cash,Online
3930,2026-12-12,C1831,Headphones,Accessories,Central,2,3724,7448,Net Banking,Store
3931,2026-08-15,C1096,Headphones,Accessories,Northeast,2,3664,7328,Net Banking,Distributor
3932,2026-10-27,C1476,Monitor,Electronics,North,7,18874,132118,Net Banking,Online
3933,2026-03-19,C1404,Desk,Furniture,North,9,15969,143721,Cash,Online
3934,2026-12-28,C2040,Mouse,Accessories,East,7,1585,11095,Credit Card,Store
3935,2026-08-25,C2984,Laptop,Electronics,Central,2,63584,127168,Net Banking,Store
3936,2026-10-10,C2815,Mobile,Electronics,West,3,27334,82002,Debit Card,Store
3937,2026-12-30,C1160,Tablet,Electronics,East,3,30451,91353,Net Banking,Distributor
3938,2026-11-17,C1435,Keyboard,Accessories,South,3,3226,9678,Net Banking,Store
3939,2026-01-25,C1909,Headphones,Accessories,Northeast,3,3801,11403,Debit Card,Online
3940,2026-10-14,C1551,Laptop,Electronics,Central,7,59243,414701,Credit Card,Distributor
3941,2026-06-09,C2733,Tablet,Electronics,East,6,32460,194760,Debit Card,Online
3942,2026-07-18,C2368,Printer,Office,North,2,11572,23144,Cash,Store
3943,2026-09-22,C2104,Laptop,Electronics,Northeast,8,57913,463304,Credit Card,Distributor
3944,2026-01-01,C1917,Monitor,Electronics,South,6,20714,124284,UPI,Distributor
3945,2026-11-24,C2560,Mouse,Accessories,North,6,1491,8946,Cash,Online
3946,2026-09-22,C1539,Desk,Furniture,South,8,14408,115264,Debit Card,Distributor
3947,2026-08-31,C1776,Printer,Office,Central,5,12089,60445,Debit Card,Online
3948,2026-08-24,C1187,Monitor,Electronics,East,1,19411,19411,Debit Card,Online
3949,2026-12-27,C2945,Office Chair,Furniture,Northeast,2,10691,21382,Net Banking,Store
3950,2026-11-06,C2009,Laptop,Electronics,Central,9,65850,592650,Net Banking,Distributor
3951,2026-04-30,C1831,Keyboard,Accessories,North,3,3040,9120,Net Banking,Store
3952,2026-10-01,C2347,Mobile,Electronics,West,9,22619,203571,Credit Card,Distributor
3953,2026-12-25,C1031,Monitor,Electronics,North,4,19802,79208,Cash,Store
3954,2026-03-04,C2453,Headphones,Accessories,East,9,4269,38421,UPI,Store
3955,2026-04-13,C2754,Laptop,Electronics,North,7,62211,435477,Cash,Distributor
3956,2026-11-13,C2074,Headphones,Accessories,West,9,4159,37431,UPI,Store
3957,2026-11-02,C2420,Mouse,Accessories,East,9,1402,12618,UPI,Online
3958,2026-04-10,C1905,Mouse,Accessories,North,4,1430,5720,UPI,Online
3959,2026-06-29,C2978,Printer,Office,South,7,12868,90076,Credit Card,Online
3960,2026-03-09,C1933,Tablet,Electronics,East,4,31693,126772,UPI,Distributor
3961,2026-12-15,C2846,Office Chair,Furniture,Northeast,9,10681,96129,Credit Card,Distributor
3962,2026-11-28,C2113,Monitor,Electronics,North,3,19356,58068,Debit Card,Store
3963,2026-02-28,C1513,Mouse,Accessories,Central,3,1354,4062,Debit Card,Distributor
3964,2026-09-15,C1503,Desk,Furniture,Central,10,15008,150080,Net Banking,Online
3965,2026-07-20,C2577,Mobile,Electronics,South,3,27237,81711,Net Banking,Online
3966,2026-08-19,C2193,Desk,Furniture,South,6,16476,98856,Net Banking,Distributor
3967,2026-10-04,C1977,Keyboard,Accessories,West,1,2700,2700,Credit Card,Online
3968,2026-01-01,C2957,Office Chair,Furniture,Central,10,10948,109480,Cash,Distributor
3969,2026-02-02,C2298,Keyboard,Accessories,East,10,2952,29520,Debit Card,Online
3970,2026-07-09,C2939,Mobile,Electronics,West,1,22816,22816,Cash,Online
3971,2026-07-06,C2668,Printer,Office,East,9,12111,108999,Debit Card,Online
3972,2026-06-08,C1942,Printer,Office,West,4,11317,45268,Debit Card,Online
3973,2026-04-20,C2968,Printer,Office,East,10,12049,120490,Credit Card,Distributor
3974,2026-09-18,C2420,Keyboard,Accessories,Northeast,9,2803,25227,Cash,Distributor
3975,2026-01-28,C1524,Desk,Furniture,North,5,14449,72245,Credit Card,Distributor
3976,2026-08-23,C1672,Headphones,Accessories,West,9,3972,35748,Debit Card,Store
3977,2026-11-25,C1083,Tablet,Electronics,Northeast,1,31877,31877,Credit Card,Store
3978,2026-04-16,C1565,Mobile,Electronics,East,7,22570,157990,Credit Card,Online
3979,2026-10-07,C1270,Printer,Office,North,7,11446,80122,Debit Card,Distributor
3980,2026-08-19,C1151,Headphones,Accessories,Central,10,4353,43530,Debit Card,Distributor
3981,2026-07-08,C2955,Laptop,Electronics,Central,6,58931,353586,Debit Card,Store
3982,2026-05-10,C1743,Mobile,Electronics,North,5,23259,116295,Net Banking,Online
3983,2026-11-03,C2252,Laptop,Electronics,South,8,57861,462888,Credit Card,Store
3984,2026-12-07,C2924,Laptop,Electronics,South,9,54161,487449,Debit Card,Store
3985,2026-10-20,C2125,Mouse,Accessories,Northeast,5,1504,7520,Net Banking,Online
3986,2026-04-17,C1882,Office Chair,Furniture,East,6,10676,64056,Debit Card,Online
3987,2026-12-11,C1655,Office Chair,Furniture,Northeast,9,9528,85752,Credit Card,Distributor
3988,2026-03-18,C1272,Mobile,Electronics,West,9,23425,210825,UPI,Store
3989,2026-12-17,C2238,Monitor,Electronics,East,2,18873,37746,UPI,Store
3990,2026-05-26,C1634,Mobile,Electronics,Northeast,5,26960,134800,Net Banking,Online
3991,2026-01-22,C2771,Keyboard,Accessories,East,9,2926,26334,Net Banking,Distributor
3992,2026-08-14,C2496,Mouse,Accessories,Northeast,8,1453,11624,Cash,Distributor
3993,2026-05-08,C1122,Printer,Office,Central,5,11584,57920,Cash,Store
3994,2026-01-05,C2342,Office Chair,Furniture,South,1,9050,9050,Debit Card,Distributor
3995,2026-06-27,C2233,Headphones,Accessories,East,8,3811,30488,Cash,Online
3996,2026-06-06,C1060,Office Chair,Furniture,East,9,9621,86589,UPI,Online
3997,2026-02-28,C1980,Mouse,Accessories,West,5,1383,6915,Credit Card,Distributor
3998,2026-02-04,C1777,Laptop,Electronics,South,6,54552,327312,Cash,Distributor
3999,2026-12-03,C2598,Desk,Furniture,Northeast,10,13830,138300,UPI,Distributor
4000,2026-01-17,C1423,Monitor,Electronics,North,1,21363,21363,UPI,Store
4001,2026-11-21,C2798,Keyboard,Accessories,North,4,2946,11784,Credit Card,Store
4002,2026-06-23,C2812,Keyboard,Accessories,North,3,3046,9138,Cash,Store
4003,2026-04-09,C1855,Printer,Office,West,10,12063,120630,Credit Card,Online
4004,2026-06-16,C2821,Office Chair,Furniture,North,10,9350,93500,Cash,Store
4005,2026-08-06,C1671,Keyboard,Accessories,East,1,2959,2959,Cash,Online
4006,2026-03-18,C2047,Office Chair,Furniture,North,10,9747,97470,Cash,Distributor
4007,2026-07-08,C2450,Mobile,Electronics,West,2,24586,49172,UPI,Online
4008,2026-08-01,C2280,Laptop,Electronics,Northeast,1,58557,58557,UPI,Store
4009,2026-07-24,C2102,Office Chair,Furniture,Central,4,9689,38756,Net Banking,Online
4010,2026-06-26,C1551,Headphones,Accessories,Central,10,4052,40520,Cash,Distributor
4011,2026-02-18,C1411,Monitor,Electronics,West,1,19434,19434,Debit Card,Distributor
4012,2026-11-05,C1559,Mouse,Accessories,South,2,1401,2802,Credit Card,Distributor
4013,2026-01-02,C1666,Mouse,Accessories,Central,9,1545,13905,UPI,Online
4014,2026-05-15,C1983,Laptop,Electronics,East,5,58673,293365,Cash,Online
4015,2026-10-11,C1253,Monitor,Electronics,Central,6,21038,126228,Net Banking,Online
4016,2026-12-20,C2649,Tablet,Electronics,East,5,30824,154120,Debit Card,Online
4017,2026-12-30,C2882,Laptop,Electronics,North,10,59450,594500,Net Banking,Online
4018,2026-08-06,C2486,Monitor,Electronics,North,5,20230,101150,Debit Card,Distributor
4019,2026-10-14,C2346,Printer,Office,West,9,11214,100926,Cash,Store
4020,2026-07-22,C1372,Printer,Office,East,5,11066,55330,Net Banking,Online
4021,2026-07-23,C1690,Tablet,Electronics,Central,9,29947,269523,UPI,Store
4022,2026-06-25,C2151,Desk,Furniture,Central,9,15747,141723,Cash,Store
4023,2026-10-10,C1284,Mouse,Accessories,North,4,1553,6212,Cash,Online
4024,2026-10-07,C2034,Tablet,Electronics,Northeast,1,30484,30484,UPI,Store
4025,2026-05-28,C2923,Mobile,Electronics,Northeast,6,24399,146394,Debit Card,Online
4026,2026-02-19,C1302,Desk,Furniture,South,4,14221,56884,Cash,Store
4027,2026-12-08,C1761,Keyboard,Accessories,West,10,2947,29470,Debit Card,Online
4028,2026-06-17,C1551,Keyboard,Accessories,East,1,2891,2891,Cash,Store
4029,2026-07-31,C1956,Monitor,Electronics,South,8,18046,144368,UPI,Distributor
4030,2026-04-28,C2280,Keyboard,Accessories,West,2,2751,5502,UPI,Online
4031,2026-05-08,C1644,Keyboard,Accessories,South,4,3090,12360,Debit Card,Distributor
4032,2026-07-07,C2147,Mobile,Electronics,East,8,26028,208224,Debit Card,Distributor
4033,2026-06-25,C1745,Monitor,Electronics,Northeast,10,20032,200320,Credit Card,Store
4034,2026-03-31,C1125,Tablet,Electronics,West,8,30631,245048,Credit Card,Store
4035,2026-08-12,C1325,Keyboard,Accessories,West,6,2784,16704,UPI,Online
4036,2026-02-04,C2758,Printer,Office,Northeast,2,12224,24448,Net Banking,Store
4037,2026-10-17,C1845,Mobile,Electronics,South,3,23656,70968,Debit Card,Distributor
4038,2026-08-14,C1075,Mouse,Accessories,South,1,1469,1469,Debit Card,Online
4039,2026-05-15,C1779,Headphones,Accessories,East,10,4312,43120,UPI,Distributor
4040,2026-10-20,C2006,Office Chair,Furniture,East,6,10534,63204,Debit Card,Store
4041,2026-04-15,C2169,Office Chair,Furniture,East,7,10188,71316,UPI,Store
4042,2026-01-03,C2387,Desk,Furniture,North,3,15140,45420,Credit Card,Store
4043,2026-05-06,C2639,Desk,Furniture,West,3,16071,48213,Credit Card,Online
4044,2026-01-02,C1822,Monitor,Electronics,Central,5,21376,106880,Cash,Store
4045,2026-11-29,C2449,Keyboard,Accessories,Northeast,4,2732,10928,Cash,Online
4046,2026-08-03,C2530,Tablet,Electronics,Central,10,27316,273160,Credit Card,Distributor
4047,2026-10-07,C2720,Desk,Furniture,East,8,16216,129728,Debit Card,Store
4048,2026-08-18,C2993,Laptop,Electronics,West,10,65430,654300,UPI,Online
4049,2026-10-31,C2047,Laptop,Electronics,Central,3,60079,180237,Net Banking,Store
4050,2026-07-07,C1022,Keyboard,Accessories,East,1,2774,2774,Net Banking,Store
4051,2026-02-15,C1045,Mouse,Accessories,Central,6,1405,8430,Credit Card,Online
4052,2026-09-11,C2283,Desk,Furniture,North,7,15776,110432,Debit Card,Online
4053,2026-11-15,C1971,Office Chair,Furniture,Central,7,9034,63238,Net Banking,Online
4054,2026-05-03,C1646,Office Chair,Furniture,Northeast,6,10728,64368,Debit Card,Distributor
4055,2026-12-03,C2303,Tablet,Electronics,East,9,29901,269109,Debit Card,Distributor
4056,2026-07-10,C1276,Keyboard,Accessories,East,8,3271,26168,Credit Card,Distributor
4057,2026-04-18,C1887,Laptop,Electronics,South,4,55212,220848,Credit Card,Distributor
4058,2026-04-01,C1405,Printer,Office,North,2,11487,22974,Debit Card,Distributor
4059,2026-03-31,C2677,Desk,Furniture,Central,3,16207,48621,Net Banking,Store
4060,2026-04-17,C2532,Tablet,Electronics,Northeast,5,27588,137940,UPI,Online
4061,2026-03-13,C1526,Mouse,Accessories,North,9,1584,14256,Net Banking,Distributor
4062,2026-03-04,C2717,Headphones,Accessories,South,2,3873,7746,Credit Card,Distributor
4063,2026-07-31,C1784,Headphones,Accessories,Northeast,2,4153,8306,UPI,Store
4064,2026-12-17,C1675,Tablet,Electronics,North,4,29302,117208,Cash,Online
4065,2026-03-04,C2858,Desk,Furniture,Northeast,6,14930,89580,Debit Card,Store
4066,2026-06-09,C2669,Keyboard,Accessories,North,7,3298,23086,Credit Card,Store
4067,2026-08-02,C2767,Headphones,Accessories,West,1,4202,4202,Credit Card,Online
4068,2026-06-23,C2050,Tablet,Electronics,South,7,30904,216328,UPI,Store
4069,2026-06-13,C2691,Mouse,Accessories,North,1,1376,1376,Credit Card,Online
4070,2026-06-14,C1418,Mouse,Accessories,North,5,1556,7780,Credit Card,Store
4071,2026-06-11,C1827,Mouse,Accessories,Central,4,1353,5412,Cash,Distributor
4072,2026-03-03,C1503,Desk,Furniture,Northeast,8,14788,118304,Net Banking,Distributor
4073,2026-12-13,C2483,Tablet,Electronics,South,8,30502,244016,UPI,Online
4074,2026-11-23,C1236,Mouse,Accessories,South,3,1469,4407,Cash,Distributor
4075,2026-01-11,C2923,Mobile,Electronics,Central,10,25242,252420,Net Banking,Store
4076,2026-03-08,C2985,Monitor,Electronics,East,10,21232,212320,UPI,Online
4077,2026-06-05,C2516,Printer,Office,Central,5,12201,61005,Debit Card,Online
4078,2026-12-11,C2676,Monitor,Electronics,West,3,19835,59505,Net Banking,Distributor
4079,2026-12-04,C2172,Keyboard,Accessories,South,9,3219,28971,Debit Card,Distributor
4080,2026-03-25,C2769,Keyboard,Accessories,North,1,2766,2766,Net Banking,Online
4081,2026-04-15,C1418,Headphones,Accessories,North,5,4322,21610,Net Banking,Store
4082,2026-12-04,C2444,Printer,Office,Central,6,11758,70548,Net Banking,Distributor
4083,2026-01-23,C2183,Tablet,Electronics,West,10,31053,310530,Debit Card,Store
4084,2026-11-09,C2590,Mouse,Accessories,North,6,1392,8352,Cash,Store
4085,2026-06-21,C1591,Printer,Office,Central,7,11590,81130,Debit Card,Online
4086,2026-03-19,C2649,Laptop,Electronics,South,6,61267,367602,Credit Card,Online
4087,2026-10-20,C1829,Keyboard,Accessories,East,6,3185,19110,Credit Card,Distributor
4088,2026-08-21,C1854,Monitor,Electronics,East,4,18515,74060,UPI,Online
4089,2026-07-13,C2818,Laptop,Electronics,Central,9,58012,522108,UPI,Distributor
4090,2026-08-27,C2477,Mouse,Accessories,Northeast,3,1466,4398,UPI,Online
4091,2026-12-21,C1287,Desk,Furniture,North,5,14674,73370,Net Banking,Store
4092,2026-12-28,C1900,Headphones,Accessories,Northeast,7,4058,28406,Credit Card,Store
4093,2026-08-10,C1129,Mouse,Accessories,West,9,1473,13257,Debit Card,Distributor
4094,2026-01-18,C1612,Mobile,Electronics,Central,8,22656,181248,UPI,Distributor
4095,2026-11-18,C1402,Desk,Furniture,East,3,15724,47172,Cash,Store
4096,2026-02-17,C2389,Desk,Furniture,South,2,13845,27690,Cash,Online
4097,2026-05-06,C2715,Tablet,Electronics,Central,10,30655,306550,Net Banking,Online
4098,2026-05-21,C1947,Desk,Furniture,South,8,14835,118680,UPI,Distributor
4099,2026-12-01,C2750,Keyboard,Accessories,West,3,3110,9330,Net Banking,Online
4100,2026-06-13,C1222,Monitor,Electronics,Central,5,18367,91835,Net Banking,Distributor
4101,2026-11-04,C2778,Laptop,Electronics,South,4,60104,240416,UPI,Online
4102,2026-04-29,C1619,Tablet,Electronics,North,2,30625,61250,Cash,Online
4103,2026-07-08,C2490,Keyboard,Accessories,East,8,2711,21688,UPI,Online
4104,2026-11-13,C2277,Tablet,Electronics,South,8,32447,259576,Debit Card,Distributor
4105,2026-11-19,C1576,Mouse,Accessories,Central,3,1511,4533,Credit Card,Online
4106,2026-09-11,C1163,Laptop,Electronics,East,6,54633,327798,Credit Card,Store
4107,2026-12-29,C1738,Headphones,Accessories,West,2,4373,8746,Credit Card,Online
4108,2026-02-12,C1546,Office Chair,Furniture,Central,4,9220,36880,UPI,Distributor
4109,2026-02-24,C1963,Headphones,Accessories,South,9,3909,35181,UPI,Store
4110,2026-12-01,C1519,Printer,Office,Central,9,10906,98154,UPI,Online
4111,2026-07-24,C1201,Headphones,Accessories,Central,6,4319,25914,Net Banking,Store
4112,2026-06-25,C2527,Mouse,Accessories,West,8,1389,11112,Cash,Store
4113,2026-02-01,C1182,Headphones,Accessories,Northeast,10,4100,41000,Debit Card,Store
4114,2026-11-18,C1827,Keyboard,Accessories,North,2,3171,6342,Net Banking,Store
4115,2026-10-12,C2932,Keyboard,Accessories,North,6,2922,17532,Cash,Store
4116,2026-06-07,C1900,Mouse,Accessories,West,3,1386,4158,Debit Card,Store
4117,2026-06-24,C1446,Mobile,Electronics,North,1,25176,25176,Credit Card,Store
4118,2026-10-20,C1703,Mouse,Accessories,West,1,1482,1482,Credit Card,Online
4119,2026-01-15,C1184,Office Chair,Furniture,Central,2,9723,19446,Credit Card,Online
4120,2026-10-04,C2755,Desk,Furniture,Central,1,14891,14891,Net Banking,Store
4121,2026-09-20,C1549,Headphones,Accessories,Northeast,2,4146,8292,Debit Card,Store
4122,2026-09-27,C2563,Headphones,Accessories,North,9,3872,34848,Debit Card,Distributor
4123,2026-07-03,C2519,Monitor,Electronics,Central,2,20372,40744,Net Banking,Online
4124,2026-02-05,C1568,Desk,Furniture,North,9,15541,139869,Credit Card,Distributor
4125,2026-10-20,C2217,Monitor,Electronics,Central,7,21432,150024,Credit Card,Online
4126,2026-02-15,C1135,Keyboard,Accessories,East,4,2788,11152,Net Banking,Store
4127,2026-04-01,C1926,Mobile,Electronics,Central,8,24153,193224,UPI,Store
4128,2026-04-11,C2559,Keyboard,Accessories,East,7,3073,21511,Credit Card,Online
4129,2026-01-21,C1012,Tablet,Electronics,West,1,27244,27244,Credit Card,Distributor
4130,2026-02-07,C2196,Printer,Office,East,7,12764,89348,Cash,Distributor
4131,2026-07-16,C1698,Office Chair,Furniture,East,2,9368,18736,UPI,Distributor
4132,2026-01-09,C1058,Tablet,Electronics,East,7,29553,206871,Debit Card,Online
4133,2026-08-10,C2341,Tablet,Electronics,Northeast,6,31113,186678,Credit Card,Online
4134,2026-09-29,C1666,Office Chair,Furniture,South,7,10242,71694,Net Banking,Distributor
4135,2026-10-16,C2398,Keyboard,Accessories,West,10,3072,30720,Cash,Distributor
4136,2026-05-26,C1013,Office Chair,Furniture,Central,10,10598,105980,UPI,Store
4137,2026-05-29,C2736,Desk,Furniture,North,9,13510,121590,Net Banking,Online
4138,2026-10-19,C2442,Mouse,Accessories,Central,3,1632,4896,Net Banking,Online
4139,2026-03-17,C2668,Office Chair,Furniture,West,3,9485,28455,UPI,Store
4140,2026-02-14,C2622,Mouse,Accessories,North,7,1551,10857,Debit Card,Store
4141,2026-03-24,C1025,Keyboard,Accessories,Central,1,3073,3073,Debit Card,Distributor
4142,2026-12-29,C1303,Printer,Office,South,10,12747,127470,Debit Card,Store
4143,2026-01-29,C1543,Mobile,Electronics,East,9,26841,241569,Cash,Store
4144,2026-08-22,C1723,Monitor,Electronics,West,7,20734,145138,Credit Card,Online
4145,2026-01-11,C1060,Mouse,Accessories,Northeast,5,1597,7985,Cash,Distributor
4146,2026-12-11,C2212,Laptop,Electronics,South,10,57592,575920,Debit Card,Store
4147,2026-08-20,C1425,Mobile,Electronics,West,8,23264,186112,Debit Card,Online
4148,2026-02-20,C1750,Printer,Office,East,2,13109,26218,UPI,Online
4149,2026-02-03,C1386,Headphones,Accessories,Central,4,3633,14532,Net Banking,Distributor
4150,2026-04-18,C1933,Laptop,Electronics,South,3,57760,173280,Cash,Distributor
4151,2026-02-13,C2289,Headphones,Accessories,Central,4,4207,16828,Credit Card,Store
4152,2026-10-28,C1557,Tablet,Electronics,South,10,30326,303260,UPI,Online
4153,2026-03-15,C1195,Desk,Furniture,Northeast,9,16062,144558,UPI,Online
4154,2026-02-12,C2887,Mouse,Accessories,Central,10,1424,14240,UPI,Online
4155,2026-08-23,C2871,Mouse,Accessories,Central,8,1582,12656,Net Banking,Online
4156,2026-05-24,C1078,Keyboard,Accessories,East,5,2959,14795,Net Banking,Store
4157,2026-04-18,C1793,Mouse,Accessories,West,2,1465,2930,Net Banking,Store
4158,2026-04-27,C2806,Monitor,Electronics,North,1,20979,20979,Credit Card,Distributor
4159,2026-09-26,C2175,Desk,Furniture,East,4,16301,65204,Cash,Store
4160,2026-06-09,C2022,Mouse,Accessories,South,9,1589,14301,Debit Card,Distributor
4161,2026-10-18,C1187,Headphones,Accessories,South,9,4151,37359,Debit Card,Store
4162,2026-08-23,C1724,Laptop,Electronics,South,7,57329,401303,UPI,Store
4163,2026-12-01,C2870,Laptop,Electronics,West,4,54864,219456,Cash,Distributor
4164,2026-04-30,C1963,Keyboard,Accessories,West,7,2831,19817,UPI,Online
4165,2026-02-06,C1397,Monitor,Electronics,Northeast,8,20894,167152,UPI,Distributor
4166,2026-08-30,C1362,Keyboard,Accessories,Central,1,2815,2815,Cash,Distributor
4167,2026-08-23,C1391,Monitor,Electronics,South,8,21954,175632,Cash,Online
4168,2026-04-26,C1640,Mobile,Electronics,Northeast,3,24338,73014,Credit Card,Online
4169,2026-11-26,C2171,Office Chair,Furniture,North,2,9742,19484,UPI,Store
4170,2026-07-28,C2224,Desk,Furniture,East,3,16160,48480,Credit Card,Distributor
4171,2026-04-19,C2559,Tablet,Electronics,Central,10,29876,298760,UPI,Distributor
4172,2026-02-19,C2693,Keyboard,Accessories,Central,7,3074,21518,Debit Card,Distributor
4173,2026-09-23,C2268,Laptop,Electronics,South,9,61784,556056,Cash,Online
4174,2026-11-03,C1096,Laptop,Electronics,Northeast,7,54868,384076,UPI,Store
4175,2026-12-19,C1076,Office Chair,Furniture,South,3,9540,28620,UPI,Online
4176,2026-05-03,C2671,Desk,Furniture,North,2,14202,28404,Credit Card,Store
4177,2026-09-18,C2810,Headphones,Accessories,West,8,3883,31064,Cash,Online
4178,2026-07-08,C2382,Tablet,Electronics,South,5,30310,151550,Cash,Online
4179,2026-07-12,C1743,Desk,Furniture,North,8,14483,115864,UPI,Online
4180,2026-06-30,C1885,Office Chair,Furniture,North,8,10218,81744,Debit Card,Distributor
4181,2026-01-18,C1784,Keyboard,Accessories,West,10,2927,29270,Net Banking,Distributor
4182,2026-11-22,C2670,Tablet,Electronics,West,9,32262,290358,UPI,Distributor
4183,2026-04-10,C1753,Tablet,Electronics,West,3,28374,85122,Net Banking,Online
4184,2026-10-02,C2298,Tablet,Electronics,North,1,28986,28986,Debit Card,Distributor
4185,2026-08-26,C2227,Tablet,Electronics,Northeast,6,30015,180090,Net Banking,Online
4186,2026-06-06,C1719,Printer,Office,South,6,11494,68964,Net Banking,Store
4187,2026-03-15,C1746,Mouse,Accessories,East,8,1426,11408,UPI,Store
4188,2026-09-06,C2678,Laptop,Electronics,West,4,54852,219408,Net Banking,Store
4189,2026-01-29,C2273,Office Chair,Furniture,East,9,9928,89352,Debit Card,Online
4190,2026-09-10,C1084,Laptop,Electronics,West,7,59611,417277,Cash,Store
4191,2026-03-10,C2948,Tablet,Electronics,Northeast,6,32041,192246,UPI,Online
4192,2026-04-04,C2799,Desk,Furniture,Central,10,14951,149510,Debit Card,Store
4193,2026-10-21,C2594,Printer,Office,East,7,12808,89656,UPI,Store
4194,2026-06-07,C1488,Office Chair,Furniture,East,9,9337,84033,Credit Card,Distributor
4195,2026-08-28,C1972,Office Chair,Furniture,East,9,9931,89379,UPI,Online
4196,2026-05-16,C2870,Mobile,Electronics,South,5,26460,132300,UPI,Store
4197,2026-01-20,C2590,Headphones,Accessories,South,7,4385,30695,Debit Card,Online
4198,2026-07-25,C2828,Laptop,Electronics,South,5,54460,272300,Cash,Store
4199,2026-03-10,C1290,Laptop,Electronics,South,3,65217,195651,Cash,Store
4200,2026-05-05,C2413,Keyboard,Accessories,Central,8,3020,24160,UPI,Online
4201,2026-02-08,C2818,Mobile,Electronics,West,2,24479,48958,Credit Card,Distributor
4202,2026-11-27,C1037,Keyboard,Accessories,Central,4,3146,12584,Net Banking,Online
4203,2026-09-23,C1020,Laptop,Electronics,North,5,54383,271915,Debit Card,Distributor
4204,2026-02-25,C1882,Printer,Office,West,5,10857,54285,Cash,Online
4205,2026-11-22,C2000,Headphones,Accessories,East,8,3736,29888,Debit Card,Store
4206,2026-08-05,C2778,Mouse,Accessories,East,5,1357,6785,Debit Card,Distributor
4207,2026-09-23,C1772,Printer,Office,East,10,11525,115250,Credit Card,Online
4208,2026-07-15,C1565,Mobile,Electronics,East,3,26242,78726,Credit Card,Store
4209,2026-03-24,C2990,Keyboard,Accessories,Central,2,2864,5728,Net Banking,Store
4210,2026-10-12,C1275,Tablet,Electronics,Central,6,29445,176670,Net Banking,Online
4211,2026-06-05,C1201,Office Chair,Furniture,Northeast,7,10494,73458,UPI,Store
4212,2026-08-26,C1615,Keyboard,Accessories,Northeast,4,3047,12188,Cash,Distributor
4213,2026-01-02,C1911,Mobile,Electronics,Central,7,26141,182987,Debit Card,Online
4214,2026-02-14,C2071,Laptop,Electronics,Northeast,3,63382,190146,Cash,Distributor
4215,2026-03-25,C1495,Keyboard,Accessories,South,4,2963,11852,Cash,Online
4216,2026-12-26,C2767,Mouse,Accessories,South,5,1625,8125,Credit Card,Store
4217,2026-06-24,C2032,Keyboard,Accessories,North,8,3176,25408,Debit Card,Distributor
4218,2026-10-25,C1788,Laptop,Electronics,West,8,60243,481944,Debit Card,Online
4219,2026-07-06,C1752,Mobile,Electronics,South,9,26248,236232,Net Banking,Distributor
4220,2026-01-19,C2816,Printer,Office,East,4,12160,48640,Credit Card,Online
4221,2026-05-29,C2257,Tablet,Electronics,Northeast,9,32798,295182,Debit Card,Online
4222,2026-11-10,C2420,Laptop,Electronics,West,5,60403,302015,Net Banking,Distributor
4223,2026-03-29,C1420,Mouse,Accessories,Northeast,1,1604,1604,Cash,Online
4224,2026-09-05,C2824,Headphones,Accessories,Central,8,3870,30960,UPI,Store
4225,2026-10-22,C1403,Office Chair,Furniture,Central,9,10340,93060,UPI,Distributor
4226,2026-04-09,C1296,Printer,Office,East,8,11885,95080,Debit Card,Store
4227,2026-01-11,C2189,Headphones,Accessories,North,5,4045,20225,UPI,Distributor
4228,2026-04-24,C2744,Mobile,Electronics,Central,1,24800,24800,Net Banking,Distributor
4229,2026-07-02,C2130,Mouse,Accessories,South,8,1599,12792,Cash,Online
4230,2026-04-08,C2786,Mouse,Accessories,South,2,1399,2798,Cash,Store
4231,2026-11-16,C2683,Keyboard,Accessories,East,10,2833,28330,Debit Card,Online
4232,2026-07-04,C1352,Printer,Office,North,8,12234,97872,UPI,Store
4233,2026-02-07,C1381,Tablet,Electronics,North,3,32429,97287,Cash,Online
4234,2026-05-15,C1840,Tablet,Electronics,North,1,29764,29764,Debit Card,Online
4235,2026-09-14,C2842,Keyboard,Accessories,North,9,3275,29475,Credit Card,Distributor
4236,2026-11-15,C2049,Office Chair,Furniture,Northeast,4,10621,42484,Net Banking,Online
4237,2026-02-16,C2992,Laptop,Electronics,Central,2,61988,123976,Credit Card,Distributor
4238,2026-05-29,C1798,Tablet,Electronics,Central,10,31945,319450,Net Banking,Distributor
4239,2026-01-24,C2022,Printer,Office,Northeast,8,13146,105168,Credit Card,Online
4240,2026-11-14,C2688,Office Chair,Furniture,South,8,9177,73416,Cash,Online
4241,2026-08-29,C1028,Mobile,Electronics,Central,4,26560,106240,Credit Card,Online
4242,2026-12-28,C2208,Desk,Furniture,North,1,16225,16225,Cash,Online
4243,2026-01-24,C1421,Tablet,Electronics,Central,2,31982,63964,Debit Card,Distributor
4244,2026-06-18,C2152,Monitor,Electronics,East,3,19801,59403,Debit Card,Online
4245,2026-05-06,C2122,Headphones,Accessories,East,8,4106,32848,Cash,Online
4246,2026-09-09,C1603,Keyboard,Accessories,North,4,2903,11612,Net Banking,Store
4247,2026-12-16,C1095,Printer,Office,East,5,11832,59160,Net Banking,Store
4248,2026-04-19,C2596,Mobile,Electronics,South,3,26415,79245,Net Banking,Online
4249,2026-05-28,C2152,Tablet,Electronics,Central,7,27415,191905,Net Banking,Online
4250,2026-07-16,C1686,Desk,Furniture,South,10,15921,159210,Cash,Store
4251,2026-09-18,C1444,Tablet,Electronics,South,4,28856,115424,UPI,Online
4252,2026-03-13,C2676,Keyboard,Accessories,Northeast,4,3027,12108,Cash,Online
4253,2026-04-07,C2275,Tablet,Electronics,Northeast,7,31431,220017,Credit Card,Distributor
4254,2026-02-19,C2305,Office Chair,Furniture,South,8,10758,86064,Net Banking,Online
4255,2026-06-08,C2381,Mouse,Accessories,South,2,1410,2820,Net Banking,Online
4256,2026-11-04,C2486,Printer,Office,North,10,11829,118290,Cash,Distributor
4257,2026-03-21,C2681,Mobile,Electronics,West,1,26884,26884,Cash,Store
4258,2026-07-23,C1550,Keyboard,Accessories,South,4,2816,11264,UPI,Distributor
4259,2026-08-16,C2962,Monitor,Electronics,West,9,18975,170775,Credit Card,Online
4260,2026-09-15,C1086,Mobile,Electronics,West,10,25720,257200,UPI,Online
4261,2026-01-14,C2273,Desk,Furniture,East,1,14182,14182,Debit Card,Online
4262,2026-08-27,C1040,Laptop,Electronics,West,10,62357,623570,Cash,Online
4263,2026-09-23,C2842,Mouse,Accessories,West,7,1599,11193,Debit Card,Store
4264,2026-03-25,C1986,Keyboard,Accessories,North,1,3183,3183,Debit Card,Online
4265,2026-12-06,C2233,Monitor,Electronics,East,10,18206,182060,Credit Card,Distributor
4266,2026-11-20,C2720,Mobile,Electronics,North,1,23936,23936,UPI,Online
4267,2026-11-17,C2341,Keyboard,Accessories,Northeast,3,2787,8361,Net Banking,Store
4268,2026-02-11,C2571,Tablet,Electronics,North,7,31148,218036,Net Banking,Distributor
4269,2026-08-11,C2275,Desk,Furniture,Central,3,14753,44259,Net Banking,Online
4270,2026-11-13,C1935,Monitor,Electronics,Northeast,2,21435,42870,Credit Card,Store
4271,2026-03-18,C1458,Desk,Furniture,East,3,15108,45324,UPI,Online
4272,2026-01-12,C1539,Printer,Office,Central,10,13095,130950,UPI,Online
4273,2026-09-09,C1273,Office Chair,Furniture,Northeast,9,9810,88290,Debit Card,Distributor
4274,2026-04-26,C1943,Desk,Furniture,North,1,15806,15806,Net Banking,Distributor
4275,2026-06-10,C2152,Office Chair,Furniture,Central,4,9867,39468,Cash,Distributor
4276,2026-01-21,C2169,Keyboard,Accessories,Northeast,3,3027,9081,Debit Card,Online
4277,2026-09-30,C1997,Laptop,Electronics,East,4,65217,260868,UPI,Online
4278,2026-06-26,C1340,Mouse,Accessories,Central,1,1628,1628,UPI,Distributor
4279,2026-06-13,C2278,Tablet,Electronics,North,2,31862,63724,Credit Card,Online
4280,2026-07-30,C1450,Desk,Furniture,Northeast,8,15104,120832,UPI,Store
4281,2026-12-06,C2721,Laptop,Electronics,East,7,62246,435722,Credit Card,Online
4282,2026-01-11,C2919,Headphones,Accessories,North,5,3889,19445,Cash,Distributor
4283,2026-04-10,C1624,Printer,Office,Central,5,11273,56365,Net Banking,Online
4284,2026-05-08,C2705,Tablet,Electronics,East,4,28724,114896,UPI,Store
4285,2026-05-11,C1770,Mobile,Electronics,North,5,23151,115755,Cash,Online
4286,2026-12-16,C1144,Tablet,Electronics,East,7,27555,192885,Net Banking,Online
4287,2026-08-30,C2827,Mobile,Electronics,North,6,23090,138540,UPI,Online
4288,2026-09-17,C2225,Mobile,Electronics,Central,9,25804,232236,Net Banking,Distributor
4289,2026-02-28,C1210,Keyboard,Accessories,Northeast,1,2764,2764,Credit Card,Distributor
4290,2026-11-20,C1187,Laptop,Electronics,Central,5,54536,272680,Net Banking,Online
4291,2026-10-04,C2619,Mobile,Electronics,North,1,25647,25647,Credit Card,Online
4292,2026-06-24,C1417,Monitor,Electronics,East,1,18854,18854,Credit Card,Store
4293,2026-11-20,C2896,Mouse,Accessories,East,4,1590,6360,Debit Card,Store
4294,2026-11-06,C2592,Office Chair,Furniture,West,9,10099,90891,Cash,Store
4295,2026-06-11,C2357,Mobile,Electronics,Northeast,5,27155,135775,Debit Card,Online
4296,2026-01-19,C2677,Desk,Furniture,Central,6,16500,99000,Debit Card,Online
4297,2026-12-22,C1645,Mouse,Accessories,Northeast,4,1570,6280,Net Banking,Online
4298,2026-03-08,C1903,Laptop,Electronics,South,1,62373,62373,Net Banking,Store
4299,2026-10-21,C1175,Laptop,Electronics,North,5,56011,280055,Cash,Store
4300,2026-05-28,C2336,Desk,Furniture,East,7,15513,108591,Credit Card,Online
4301,2026-02-01,C1519,Office Chair,Furniture,West,9,9578,86202,Net Banking,Store
4302,2026-10-03,C2987,Mobile,Electronics,North,10,22821,228210,Cash,Online
4303,2026-09-17,C2145,Mobile,Electronics,Central,2,25304,50608,UPI,Store
4304,2026-08-27,C2381,Desk,Furniture,South,10,13947,139470,Debit Card,Store
4305,2026-05-14,C2545,Mobile,Electronics,West,7,24565,171955,Cash,Store
4306,2026-07-23,C2299,Headphones,Accessories,East,6,3629,21774,Credit Card,Distributor
4307,2026-10-10,C2272,Mouse,Accessories,South,3,1520,4560,Debit Card,Store
4308,2026-07-16,C1619,Mouse,Accessories,Northeast,9,1444,12996,UPI,Online
4309,2026-04-03,C1248,Printer,Office,Northeast,2,12397,24794,Net Banking,Distributor
4310,2026-01-31,C1868,Printer,Office,West,2,12877,25754,Cash,Online
4311,2026-03-11,C1136,Mobile,Electronics,Central,9,25660,230940,Net Banking,Online
4312,2026-08-28,C2485,Mobile,Electronics,South,4,27260,109040,Debit Card,Distributor
4313,2026-07-10,C1401,Mouse,Accessories,North,3,1522,4566,Net Banking,Online
4314,2026-02-24,C2374,Monitor,Electronics,East,10,19908,199080,Debit Card,Online
4315,2026-05-22,C1202,Headphones,Accessories,East,10,4385,43850,Net Banking,Distributor
4316,2026-08-10,C1278,Tablet,Electronics,Northeast,6,30328,181968,Net Banking,Distributor
4317,2026-01-15,C1423,Mouse,Accessories,Northeast,1,1389,1389,Credit Card,Store
4318,2026-08-29,C2351,Desk,Furniture,North,7,14733,103131,Net Banking,Online
4319,2026-01-30,C2322,Monitor,Electronics,South,6,18982,113892,UPI,Distributor
4320,2026-08-25,C2267,Mobile,Electronics,East,5,22704,113520,Debit Card,Distributor
4321,2026-09-06,C2061,Keyboard,Accessories,North,8,3154,25232,UPI,Store
4322,2026-10-23,C2251,Printer,Office,North,4,11845,47380,Credit Card,Store
4323,2026-07-30,C2954,Keyboard,Accessories,Central,6,3285,19710,Credit Card,Online
4324,2026-09-05,C1081,Desk,Furniture,Northeast,3,14372,43116,UPI,Store
4325,2026-08-01,C1592,Monitor,Electronics,North,4,19854,79416,Credit Card,Online
4326,2026-02-11,C2394,Printer,Office,South,5,13100,65500,UPI,Distributor
4327,2026-08-12,C2602,Mobile,Electronics,West,1,24615,24615,Cash,Online
4328,2026-04-04,C1573,Printer,Office,South,6,12214,73284,Cash,Distributor
4329,2026-05-11,C1653,Keyboard,Accessories,Northeast,8,3022,24176,Cash,Distributor
4330,2026-05-10,C2229,Monitor,Electronics,Northeast,2,20028,40056,Credit Card,Online
4331,2026-03-08,C2320,Mobile,Electronics,West,9,23568,212112,UPI,Distributor
4332,2026-04-07,C1863,Tablet,Electronics,Northeast,7,28101,196707,UPI,Online
4333,2026-07-20,C2216,Printer,Office,East,6,11972,71832,UPI,Online
4334,2026-03-03,C1121,Keyboard,Accessories,Central,5,2821,14105,Cash,Store
4335,2026-11-22,C1835,Monitor,Electronics,North,7,20905,146335,Debit Card,Distributor
4336,2026-03-01,C2014,Desk,Furniture,North,1,13833,13833,Cash,Store
4337,2026-12-23,C2116,Printer,Office,West,8,12234,97872,UPI,Store
4338,2026-12-24,C2665,Mobile,Electronics,Northeast,9,26367,237303,Credit Card,Online
4339,2026-11-02,C1864,Printer,Office,East,8,12182,97456,Net Banking,Store
4340,2026-08-17,C2857,Monitor,Electronics,North,1,18356,18356,Credit Card,Online
4341,2026-01-20,C2033,Printer,Office,Northeast,7,12458,87206,Cash,Distributor
4342,2026-06-23,C2023,Mobile,Electronics,East,9,25652,230868,Net Banking,Store
4343,2026-07-04,C1675,Laptop,Electronics,North,3,61813,185439,Cash,Online
4344,2026-10-09,C1570,Keyboard,Accessories,Central,4,2929,11716,Net Banking,Store
4345,2026-07-19,C2215,Mobile,Electronics,East,9,25247,227223,Cash,Online
4346,2026-02-08,C2962,Monitor,Electronics,North,3,21806,65418,UPI,Online
4347,2026-11-10,C1859,Tablet,Electronics,East,1,27963,27963,UPI,Online
4348,2026-08-08,C2583,Desk,Furniture,East,3,15044,45132,UPI,Online
4349,2026-05-14,C2778,Headphones,Accessories,North,8,4249,33992,Debit Card,Online
4350,2026-04-04,C2462,Mobile,Electronics,North,8,23841,190728,Cash,Distributor
4351,2026-03-13,C2526,Office Chair,Furniture,East,3,10831,32493,Net Banking,Store
4352,2026-10-03,C1226,Tablet,Electronics,West,9,27452,247068,UPI,Online
4353,2026-11-28,C1342,Laptop,Electronics,West,3,61014,183042,UPI,Online
4354,2026-04-20,C1182,Mobile,Electronics,East,1,26967,26967,Credit Card,Online
4355,2026-07-19,C1611,Mobile,Electronics,Central,9,23821,214389,Credit Card,Store
4356,2026-11-19,C2982,Mobile,Electronics,North,2,23280,46560,Cash,Store
4357,2026-11-10,C1528,Mouse,Accessories,North,8,1474,11792,Debit Card,Store
4358,2026-09-07,C1861,Desk,Furniture,East,5,16266,81330,Cash,Store
4359,2026-01-21,C1809,Headphones,Accessories,North,9,4065,36585,Credit Card,Online
4360,2026-05-01,C2488,Tablet,Electronics,North,8,31301,250408,Credit Card,Distributor
4361,2026-04-24,C2316,Monitor,Electronics,Northeast,2,20078,40156,Net Banking,Store
4362,2026-10-24,C2247,Laptop,Electronics,Central,7,54251,379757,Net Banking,Online
4363,2026-10-16,C2158,Desk,Furniture,West,9,13666,122994,Credit Card,Store
4364,2026-01-14,C2891,Tablet,Electronics,East,2,30660,61320,UPI,Online
4365,2026-09-04,C2898,Mouse,Accessories,East,9,1544,13896,Debit Card,Distributor
4366,2026-06-06,C2475,Mobile,Electronics,West,1,25659,25659,Cash,Distributor
4367,2026-12-31,C1173,Desk,Furniture,Central,5,15760,78800,Debit Card,Store
4368,2026-12-11,C1120,Headphones,Accessories,West,8,3998,31984,Cash,Store
4369,2026-06-06,C2702,Printer,Office,Central,6,12264,73584,Net Banking,Online
4370,2026-07-15,C2750,Office Chair,Furniture,East,10,9882,98820,Cash,Distributor
4371,2026-04-05,C1723,Tablet,Electronics,Central,5,30582,152910,Cash,Online
4372,2026-01-13,C2720,Printer,Office,West,5,12688,63440,Debit Card,Distributor
4373,2026-03-30,C2634,Tablet,Electronics,North,3,30644,91932,Credit Card,Store
4374,2026-03-22,C1653,Mobile,Electronics,East,9,22846,205614,Credit Card,Distributor
4375,2026-10-31,C1128,Mobile,Electronics,North,9,26757,240813,UPI,Distributor
4376,2026-04-27,C2534,Printer,Office,Central,4,11723,46892,Cash,Distributor
4377,2026-10-04,C1452,Tablet,Electronics,Northeast,2,27711,55422,Credit Card,Online
4378,2026-10-09,C2149,Desk,Furniture,South,10,13910,139100,Net Banking,Distributor
4379,2026-11-25,C1631,Mouse,Accessories,North,10,1450,14500,UPI,Online
4380,2026-08-06,C2407,Monitor,Electronics,East,3,20547,61641,Credit Card,Distributor
4381,2026-09-11,C2775,Tablet,Electronics,Central,1,30413,30413,Net Banking,Store
4382,2026-12-13,C1171,Mobile,Electronics,Central,5,25359,126795,Net Banking,Online
4383,2026-04-11,C2974,Office Chair,Furniture,North,1,10971,10971,Net Banking,Store
4384,2026-11-13,C2031,Printer,Office,Northeast,4,12471,49884,Net Banking,Distributor
4385,2026-08-30,C1652,Monitor,Electronics,West,9,21977,197793,Credit Card,Store
4386,2026-06-09,C2509,Tablet,Electronics,Central,8,28686,229488,Credit Card,Store
4387,2026-09-13,C2760,Laptop,Electronics,South,3,63680,191040,UPI,Distributor
4388,2026-07-17,C1152,Keyboard,Accessories,Central,2,2838,5676,UPI,Distributor
4389,2026-02-26,C2243,Monitor,Electronics,North,2,21865,43730,UPI,Online
4390,2026-04-28,C1855,Laptop,Electronics,Northeast,5,54558,272790,Credit Card,Online
4391,2026-12-05,C2598,Monitor,Electronics,East,7,18296,128072,Net Banking,Distributor
4392,2026-05-25,C1709,Keyboard,Accessories,South,3,3171,9513,Net Banking,Store
4393,2026-10-12,C2546,Desk,Furniture,North,1,13720,13720,Cash,Distributor
4394,2026-11-19,C1470,Office Chair,Furniture,West,5,10705,53525,Credit Card,Distributor
4395,2026-11-12,C1006,Office Chair,Furniture,West,6,10871,65226,Credit Card,Distributor
4396,2026-02-17,C2703,Tablet,Electronics,Central,8,32830,262640,Cash,Distributor
4397,2026-05-13,C1616,Headphones,Accessories,East,6,3734,22404,Net Banking,Store
4398,2026-12-19,C1643,Keyboard,Accessories,Central,6,3153,18918,Net Banking,Distributor
4399,2026-12-29,C2884,Mouse,Accessories,Northeast,6,1579,9474,Net Banking,Online
4400,2026-01-01,C1165,Keyboard,Accessories,Northeast,3,2877,8631,Credit Card,Distributor
4401,2026-07-03,C2998,Office Chair,Furniture,South,6,10950,65700,UPI,Online
4402,2026-07-05,C1348,Mouse,Accessories,East,8,1473,11784,UPI,Store
4403,2026-02-14,C1803,Tablet,Electronics,Central,2,27455,54910,Cash,Distributor
4404,2026-12-01,C1713,Printer,Office,Central,3,11443,34329,Debit Card,Store
4405,2026-03-06,C1070,Tablet,Electronics,Northeast,3,29472,88416,Cash,Store
4406,2026-04-22,C2365,Monitor,Electronics,East,10,21375,213750,Net Banking,Online
4407,2026-12-07,C2870,Tablet,Electronics,Central,6,29260,175560,Cash,Distributor
4408,2026-03-30,C2039,Laptop,Electronics,Northeast,7,59169,414183,UPI,Store
4409,2026-01-12,C1208,Laptop,Electronics,Northeast,7,65632,459424,Cash,Store
4410,2026-07-23,C1572,Desk,Furniture,Northeast,2,15022,30044,UPI,Distributor
4411,2026-11-07,C1917,Mobile,Electronics,South,9,27100,243900,Net Banking,Distributor
4412,2026-09-14,C2531,Keyboard,Accessories,Central,9,2860,25740,Credit Card,Online
4413,2026-09-02,C2205,Printer,Office,South,2,12258,24516,Net Banking,Distributor
4414,2026-08-30,C1926,Tablet,Electronics,Central,2,32681,65362,Credit Card,Distributor
4415,2026-08-15,C1201,Desk,Furniture,East,3,15403,46209,Credit Card,Distributor
4416,2026-04-08,C1245,Desk,Furniture,East,2,14113,28226,Cash,Online
4417,2026-12-15,C1410,Keyboard,Accessories,West,5,2979,14895,UPI,Distributor
4418,2026-09-20,C1126,Printer,Office,West,6,11251,67506,Cash,Online
4419,2026-04-22,C1441,Keyboard,Accessories,North,3,3274,9822,Cash,Online
4420,2026-03-14,C2244,Headphones,Accessories,East,1,4260,4260,Credit Card,Distributor
4421,2026-06-08,C2756,Laptop,Electronics,South,10,65048,650480,Cash,Distributor
4422,2026-12-19,C2929,Office Chair,Furniture,West,7,10243,71701,Credit Card,Distributor
4423,2026-03-09,C2427,Headphones,Accessories,Central,8,4191,33528,Net Banking,Online
4424,2026-08-13,C1080,Laptop,Electronics,West,10,58313,583130,Credit Card,Store
4425,2026-06-11,C1946,Keyboard,Accessories,Northeast,8,2819,22552,Credit Card,Store
4426,2026-10-17,C2687,Office Chair,Furniture,West,4,10226,40904,Cash,Distributor
4427,2026-07-30,C1054,Desk,Furniture,West,6,15508,93048,Net Banking,Distributor
4428,2026-05-02,C1029,Office Chair,Furniture,Central,2,10737,21474,Cash,Online
4429,2026-03-10,C1301,Tablet,Electronics,Northeast,7,27038,189266,Credit Card,Distributor
4430,2026-02-17,C1076,Headphones,Accessories,Northeast,6,3824,22944,UPI,Online
4431,2026-04-20,C1924,Desk,Furniture,South,10,15830,158300,Debit Card,Store
4432,2026-06-02,C2947,Keyboard,Accessories,Central,9,2797,25173,UPI,Store
4433,2026-02-10,C2817,Mouse,Accessories,North,6,1444,8664,Net Banking,Store
4434,2026-11-16,C2445,Printer,Office,South,3,10959,32877,Credit Card,Online
4435,2026-06-19,C1191,Printer,Office,North,5,12967,64835,UPI,Distributor
4436,2026-02-01,C1079,Keyboard,Accessories,Central,5,3071,15355,Cash,Online
4437,2026-12-31,C2335,Desk,Furniture,West,3,14800,44400,UPI,Distributor
4438,2026-12-17,C1408,Office Chair,Furniture,Northeast,7,10502,73514,Cash,Distributor
4439,2026-09-30,C1232,Desk,Furniture,South,8,16397,131176,Debit Card,Distributor
4440,2026-01-08,C1559,Headphones,Accessories,East,9,3650,32850,Debit Card,Distributor
4441,2026-12-27,C2160,Tablet,Electronics,Northeast,8,30822,246576,Credit Card,Store
4442,2026-01-18,C1709,Desk,Furniture,Central,10,16489,164890,Net Banking,Distributor
4443,2026-05-03,C2605,Tablet,Electronics,North,9,27344,246096,Net Banking,Store
4444,2026-09-28,C2284,Keyboard,Accessories,East,8,3155,25240,Cash,Distributor
4445,2026-02-21,C1641,Headphones,Accessories,East,2,4322,8644,Credit Card,Distributor
4446,2026-03-10,C1814,Monitor,Electronics,Northeast,10,19305,193050,Net Banking,Store
4447,2026-12-12,C2235,Desk,Furniture,North,5,14385,71925,Debit Card,Online
4448,2026-02-27,C2164,Printer,Office,Central,2,12051,24102,Cash,Online
4449,2026-05-23,C2808,Printer,Office,South,5,12922,64610,Debit Card,Store
4450,2026-10-12,C1134,Laptop,Electronics,East,10,56752,567520,Cash,Online
4451,2026-04-12,C1841,Mouse,Accessories,West,9,1441,12969,Cash,Store
4452,2026-08-16,C2684,Desk,Furniture,South,4,14528,58112,Cash,Distributor
4453,2026-08-17,C1084,Mouse,Accessories,Central,9,1641,14769,Credit Card,Online
4454,2026-06-25,C2487,Keyboard,Accessories,East,4,3191,12764,Debit Card,Store
4455,2026-10-11,C2995,Desk,Furniture,Northeast,2,13814,27628,Debit Card,Online
4456,2026-12-08,C2135,Tablet,Electronics,South,4,27113,108452,UPI,Store
4457,2026-07-07,C1304,Headphones,Accessories,West,10,3923,39230,UPI,Distributor
4458,2026-08-29,C2681,Office Chair,Furniture,Central,5,10164,50820,Debit Card,Distributor
4459,2026-02-24,C2542,Tablet,Electronics,West,6,31883,191298,Cash,Online
4460,2026-01-07,C2046,Printer,Office,North,4,10960,43840,Net Banking,Store
4461,2026-11-16,C1686,Mouse,Accessories,North,6,1502,9012,UPI,Store
4462,2026-07-22,C2426,Office Chair,Furniture,North,4,9558,38232,UPI,Store
4463,2026-03-27,C2168,Office Chair,Furniture,West,1,9652,9652,UPI,Distributor
4464,2026-10-15,C2360,Laptop,Electronics,East,2,54958,109916,Credit Card,Store
4465,2026-12-12,C2659,Keyboard,Accessories,North,10,2852,28520,UPI,Online
4466,2026-11-21,C1557,Mouse,Accessories,Northeast,3,1408,4224,Debit Card,Distributor
4467,2026-03-16,C1456,Printer,Office,Central,8,11897,95176,Net Banking,Store
4468,2026-10-08,C2406,Office Chair,Furniture,West,4,10159,40636,Cash,Online
4469,2026-12-07,C1602,Laptop,Electronics,East,10,60210,602100,Debit Card,Store
4470,2026-07-24,C1018,Printer,Office,Central,8,13047,104376,UPI,Online
4471,2026-05-11,C1488,Laptop,Electronics,East,6,54324,325944,UPI,Online
4472,2026-02-26,C2983,Laptop,Electronics,West,2,62870,125740,Cash,Online
4473,2026-12-28,C1216,Printer,Office,North,9,11341,102069,Debit Card,Online
4474,2026-05-29,C1365,Headphones,Accessories,East,3,4128,12384,UPI,Online
4475,2026-11-19,C1335,Tablet,Electronics,Central,8,27019,216152,Cash,Distributor
4476,2026-12-19,C2837,Headphones,Accessories,North,9,3610,32490,Net Banking,Store
4477,2026-08-27,C1486,Tablet,Electronics,North,2,30155,60310,Credit Card,Online
4478,2026-11-28,C1628,Desk,Furniture,Northeast,4,16254,65016,Debit Card,Online
4479,2026-01-07,C1308,Mouse,Accessories,Central,8,1492,11936,UPI,Store
4480,2026-02-15,C1516,Keyboard,Accessories,South,7,3030,21210,Credit Card,Online
4481,2026-09-10,C1339,Desk,Furniture,North,4,16124,64496,Debit Card,Distributor
4482,2026-04-23,C1103,Mouse,Accessories,Central,1,1538,1538,UPI,Online
4483,2026-07-21,C2870,Tablet,Electronics,West,4,27177,108708,UPI,Store
4484,2026-05-25,C1099,Laptop,Electronics,Central,7,59743,418201,Debit Card,Distributor
4485,2026-06-20,C2855,Laptop,Electronics,South,7,58988,412916,Cash,Store
4486,2026-07-27,C1580,Office Chair,Furniture,West,7,10076,70532,Debit Card,Online
4487,2026-09-07,C2963,Mouse,Accessories,Central,4,1517,6068,Debit Card,Distributor
4488,2026-06-22,C1096,Headphones,Accessories,South,6,3677,22062,UPI,Store
4489,2026-01-11,C1332,Laptop,Electronics,West,1,57841,57841,Cash,Distributor
4490,2026-06-05,C1753,Mobile,Electronics,Northeast,3,24068,72204,Net Banking,Online
4491,2026-09-05,C2193,Printer,Office,Central,2,11729,23458,Debit Card,Store
4492,2026-12-22,C1990,Tablet,Electronics,West,1,31454,31454,UPI,Store
4493,2026-10-31,C2854,Keyboard,Accessories,West,7,2941,20587,Cash,Store
4494,2026-08-12,C1140,Printer,Office,Central,3,11369,34107,Net Banking,Store
4495,2026-10-23,C2313,Laptop,Electronics,South,9,57723,519507,Net Banking,Distributor
4496,2026-09-21,C1817,Headphones,Accessories,South,1,3702,3702,Net Banking,Store
4497,2026-09-21,C2656,Tablet,Electronics,Central,4,27601,110404,Credit Card,Online
4498,2026-01-29,C2092,Laptop,Electronics,East,10,55533,555330,Net Banking,Distributor
4499,2026-09-19,C1946,Laptop,Electronics,Northeast,6,63220,379320,Debit Card,Online
4500,2026-03-14,C2927,Office Chair,Furniture,North,10,10780,107800,Cash,Online
4501,2026-08-09,C1260,Printer,Office,Central,5,12662,63310,Cash,Online
4502,2026-10-27,C1682,Keyboard,Accessories,Northeast,3,2768,8304,UPI,Store
4503,2026-12-27,C2578,Tablet,Electronics,South,4,29462,117848,Credit Card,Online
4504,2026-07-21,C1394,Tablet,Electronics,North,2,31012,62024,Net Banking,Store
4505,2026-02-27,C2281,Printer,Office,South,1,12540,12540,Net Banking,Distributor
4506,2026-04-11,C1975,Monitor,Electronics,South,8,19374,154992,Net Banking,Distributor
4507,2026-10-24,C2159,Monitor,Electronics,South,6,18207,109242,Cash,Distributor
4508,2026-03-27,C1752,Printer,Office,West,7,11337,79359,Debit Card,Distributor
4509,2026-09-08,C1977,Keyboard,Accessories,Central,1,3089,3089,Debit Card,Distributor
4510,2026-04-25,C1178,Tablet,Electronics,East,2,32090,64180,UPI,Store
4511,2026-08-15,C1579,Printer,Office,South,10,10977,109770,Debit Card,Online
4512,2026-10-11,C2742,Keyboard,Accessories,Central,5,3294,16470,Cash,Distributor
4513,2026-04-21,C2380,Laptop,Electronics,North,6,62474,374844,Net Banking,Online
4514,2026-11-30,C2172,Mouse,Accessories,West,2,1351,2702,Cash,Store
4515,2026-08-26,C2845,Mobile,Electronics,West,10,26733,267330,Net Banking,Store
4516,2026-07-31,C1791,Keyboard,Accessories,North,10,3111,31110,Credit Card,Online
4517,2026-09-10,C2511,Desk,Furniture,Central,4,14041,56164,Net Banking,Distributor
4518,2026-09-21,C2017,Mouse,Accessories,Central,3,1484,4452,Credit Card,Online
4519,2026-11-10,C1514,Headphones,Accessories,South,10,4097,40970,Debit Card,Distributor
4520,2026-05-29,C2325,Keyboard,Accessories,West,1,3220,3220,Cash,Store
4521,2026-01-02,C2386,Headphones,Accessories,Central,10,3633,36330,UPI,Online
4522,2026-08-16,C1636,Tablet,Electronics,Northeast,4,29324,117296,UPI,Online
4523,2026-07-25,C2930,Mouse,Accessories,West,4,1625,6500,Credit Card,Online
4524,2026-06-10,C1437,Mobile,Electronics,South,1,24924,24924,Credit Card,Online
4525,2026-02-27,C2030,Headphones,Accessories,Northeast,6,4211,25266,UPI,Distributor
4526,2026-10-26,C2926,Tablet,Electronics,West,1,27312,27312,UPI,Online
4527,2026-09-29,C2429,Laptop,Electronics,Northeast,10,56078,560780,Cash,Distributor
4528,2026-08-17,C1378,Headphones,Accessories,West,1,3992,3992,Credit Card,Store
4529,2026-08-31,C1432,Monitor,Electronics,Central,4,21752,87008,Debit Card,Online
4530,2026-02-08,C2459,Office Chair,Furniture,East,4,9722,38888,Cash,Distributor
4531,2026-11-22,C1312,Tablet,Electronics,East,7,32000,224000,Cash,Distributor
4532,2026-12-08,C2580,Mobile,Electronics,South,3,27118,81354,Cash,Distributor
4533,2026-05-27,C1183,Laptop,Electronics,West,5,55557,277785,Debit Card,Distributor
4534,2026-08-17,C2528,Mobile,Electronics,Northeast,2,26652,53304,Debit Card,Distributor
4535,2026-09-15,C1549,Headphones,Accessories,East,10,3710,37100,Net Banking,Distributor
4536,2026-12-14,C2189,Laptop,Electronics,Central,7,59510,416570,Credit Card,Online
4537,2026-02-16,C2597,Tablet,Electronics,North,2,27772,55544,Credit Card,Online
4538,2026-09-02,C1208,Keyboard,Accessories,West,9,2880,25920,Net Banking,Distributor
4539,2026-05-27,C1333,Laptop,Electronics,North,9,64196,577764,Cash,Store
4540,2026-08-23,C2015,Laptop,Electronics,Central,10,64838,648380,Credit Card,Online
4541,2026-12-08,C1732,Keyboard,Accessories,West,1,3044,3044,Cash,Distributor
4542,2026-07-23,C2780,Headphones,Accessories,South,5,3744,18720,UPI,Store
4543,2026-09-21,C2423,Monitor,Electronics,East,9,20639,185751,Credit Card,Store
4544,2026-01-21,C2243,Mobile,Electronics,Central,10,23579,235790,Cash,Distributor
4545,2026-05-09,C2460,Laptop,Electronics,East,4,57688,230752,Cash,Online
4546,2026-07-12,C1102,Mobile,Electronics,Northeast,3,26968,80904,Net Banking,Store
4547,2026-10-03,C2144,Desk,Furniture,South,10,16164,161640,Credit Card,Store
4548,2026-08-11,C1641,Printer,Office,Central,6,12428,74568,Net Banking,Online
4549,2026-10-18,C1524,Mobile,Electronics,West,9,23050,207450,Debit Card,Distributor
4550,2026-05-01,C2474,Tablet,Electronics,East,3,29152,87456,Cash,Store
4551,2026-03-23,C1283,Headphones,Accessories,North,9,3965,35685,UPI,Online
4552,2026-01-11,C1818,Laptop,Electronics,West,4,58558,234232,Cash,Distributor
4553,2026-08-22,C1688,Laptop,Electronics,West,2,65572,131144,Net Banking,Online
4554,2026-05-01,C2711,Mouse,Accessories,Central,5,1461,7305,Net Banking,Distributor
4555,2026-08-12,C1486,Mouse,Accessories,South,6,1466,8796,Debit Card,Distributor
4556,2026-01-14,C1053,Printer,Office,South,9,12796,115164,Credit Card,Store
4557,2026-09-09,C1965,Monitor,Electronics,Northeast,3,21133,63399,Net Banking,Store
4558,2026-11-19,C1984,Headphones,Accessories,East,8,3847,30776,Credit Card,Online
4559,2026-10-23,C1913,Monitor,Electronics,East,5,18989,94945,UPI,Online
4560,2026-05-30,C2767,Printer,Office,Central,3,11490,34470,Cash,Online
4561,2026-02-27,C2525,Mobile,Electronics,East,4,24573,98292,Cash,Store
4562,2026-12-01,C2626,Mobile,Electronics,East,6,27416,164496,Cash,Online
4563,2026-09-13,C1265,Mobile,Electronics,South,10,23132,231320,Debit Card,Store
4564,2026-11-29,C1096,Printer,Office,West,9,10846,97614,Debit Card,Online
4565,2026-08-06,C2015,Mobile,Electronics,Central,4,22604,90416,Debit Card,Online
4566,2026-12-29,C1503,Office Chair,Furniture,Central,2,10764,21528,UPI,Online
4567,2026-04-22,C1806,Keyboard,Accessories,West,3,2860,8580,Credit Card,Distributor
4568,2026-04-30,C2466,Keyboard,Accessories,West,8,2859,22872,Cash,Distributor
4569,2026-03-05,C1945,Tablet,Electronics,West,7,32738,229166,Debit Card,Store
4570,2026-01-25,C1451,Office Chair,Furniture,North,8,10048,80384,Debit Card,Distributor
4571,2026-09-15,C2238,Printer,Office,South,8,11277,90216,Debit Card,Online
4572,2026-02-24,C1936,Office Chair,Furniture,East,3,10992,32976,Cash,Store
4573,2026-04-06,C1197,Monitor,Electronics,East,9,20739,186651,Cash,Online
4574,2026-08-22,C1605,Printer,Office,Northeast,2,12512,25024,UPI,Store
4575,2026-09-30,C2937,Printer,Office,South,9,11625,104625,Cash,Store
4576,2026-02-24,C2914,Laptop,Electronics,East,9,59152,532368,Debit Card,Store
4577,2026-03-04,C2728,Desk,Furniture,East,5,15090,75450,UPI,Online
4578,2026-01-29,C1333,Laptop,Electronics,West,10,65430,654300,Debit Card,Distributor
4579,2026-07-22,C2233,Keyboard,Accessories,South,3,3187,9561,Credit Card,Online
4580,2026-09-09,C2695,Keyboard,Accessories,Northeast,1,3203,3203,Debit Card,Store
4581,2026-06-22,C1399,Mobile,Electronics,Northeast,1,23001,23001,Cash,Distributor
4582,2026-09-07,C2191,Tablet,Electronics,South,3,27117,81351,Credit Card,Store
4583,2026-09-12,C2507,Keyboard,Accessories,West,8,2914,23312,UPI,Store
4584,2026-06-30,C1245,Tablet,Electronics,South,3,27980,83940,Credit Card,Online
4585,2026-12-27,C2044,Desk,Furniture,Central,5,15863,79315,Cash,Store
4586,2026-06-15,C2504,Tablet,Electronics,Northeast,5,31984,159920,Debit Card,Store
4587,2026-12-09,C2843,Office Chair,Furniture,Central,6,10371,62226,UPI,Store
4588,2026-02-12,C1922,Office Chair,Furniture,East,1,10807,10807,Cash,Online
4589,2026-07-27,C1153,Monitor,Electronics,East,9,20201,181809,Credit Card,Store
4590,2026-10-04,C1266,Office Chair,Furniture,North,2,10600,21200,Net Banking,Store
4591,2026-11-01,C1283,Monitor,Electronics,South,6,19757,118542,Cash,Store
4592,2026-11-15,C1722,Laptop,Electronics,West,8,65901,527208,Cash,Online
4593,2026-10-10,C1786,Printer,Office,Northeast,9,11297,101673,Credit Card,Online
4594,2026-07-12,C2622,Headphones,Accessories,Northeast,7,3655,25585,Cash,Online
4595,2026-07-05,C1014,Tablet,Electronics,North,8,31681,253448,UPI,Distributor
4596,2026-11-07,C1447,Laptop,Electronics,East,9,56087,504783,Credit Card,Distributor
4597,2026-06-26,C2479,Keyboard,Accessories,East,2,2881,5762,Debit Card,Store
4598,2026-05-02,C1280,Monitor,Electronics,Northeast,8,21910,175280,Credit Card,Online
4599,2026-04-01,C1566,Tablet,Electronics,West,1,28546,28546,Debit Card,Store
4600,2026-02-10,C1151,Monitor,Electronics,West,8,21206,169648,Debit Card,Distributor
4601,2026-02-04,C2713,Tablet,Electronics,South,4,32283,129132,Net Banking,Distributor
4602,2026-04-15,C1286,Desk,Furniture,North,3,14454,43362,UPI,Store
4603,2026-08-13,C2613,Monitor,Electronics,Central,9,19028,171252,Cash,Store
4604,2026-09-08,C1485,Mouse,Accessories,South,2,1542,3084,Credit Card,Distributor
4605,2026-11-19,C2393,Printer,Office,East,10,10943,109430,Net Banking,Distributor
4606,2026-06-02,C1534,Laptop,Electronics,North,6,65557,393342,Debit Card,Distributor
4607,2026-12-14,C2282,Mobile,Electronics,Central,6,26890,161340,Net Banking,Online
4608,2026-03-10,C1262,Monitor,Electronics,West,4,21659,86636,Credit Card,Store
4609,2026-01-19,C2149,Printer,Office,North,10,11507,115070,Cash,Online
4610,2026-04-28,C2847,Printer,Office,North,3,12308,36924,UPI,Online
4611,2026-11-25,C1031,Tablet,Electronics,Central,9,32828,295452,Cash,Distributor
4612,2026-02-13,C2260,Desk,Furniture,East,3,13708,41124,UPI,Store
4613,2026-04-17,C2998,Mouse,Accessories,East,8,1426,11408,Debit Card,Store
4614,2026-08-07,C2968,Office Chair,Furniture,South,2,9285,18570,UPI,Store
4615,2026-08-03,C1625,Mobile,Electronics,North,8,25752,206016,UPI,Store
4616,2026-03-24,C1200,Keyboard,Accessories,South,8,3254,26032,Debit Card,Online
4617,2026-03-18,C1039,Keyboard,Accessories,Northeast,10,2767,27670,Cash,Store
4618,2026-11-07,C1470,Headphones,Accessories,South,2,3641,7282,UPI,Store
4619,2026-02-22,C1912,Laptop,Electronics,Central,9,58178,523602,Net Banking,Store
4620,2026-03-30,C2131,Office Chair,Furniture,East,7,9525,66675,Net Banking,Distributor
4621,2026-11-20,C2745,Tablet,Electronics,South,8,32991,263928,UPI,Distributor
4622,2026-06-08,C2544,Desk,Furniture,South,2,14554,29108,UPI,Distributor
4623,2026-12-21,C1687,Monitor,Electronics,West,4,19305,77220,UPI,Online
4624,2026-04-05,C2553,Mouse,Accessories,Northeast,9,1408,12672,Debit Card,Online
4625,2026-06-26,C1650,Laptop,Electronics,North,2,62315,124630,Debit Card,Online
4626,2026-09-15,C1160,Office Chair,Furniture,Northeast,8,9606,76848,Credit Card,Distributor
4627,2026-11-23,C2843,Printer,Office,North,9,12313,110817,UPI,Online
4628,2026-09-15,C2756,Headphones,Accessories,South,1,4192,4192,Net Banking,Online
4629,2026-07-09,C1599,Tablet,Electronics,Central,9,30987,278883,Cash,Distributor
4630,2026-12-19,C2501,Laptop,Electronics,South,4,60081,240324,UPI,Online
4631,2026-01-31,C2958,Office Chair,Furniture,Northeast,4,10626,42504,Credit Card,Store
4632,2026-01-17,C1232,Monitor,Electronics,South,9,21107,189963,Net Banking,Distributor
4633,2026-03-21,C2366,Headphones,Accessories,Northeast,8,4048,32384,Net Banking,Distributor
4634,2026-02-16,C2206,Printer,Office,North,3,12690,38070,Debit Card,Distributor
4635,2026-10-12,C2368,Mobile,Electronics,North,9,24656,221904,Cash,Store
4636,2026-08-25,C1185,Laptop,Electronics,East,6,56756,340536,UPI,Store
4637,2026-03-29,C2824,Keyboard,Accessories,South,2,2715,5430,Cash,Store
4638,2026-06-26,C1101,Keyboard,Accessories,Northeast,1,3039,3039,Credit Card,Distributor
4639,2026-12-21,C1573,Tablet,Electronics,South,6,32651,195906,Net Banking,Store
4640,2026-09-10,C1919,Desk,Furniture,South,5,15508,77540,Credit Card,Online
4641,2026-07-01,C2592,Printer,Office,West,8,12610,100880,Credit Card,Online
4642,2026-06-20,C2524,Mobile,Electronics,West,10,26452,264520,UPI,Distributor
4643,2026-07-31,C2836,Monitor,Electronics,Central,10,21335,213350,Net Banking,Store
4644,2026-09-10,C1154,Desk,Furniture,East,2,15668,31336,Credit Card,Store
4645,2026-03-19,C1868,Laptop,Electronics,South,3,62611,187833,Debit Card,Distributor
4646,2026-05-28,C2899,Printer,Office,Northeast,10,13126,131260,Debit Card,Store
4647,2026-11-22,C1555,Tablet,Electronics,East,4,32220,128880,Credit Card,Online
4648,2026-03-03,C1151,Monitor,Electronics,East,2,19515,39030,UPI,Online
4649,2026-02-21,C1547,Desk,Furniture,East,7,14484,101388,Cash,Online
4650,2026-06-16,C1997,Monitor,Electronics,South,1,21563,21563,Net Banking,Store
4651,2026-11-29,C2505,Keyboard,Accessories,East,8,3120,24960,UPI,Store
4652,2026-10-28,C2322,Headphones,Accessories,East,1,3711,3711,UPI,Store
4653,2026-12-10,C1461,Printer,Office,Northeast,10,11186,111860,Net Banking,Distributor
4654,2026-06-30,C1003,Tablet,Electronics,South,7,29974,209818,Credit Card,Distributor
4655,2026-05-08,C2600,Keyboard,Accessories,South,1,3018,3018,UPI,Store
4656,2026-11-29,C1091,Mouse,Accessories,West,5,1471,7355,UPI,Online
4657,2026-05-04,C1653,Mobile,Electronics,West,4,24208,96832,Credit Card,Online
4658,2026-08-28,C2159,Printer,Office,West,6,11103,66618,Debit Card,Online
4659,2026-04-11,C2594,Office Chair,Furniture,East,5,9245,46225,Debit Card,Store
4660,2026-06-17,C2086,Printer,Office,North,7,11541,80787,UPI,Distributor
4661,2026-04-30,C1014,Printer,Office,North,8,12129,97032,UPI,Distributor
4662,2026-11-05,C2604,Tablet,Electronics,East,10,30654,306540,UPI,Distributor
4663,2026-08-18,C1336,Desk,Furniture,Central,8,13895,111160,Debit Card,Store
4664,2026-06-24,C2090,Keyboard,Accessories,East,6,2800,16800,UPI,Store
4665,2026-11-08,C2819,Mobile,Electronics,North,10,25147,251470,Credit Card,Store
4666,2026-12-06,C1555,Laptop,Electronics,East,5,57876,289380,Cash,Online
4667,2026-01-31,C1261,Keyboard,Accessories,South,1,3117,3117,UPI,Store
4668,2026-07-14,C2172,Printer,Office,West,4,11940,47760,Cash,Store
4669,2026-12-26,C2277,Laptop,Electronics,West,10,64903,649030,Debit Card,Store
4670,2026-08-13,C1329,Mobile,Electronics,West,10,25784,257840,Debit Card,Store
4671,2026-11-23,C1699,Mouse,Accessories,Central,6,1364,8184,UPI,Online
4672,2026-03-02,C2949,Keyboard,Accessories,Central,9,3241,29169,Credit Card,Store
4673,2026-05-25,C2259,Tablet,Electronics,South,4,31825,127300,UPI,Store
4674,2026-04-01,C2323,Desk,Furniture,South,4,16283,65132,Cash,Distributor
4675,2026-04-21,C1834,Tablet,Electronics,Central,8,31266,250128,Credit Card,Online
4676,2026-01-11,C1146,Tablet,Electronics,West,5,28321,141605,Debit Card,Distributor
4677,2026-12-15,C2590,Mobile,Electronics,North,1,24964,24964,Debit Card,Distributor
4678,2026-02-22,C2530,Headphones,Accessories,Northeast,10,4332,43320,Credit Card,Online
4679,2026-01-06,C1721,Headphones,Accessories,Northeast,6,4186,25116,Cash,Distributor
4680,2026-11-11,C2137,Printer,Office,Northeast,6,12951,77706,Net Banking,Online
4681,2026-09-05,C1195,Office Chair,Furniture,West,2,9130,18260,Credit Card,Store
4682,2026-02-09,C1475,Keyboard,Accessories,Northeast,6,2770,16620,Cash,Distributor
4683,2026-12-06,C1031,Printer,Office,South,9,11372,102348,Credit Card,Store
4684,2026-04-16,C2524,Headphones,Accessories,West,6,3976,23856,Cash,Online
4685,2026-02-22,C2952,Keyboard,Accessories,East,7,2786,19502,Credit Card,Store
4686,2026-12-19,C1857,Desk,Furniture,Central,4,13605,54420,UPI,Store
4687,2026-03-10,C2825,Keyboard,Accessories,South,8,3197,25576,UPI,Store
4688,2026-06-19,C1920,Tablet,Electronics,Central,6,31532,189192,Credit Card,Online
4689,2026-10-13,C2515,Office Chair,Furniture,Northeast,8,10761,86088,Credit Card,Online
4690,2026-07-07,C2697,Tablet,Electronics,South,10,31803,318030,Credit Card,Store
4691,2026-02-08,C1581,Mobile,Electronics,Central,2,27499,54998,Net Banking,Distributor
4692,2026-12-28,C1775,Mouse,Accessories,South,4,1451,5804,Credit Card,Online
4693,2026-04-05,C2534,Mouse,Accessories,Central,5,1510,7550,UPI,Store
4694,2026-08-31,C1563,Tablet,Electronics,East,3,32654,97962,Cash,Online
4695,2026-07-22,C2696,Desk,Furniture,Central,4,16226,64904,Net Banking,Distributor
4696,2026-01-14,C2454,Headphones,Accessories,East,10,4165,41650,Credit Card,Online
4697,2026-02-11,C1516,Laptop,Electronics,South,3,63294,189882,Cash,Store
4698,2026-07-05,C2253,Printer,Office,West,2,12254,24508,UPI,Distributor
4699,2026-01-21,C2745,Laptop,Electronics,Central,6,57455,344730,Debit Card,Online
4700,2026-12-04,C1036,Mobile,Electronics,East,4,22860,91440,Net Banking,Distributor
4701,2026-05-01,C1390,Desk,Furniture,Northeast,4,14379,57516,Net Banking,Distributor
4702,2026-10-13,C2765,Monitor,Electronics,West,4,21368,85472,Debit Card,Online
4703,2026-09-16,C2115,Desk,Furniture,East,3,15578,46734,Cash,Online
4704,2026-05-12,C1520,Desk,Furniture,North,9,14058,126522,UPI,Distributor
4705,2026-10-27,C2137,Laptop,Electronics,Central,8,65390,523120,Net Banking,Store
4706,2026-04-01,C1561,Mobile,Electronics,South,5,27426,137130,Debit Card,Store
4707,2026-07-27,C2453,Tablet,Electronics,East,8,31839,254712,Debit Card,Online
4708,2026-10-05,C1709,Tablet,Electronics,East,2,27364,54728,Cash,Store
4709,2026-02-07,C2610,Office Chair,Furniture,South,4,9307,37228,Net Banking,Online
4710,2026-01-22,C2940,Tablet,Electronics,West,5,27210,136050,Debit Card,Online
4711,2026-08-24,C2725,Printer,Office,East,9,11857,106713,Net Banking,Distributor
4712,2026-06-24,C1513,Office Chair,Furniture,East,10,10063,100630,Credit Card,Store
4713,2026-08-11,C2784,Mouse,Accessories,East,9,1592,14328,Cash,Store
4714,2026-04-03,C2335,Keyboard,Accessories,Northeast,6,3194,19164,Net Banking,Distributor
4715,2026-12-05,C1512,Mouse,Accessories,Central,9,1443,12987,UPI,Online
4716,2026-01-05,C2645,Laptop,Electronics,Northeast,5,54424,272120,Cash,Distributor
4717,2026-06-03,C2112,Tablet,Electronics,West,1,28963,28963,Credit Card,Distributor
4718,2026-02-15,C1515,Monitor,Electronics,North,1,19441,19441,Credit Card,Store
4719,2026-09-06,C2800,Tablet,Electronics,South,5,32670,163350,Cash,Online
4720,2026-03-12,C2714,Laptop,Electronics,North,10,58254,582540,UPI,Distributor
4721,2026-05-29,C2700,Monitor,Electronics,South,6,21430,128580,Net Banking,Online
4722,2026-10-28,C2187,Desk,Furniture,South,10,13924,139240,UPI,Store
4723,2026-08-24,C1995,Desk,Furniture,South,2,15847,31694,UPI,Online
4724,2026-07-25,C2795,Office Chair,Furniture,Central,3,9618,28854,UPI,Distributor
4725,2026-10-29,C2898,Printer,Office,South,5,11553,57765,Debit Card,Online
4726,2026-03-13,C2526,Desk,Furniture,Northeast,10,14669,146690,Cash,Distributor
4727,2026-09-03,C1004,Keyboard,Accessories,West,1,2735,2735,Debit Card,Distributor
4728,2026-02-19,C2629,Printer,Office,Northeast,1,11942,11942,Credit Card,Store
4729,2026-06-11,C1634,Tablet,Electronics,South,2,31616,63232,Cash,Distributor
4730,2026-09-12,C1440,Headphones,Accessories,South,8,4288,34304,Net Banking,Store
4731,2026-05-06,C1966,Headphones,Accessories,West,6,4238,25428,Cash,Online
4732,2026-12-22,C2675,Monitor,Electronics,East,6,18718,112308,UPI,Online
4733,2026-02-05,C2559,Office Chair,Furniture,East,8,9201,73608,Net Banking,Store
4734,2026-06-20,C1770,Keyboard,Accessories,Central,8,3053,24424,Cash,Online
4735,2026-05-15,C2995,Headphones,Accessories,North,8,3958,31664,UPI,Store
4736,2026-02-14,C2515,Tablet,Electronics,East,8,32634,261072,Credit Card,Store
4737,2026-02-13,C1744,Keyboard,Accessories,West,4,3135,12540,Debit Card,Distributor
4738,2026-10-08,C2148,Laptop,Electronics,North,1,62521,62521,Cash,Online
4739,2026-05-06,C2533,Mouse,Accessories,North,6,1359,8154,Credit Card,Online
4740,2026-06-22,C2680,Monitor,Electronics,South,7,21400,149800,Net Banking,Online
4741,2026-03-19,C1267,Office Chair,Furniture,Northeast,7,9459,66213,Net Banking,Distributor
4742,2026-02-13,C1614,Tablet,Electronics,Central,8,29204,233632,UPI,Online
4743,2026-02-19,C2280,Mobile,Electronics,Central,2,24272,48544,Debit Card,Distributor
4744,2026-12-24,C1991,Monitor,Electronics,West,1,20766,20766,UPI,Online
4745,2026-09-20,C2043,Monitor,Electronics,East,7,20220,141540,UPI,Store
4746,2026-01-11,C2435,Mouse,Accessories,West,2,1539,3078,Credit Card,Distributor
4747,2026-07-03,C1899,Mouse,Accessories,South,8,1560,12480,Net Banking,Distributor
4748,2026-12-11,C1782,Laptop,Electronics,Northeast,8,61178,489424,Net Banking,Store
4749,2026-03-23,C2132,Keyboard,Accessories,East,2,2989,5978,UPI,Online
4750,2026-07-10,C2990,Headphones,Accessories,South,3,4129,12387,Cash,Distributor
4751,2026-06-15,C1179,Office Chair,Furniture,Northeast,5,9621,48105,UPI,Store
4752,2026-05-29,C1185,Laptop,Electronics,East,2,54863,109726,Net Banking,Store
4753,2026-05-20,C1350,Mobile,Electronics,Central,7,26450,185150,Credit Card,Distributor
4754,2026-03-14,C1285,Mouse,Accessories,North,2,1587,3174,Net Banking,Online
4755,2026-10-04,C1837,Mouse,Accessories,East,1,1576,1576,UPI,Distributor
4756,2026-05-20,C2674,Laptop,Electronics,North,3,62358,187074,Debit Card,Distributor
4757,2026-01-22,C1080,Mouse,Accessories,West,10,1567,15670,Debit Card,Store
4758,2026-10-19,C2663,Laptop,Electronics,West,9,56827,511443,Credit Card,Online
4759,2026-01-01,C1124,Keyboard,Accessories,Northeast,4,2737,10948,Credit Card,Store
4760,2026-09-15,C1845,Printer,Office,West,6,12296,73776,Net Banking,Distributor
4761,2026-06-29,C1120,Monitor,Electronics,South,2,18045,36090,Debit Card,Online
4762,2026-12-05,C2851,Office Chair,Furniture,South,9,9529,85761,UPI,Distributor
4763,2026-03-25,C1561,Mobile,Electronics,Northeast,1,26416,26416,Cash,Store
4764,2026-02-26,C2392,Tablet,Electronics,Northeast,5,27863,139315,Cash,Store
4765,2026-05-13,C2083,Desk,Furniture,Central,2,13990,27980,Cash,Distributor
4766,2026-05-29,C2682,Desk,Furniture,West,9,15331,137979,Cash,Distributor
4767,2026-03-03,C1828,Printer,Office,South,2,12157,24314,Cash,Online
4768,2026-01-21,C2722,Monitor,Electronics,South,4,21804,87216,Cash,Online
4769,2026-05-02,C1590,Keyboard,Accessories,North,3,2743,8229,UPI,Store
4770,2026-04-13,C2142,Tablet,Electronics,North,4,32357,129428,UPI,Distributor
4771,2026-08-03,C1381,Monitor,Electronics,West,5,20557,102785,Credit Card,Store
4772,2026-12-18,C2718,Laptop,Electronics,South,8,62800,502400,Debit Card,Online
4773,2026-05-28,C1090,Monitor,Electronics,Central,6,18505,111030,Cash,Online
4774,2026-07-17,C2841,Tablet,Electronics,Central,4,32472,129888,Cash,Store
4775,2026-10-21,C2851,Mouse,Accessories,East,7,1456,10192,Cash,Store
4776,2026-02-05,C2219,Laptop,Electronics,Central,2,60341,120682,Cash,Online
4777,2026-03-07,C2318,Mobile,Electronics,Central,10,27494,274940,Net Banking,Online
4778,2026-10-26,C2138,Office Chair,Furniture,East,2,10032,20064,Net Banking,Store
4779,2026-04-01,C1810,Office Chair,Furniture,West,6,10130,60780,Credit Card,Store
4780,2026-05-19,C2964,Mouse,Accessories,Central,2,1396,2792,Net Banking,Distributor
4781,2026-09-18,C2932,Office Chair,Furniture,West,2,9641,19282,UPI,Online
4782,2026-09-18,C1331,Office Chair,Furniture,North,4,9022,36088,Credit Card,Online
4783,2026-09-24,C1115,Desk,Furniture,Northeast,1,14220,14220,Credit Card,Distributor
4784,2026-04-22,C2362,Headphones,Accessories,North,2,3763,7526,Debit Card,Distributor
4785,2026-04-18,C1419,Office Chair,Furniture,Northeast,3,10689,32067,Debit Card,Online
4786,2026-04-17,C1435,Office Chair,Furniture,Central,6,10605,63630,Cash,Distributor
4787,2026-05-24,C1493,Mouse,Accessories,South,4,1619,6476,Net Banking,Store
4788,2026-05-22,C2420,Mouse,Accessories,North,7,1599,11193,UPI,Online
4789,2026-10-27,C2673,Monitor,Electronics,East,9,20362,183258,Cash,Online
4790,2026-01-29,C2882,Printer,Office,South,9,12916,116244,Cash,Store
4791,2026-12-18,C2596,Printer,Office,North,6,11404,68424,UPI,Distributor
4792,2026-08-21,C1326,Monitor,Electronics,North,10,21529,215290,Credit Card,Store
4793,2026-10-29,C2471,Mobile,Electronics,North,7,23298,163086,Debit Card,Online
4794,2026-12-23,C1737,Keyboard,Accessories,Central,1,3216,3216,Debit Card,Store
4795,2026-01-14,C2861,Office Chair,Furniture,West,6,9334,56004,Net Banking,Distributor
4796,2026-02-18,C1357,Monitor,Electronics,Central,9,20456,184104,Credit Card,Distributor
4797,2026-01-19,C1114,Mouse,Accessories,West,2,1628,3256,Cash,Store
4798,2026-06-08,C1342,Keyboard,Accessories,Central,9,2850,25650,Debit Card,Distributor
4799,2026-08-11,C2400,Desk,Furniture,South,2,15122,30244,UPI,Distributor
4800,2026-03-04,C1595,Laptop,Electronics,South,5,58426,292130,Net Banking,Store
4801,2026-08-23,C1614,Monitor,Electronics,Northeast,4,18638,74552,UPI,Store
4802,2026-06-19,C2029,Mouse,Accessories,East,3,1460,4380,Debit Card,Distributor
4803,2026-08-10,C1715,Desk,Furniture,East,8,13707,109656,Net Banking,Online
4804,2026-08-03,C2916,Mobile,Electronics,Northeast,4,22914,91656,Net Banking,Distributor
4805,2026-01-17,C2651,Printer,Office,South,3,11493,34479,Cash,Online
4806,2026-12-12,C1899,Desk,Furniture,East,1,14254,14254,Net Banking,Online
4807,2026-08-15,C2710,Laptop,Electronics,North,6,54592,327552,Credit Card,Online
4808,2026-04-05,C2178,Headphones,Accessories,Central,3,3726,11178,Cash,Distributor
4809,2026-11-29,C1345,Tablet,Electronics,North,10,30629,306290,UPI,Online
4810,2026-09-30,C1590,Office Chair,Furniture,West,6,10283,61698,Cash,Store
4811,2026-11-02,C1980,Desk,Furniture,North,10,13541,135410,Debit Card,Online
4812,2026-03-23,C1021,Headphones,Accessories,West,1,4114,4114,UPI,Online
4813,2026-03-02,C1130,Desk,Furniture,Central,4,16410,65640,Credit Card,Distributor
4814,2026-02-21,C2847,Monitor,Electronics,South,2,19385,38770,Net Banking,Online
4815,2026-03-21,C1889,Headphones,Accessories,Northeast,3,4387,13161,Net Banking,Distributor
4816,2026-09-28,C1781,Mobile,Electronics,Central,3,25161,75483,Net Banking,Online
4817,2026-03-29,C2287,Mobile,Electronics,Northeast,6,22974,137844,Credit Card,Store
4818,2026-12-26,C1335,Office Chair,Furniture,Northeast,7,9630,67410,UPI,Online
4819,2026-05-19,C2180,Desk,Furniture,North,8,15608,124864,Cash,Distributor
4820,2026-08-19,C1021,Tablet,Electronics,Central,1,30048,30048,UPI,Distributor
4821,2026-03-15,C2247,Laptop,Electronics,North,8,54456,435648,UPI,Distributor
4822,2026-03-21,C2560,Laptop,Electronics,West,5,62025,310125,UPI,Online
4823,2026-03-11,C1332,Headphones,Accessories,North,6,3771,22626,Net Banking,Store
4824,2026-09-21,C1552,Monitor,Electronics,South,4,20265,81060,Credit Card,Online
4825,2026-03-25,C2619,Headphones,Accessories,Central,4,4266,17064,Debit Card,Store
4826,2026-09-28,C2786,Mouse,Accessories,Northeast,7,1477,10339,UPI,Distributor
4827,2026-08-30,C1255,Headphones,Accessories,Central,8,4094,32752,Cash,Online
4828,2026-10-07,C1221,Headphones,Accessories,West,7,4182,29274,UPI,Online
4829,2026-07-06,C2972,Office Chair,Furniture,North,3,9058,27174,Net Banking,Store
4830,2026-12-26,C1515,Office Chair,Furniture,West,10,10330,103300,Net Banking,Distributor
4831,2026-01-02,C2321,Headphones,Accessories,Central,6,4184,25104,UPI,Store
4832,2026-08-25,C2555,Monitor,Electronics,Central,10,20052,200520,Net Banking,Online
4833,2026-06-22,C1011,Printer,Office,East,9,12902,116118,Net Banking,Distributor
4834,2026-01-11,C2824,Laptop,Electronics,Central,8,63380,507040,Cash,Distributor
4835,2026-03-12,C1810,Mobile,Electronics,West,7,26059,182413,UPI,Store
4836,2026-03-19,C2500,Office Chair,Furniture,South,5,10750,53750,Debit Card,Online
4837,2026-09-16,C2766,Office Chair,Furniture,Central,5,9249,46245,Credit Card,Online
4838,2026-06-20,C2093,Office Chair,Furniture,Central,8,10062,80496,UPI,Online
4839,2026-12-28,C2525,Keyboard,Accessories,West,2,2798,5596,Credit Card,Store
4840,2026-01-16,C2702,Tablet,Electronics,West,6,28705,172230,Cash,Store
4841,2026-11-13,C2088,Laptop,Electronics,Northeast,8,57351,458808,UPI,Store
4842,2026-03-05,C2691,Desk,Furniture,East,2,13674,27348,Net Banking,Online
4843,2026-04-15,C2047,Desk,Furniture,North,9,14975,134775,Cash,Distributor
4844,2026-06-23,C2617,Printer,Office,South,9,11566,104094,Credit Card,Online
4845,2026-09-17,C1552,Monitor,Electronics,Central,8,19400,155200,Cash,Store
4846,2026-04-03,C2237,Headphones,Accessories,West,8,4137,33096,UPI,Store
4847,2026-09-06,C1211,Tablet,Electronics,West,5,27277,136385,Net Banking,Distributor
4848,2026-05-14,C2358,Printer,Office,North,2,11219,22438,Net Banking,Store
4849,2026-04-29,C1329,Laptop,Electronics,East,9,55114,496026,Debit Card,Store
4850,2026-01-15,C1451,Desk,Furniture,Northeast,4,14552,58208,Cash,Online
4851,2026-12-08,C2985,Laptop,Electronics,Northeast,4,62349,249396,Debit Card,Distributor
4852,2026-02-09,C1591,Desk,Furniture,North,5,14813,74065,Debit Card,Distributor
4853,2026-07-01,C2213,Desk,Furniture,Central,6,14198,85188,UPI,Store
4854,2026-12-08,C1346,Mobile,Electronics,Northeast,2,23650,47300,Credit Card,Store
4855,2026-06-18,C1176,Office Chair,Furniture,West,6,10462,62772,Debit Card,Store
4856,2026-04-01,C1922,Tablet,Electronics,Central,3,31736,95208,Net Banking,Store
4857,2026-03-09,C2926,Office Chair,Furniture,East,9,9631,86679,Credit Card,Store
4858,2026-06-01,C1385,Tablet,Electronics,South,1,29304,29304,Debit Card,Distributor
4859,2026-04-11,C2369,Headphones,Accessories,Northeast,8,3957,31656,UPI,Store
4860,2026-01-24,C2078,Printer,Office,West,7,11770,82390,Debit Card,Store
4861,2026-05-20,C2601,Keyboard,Accessories,West,4,3212,12848,Net Banking,Distributor
4862,2026-04-18,C1035,Printer,Office,West,4,11891,47564,Credit Card,Online
4863,2026-05-29,C1662,Tablet,Electronics,North,9,28151,253359,Credit Card,Online
4864,2026-08-18,C2837,Monitor,Electronics,East,7,19171,134197,UPI,Distributor
4865,2026-06-26,C2068,Office Chair,Furniture,South,3,9629,28887,UPI,Online
4866,2026-11-06,C1702,Desk,Furniture,South,5,15790,78950,Debit Card,Store
4867,2026-11-01,C2122,Laptop,Electronics,East,4,60866,243464,Debit Card,Store
4868,2026-11-25,C1749,Office Chair,Furniture,East,9,9926,89334,UPI,Online
4869,2026-04-16,C2194,Tablet,Electronics,North,10,27916,279160,Net Banking,Online
4870,2026-06-12,C1620,Office Chair,Furniture,Northeast,5,10007,50035,Credit Card,Store
4871,2026-02-03,C1704,Keyboard,Accessories,South,9,3090,27810,UPI,Online
4872,2026-03-31,C1121,Monitor,Electronics,South,3,18314,54942,Credit Card,Store
4873,2026-01-25,C1051,Tablet,Electronics,Central,1,30737,30737,Cash,Store
4874,2026-08-20,C2762,Tablet,Electronics,South,3,29829,89487,Debit Card,Distributor
4875,2026-03-06,C2429,Desk,Furniture,South,4,13751,55004,Credit Card,Online
4876,2026-01-07,C2174,Office Chair,Furniture,West,2,10608,21216,Credit Card,Store
4877,2026-09-20,C2382,Mouse,Accessories,Central,5,1432,7160,Cash,Online
4878,2026-10-09,C2824,Monitor,Electronics,Central,5,20561,102805,Cash,Online
4879,2026-03-30,C2106,Desk,Furniture,Northeast,2,16176,32352,Debit Card,Online
4880,2026-07-03,C1485,Office Chair,Furniture,East,9,10333,92997,Net Banking,Online
4881,2026-11-16,C1855,Desk,Furniture,Central,4,15806,63224,Credit Card,Distributor
4882,2026-04-08,C1715,Mouse,Accessories,Northeast,3,1537,4611,Net Banking,Online
4883,2026-05-18,C2252,Mouse,Accessories,Central,5,1378,6890,Cash,Distributor
4884,2026-10-07,C2466,Monitor,Electronics,Northeast,7,21316,149212,UPI,Distributor
4885,2026-05-24,C2393,Printer,Office,West,6,11438,68628,Credit Card,Distributor
4886,2026-02-12,C2641,Mouse,Accessories,North,2,1540,3080,Debit Card,Distributor
4887,2026-04-04,C1861,Headphones,Accessories,North,3,3623,10869,Debit Card,Store
4888,2026-09-15,C1865,Desk,Furniture,Northeast,8,14406,115248,Credit Card,Store
4889,2026-07-01,C2917,Mobile,Electronics,East,10,26854,268540,Net Banking,Online
4890,2026-09-28,C1168,Monitor,Electronics,South,3,21559,64677,Cash,Store
4891,2026-07-11,C2630,Desk,Furniture,North,5,13700,68500,Net Banking,Store
4892,2026-04-26,C2727,Monitor,Electronics,Northeast,4,20219,80876,Debit Card,Online
4893,2026-05-13,C2322,Office Chair,Furniture,North,10,9240,92400,Credit Card,Online
4894,2026-01-05,C1316,Headphones,Accessories,Northeast,5,3708,18540,Cash,Store
4895,2026-05-23,C1445,Tablet,Electronics,North,10,27334,273340,UPI,Distributor
4896,2026-11-15,C2192,Office Chair,Furniture,North,7,9146,64022,Credit Card,Store
4897,2026-10-13,C2522,Mobile,Electronics,East,10,24725,247250,Debit Card,Online
4898,2026-04-23,C2706,Monitor,Electronics,East,4,21899,87596,Net Banking,Distributor
4899,2026-10-12,C1869,Mobile,Electronics,North,7,25165,176155,Credit Card,Online
4900,2026-08-29,C1461,Mouse,Accessories,South,2,1528,3056,Credit Card,Distributor
4901,2026-08-06,C1924,Desk,Furniture,West,3,15639,46917,UPI,Online
4902,2026-06-29,C1608,Headphones,Accessories,South,5,3857,19285,Net Banking,Distributor
4903,2026-11-30,C1982,Keyboard,Accessories,Central,9,3203,28827,Debit Card,Store
4904,2026-02-02,C2389,Tablet,Electronics,West,7,27252,190764,Net Banking,Store
4905,2026-07-17,C2620,Mobile,Electronics,East,6,26752,160512,Net Banking,Distributor
4906,2026-09-10,C1013,Laptop,Electronics,North,6,56562,339372,Net Banking,Online
4907,2026-06-18,C1761,Laptop,Electronics,East,9,65677,591093,UPI,Distributor
4908,2026-03-14,C2229,Laptop,Electronics,South,6,54958,329748,Net Banking,Store
4909,2026-12-31,C1553,Headphones,Accessories,East,4,4232,16928,Debit Card,Store
4910,2026-07-26,C1325,Laptop,Electronics,South,6,61058,366348,Credit Card,Online
4911,2026-06-28,C2273,Mobile,Electronics,West,2,27416,54832,Credit Card,Distributor
4912,2026-07-09,C2839,Monitor,Electronics,North,7,18356,128492,Credit Card,Store
4913,2026-07-16,C2794,Office Chair,Furniture,North,1,9197,9197,Credit Card,Distributor
4914,2026-07-28,C2731,Headphones,Accessories,Northeast,4,3975,15900,UPI,Online
4915,2026-10-06,C2377,Keyboard,Accessories,East,1,3243,3243,Net Banking,Distributor
4916,2026-04-08,C2025,Office Chair,Furniture,Northeast,10,10954,109540,Cash,Online
4917,2026-06-26,C2123,Mouse,Accessories,West,8,1530,12240,Cash,Distributor
4918,2026-08-16,C2900,Desk,Furniture,Northeast,9,14363,129267,Net Banking,Distributor
4919,2026-05-11,C1386,Keyboard,Accessories,Central,4,2724,10896,Cash,Store
4920,2026-10-04,C1917,Mobile,Electronics,West,4,24038,96152,Credit Card,Store
4921,2026-07-21,C1722,Mouse,Accessories,South,3,1402,4206,Debit Card,Distributor
4922,2026-09-20,C1074,Office Chair,Furniture,East,1,9694,9694,UPI,Distributor
4923,2026-05-31,C2831,Printer,Office,Central,7,12853,89971,Net Banking,Store
4924,2026-08-22,C1012,Mobile,Electronics,Central,8,26795,214360,Debit Card,Store
4925,2026-07-13,C1975,Mouse,Accessories,East,6,1612,9672,Cash,Store
4926,2026-05-16,C1753,Laptop,Electronics,Northeast,5,59711,298555,Net Banking,Distributor
4927,2026-12-25,C2562,Desk,Furniture,Central,1,14032,14032,Credit Card,Online
4928,2026-06-13,C1624,Desk,Furniture,Northeast,3,14427,43281,Cash,Store
4929,2026-01-05,C1419,Monitor,Electronics,East,2,21425,42850,UPI,Online
4930,2026-06-29,C1073,Desk,Furniture,North,1,15362,15362,Debit Card,Store
4931,2026-02-28,C2870,Office Chair,Furniture,North,4,10660,42640,Cash,Online
4932,2026-07-09,C1438,Laptop,Electronics,West,5,55482,277410,UPI,Online
4933,2026-12-22,C2098,Desk,Furniture,Northeast,6,14478,86868,Cash,Store
4934,2026-03-02,C2275,Tablet,Electronics,West,5,29696,148480,Debit Card,Store
4935,2026-12-02,C1466,Keyboard,Accessories,East,9,2813,25317,UPI,Store
4936,2026-07-27,C1142,Desk,Furniture,South,3,15332,45996,UPI,Store
4937,2026-12-09,C2473,Printer,Office,East,5,12344,61720,Cash,Distributor
4938,2026-06-30,C2192,Printer,Office,West,6,10887,65322,Net Banking,Distributor
4939,2026-04-11,C2307,Laptop,Electronics,South,9,58656,527904,Debit Card,Online
4940,2026-08-01,C1445,Printer,Office,Central,7,12507,87549,UPI,Online
4941,2026-07-01,C1617,Mobile,Electronics,South,5,26856,134280,Debit Card,Distributor
4942,2026-03-26,C1726,Mouse,Accessories,North,9,1420,12780,Cash,Online
4943,2026-08-21,C2480,Monitor,Electronics,Northeast,8,20982,167856,Debit Card,Store
4944,2026-01-17,C1588,Tablet,Electronics,North,2,32289,64578,Cash,Store
4945,2026-09-09,C1477,Monitor,Electronics,North,8,18778,150224,Net Banking,Distributor
4946,2026-04-27,C2389,Mobile,Electronics,South,6,24580,147480,Net Banking,Online
4947,2026-05-28,C2690,Monitor,Electronics,North,2,21218,42436,Debit Card,Distributor
4948,2026-01-29,C1802,Laptop,Electronics,Central,5,58009,290045,UPI,Store
4949,2026-04-18,C2673,Desk,Furniture,North,9,13841,124569,Credit Card,Online
4950,2026-04-01,C1599,Office Chair,Furniture,East,1,10391,10391,Cash,Store
4951,2026-06-24,C2221,Mouse,Accessories,North,10,1438,14380,Credit Card,Store
4952,2026-04-06,C2152,Headphones,Accessories,West,1,4115,4115,Debit Card,Online
4953,2026-05-02,C2317,Desk,Furniture,Northeast,3,15464,46392,Net Banking,Online
4954,2026-07-20,C1277,Monitor,Electronics,East,3,21116,63348,Debit Card,Distributor
4955,2026-12-29,C2828,Mouse,Accessories,North,9,1619,14571,Credit Card,Store
4956,2026-11-13,C1484,Tablet,Electronics,North,2,32067,64134,UPI,Distributor
4957,2026-08-30,C2451,Tablet,Electronics,Northeast,8,28106,224848,UPI,Online
4958,2026-09-09,C1913,Headphones,Accessories,Northeast,3,3924,11772,Credit Card,Distributor
4959,2026-10-03,C2302,Printer,Office,Central,2,12927,25854,Credit Card,Distributor
4960,2026-06-25,C1322,Headphones,Accessories,Northeast,1,4242,4242,Credit Card,Store
4961,2026-06-07,C2146,Monitor,Electronics,East,3,20896,62688,UPI,Distributor
4962,2026-08-18,C1120,Mobile,Electronics,West,1,23443,23443,Credit Card,Distributor
4963,2026-04-19,C2514,Tablet,Electronics,Northeast,10,30375,303750,Credit Card,Online
4964,2026-08-06,C1517,Headphones,Accessories,South,8,3940,31520,Net Banking,Distributor
4965,2026-03-07,C1358,Office Chair,Furniture,Northeast,2,10024,20048,Cash,Store
4966,2026-07-05,C2855,Printer,Office,West,10,12883,128830,Cash,Online
4967,2026-08-08,C2557,Printer,Office,Northeast,8,12875,103000,UPI,Distributor
4968,2026-10-11,C2053,Mouse,Accessories,West,3,1400,4200,Credit Card,Distributor
4969,2026-03-09,C1835,Monitor,Electronics,Central,5,18912,94560,Cash,Distributor
4970,2026-05-31,C2600,Monitor,Electronics,East,8,18277,146216,Cash,Distributor
4971,2026-04-19,C1623,Keyboard,Accessories,West,8,3018,24144,UPI,Online
4972,2026-01-06,C2579,Desk,Furniture,North,3,15667,47001,Cash,Online
4973,2026-04-05,C1096,Printer,Office,East,2,13156,26312,Net Banking,Distributor
4974,2026-03-23,C2521,Laptop,Electronics,North,5,55760,278800,Cash,Store
4975,2026-04-05,C2700,Monitor,Electronics,South,7,19460,136220,Net Banking,Store
4976,2026-05-06,C1735,Office Chair,Furniture,East,3,10393,31179,Credit Card,Store
4977,2026-05-06,C2848,Mouse,Accessories,Central,3,1350,4050,Debit Card,Distributor
4978,2026-10-10,C2737,Laptop,Electronics,East,5,60381,301905,Cash,Store
4979,2026-04-20,C1723,Keyboard,Accessories,South,5,2810,14050,UPI,Store
4980,2026-12-01,C2421,Mouse,Accessories,North,9,1402,12618,Cash,Online
4981,2026-03-23,C2765,Printer,Office,Central,2,11010,22020,Net Banking,Online
4982,2026-12-11,C2019,Keyboard,Accessories,East,3,2948,8844,Credit Card,Store
4983,2026-10-04,C2088,Laptop,Electronics,Central,4,61261,245044,UPI,Distributor
4984,2026-05-22,C2024,Mouse,Accessories,Central,7,1577,11039,Credit Card,Store
4985,2026-07-25,C2295,Laptop,Electronics,Northeast,3,57670,173010,Net Banking,Store
4986,2026-03-23,C2796,Desk,Furniture,Central,7,14810,103670,Credit Card,Online
4987,2026-02-15,C1532,Laptop,Electronics,Central,5,59669,298345,Net Banking,Online
4988,2026-02-24,C2050,Desk,Furniture,Northeast,2,14723,29446,Debit Card,Distributor
4989,2026-04-29,C2668,Laptop,Electronics,Northeast,7,56795,397565,UPI,Store
4990,2026-04-10,C1919,Mouse,Accessories,South,6,1375,8250,Credit Card,Distributor
4991,2026-09-10,C1517,Office Chair,Furniture,Northeast,4,10944,43776,Net Banking,Store
4992,2026-02-10,C1927,Headphones,Accessories,West,7,4205,29435,Cash,Store
4993,2026-11-27,C2323,Tablet,Electronics,East,7,31988,223916,Credit Card,Store
4994,2026-11-23,C2830,Laptop,Electronics,Central,5,60490,302450,Debit Card,Online
4995,2026-01-03,C1262,Tablet,Electronics,East,7,32355,226485,Cash,Store
4996,2026-02-28,C2874,Office Chair,Furniture,South,9,9592,86328,Net Banking,Distributor
4997,2026-01-02,C1731,Keyboard,Accessories,West,5,3289,16445,UPI,Store
4998,2026-04-29,C1769,Mobile,Electronics,South,4,25258,101032,Net Banking,Online
4999,2026-09-07,C1747,Office Chair,Furniture,East,10,10005,100050,Debit Card,Distributor
5000,2026-10-16,C1078,Mouse,Accessories,Central,2,1437,2874,Net Banking,Store
5001,2026-12-23,C1879,Office Chair,Furniture,East,8,9685,77480,Debit Card,Online
5002,2026-12-23,C2639,Laptop,Electronics,Northeast,9,61105,549945,Cash,Store
5003,2026-02-02,C2546,Keyboard,Accessories,South,10,2738,27380,Credit Card,Distributor
5004,2026-08-11,C2207,Headphones,Accessories,West,2,3898,7796,Net Banking,Store
5005,2026-03-27,C1061,Monitor,Electronics,North,3,21494,64482,UPI,Online
5006,2026-07-27,C2698,Mobile,Electronics,West,9,26925,242325,Debit Card,Distributor
5007,2026-06-09,C1163,Headphones,Accessories,Central,3,4032,12096,Credit Card,Distributor
5008,2026-04-07,C1601,Mobile,Electronics,Central,7,23513,164591,UPI,Online
5009,2026-05-11,C1108,Printer,Office,North,4,12261,49044,Net Banking,Distributor
5010,2026-08-07,C1099,Laptop,Electronics,East,2,63129,126258,UPI,Online
5011,2026-03-04,C1158,Mouse,Accessories,North,5,1520,7600,Net Banking,Online
5012,2026-01-26,C2204,Tablet,Electronics,Northeast,6,27949,167694,Credit Card,Store
5013,2026-11-23,C1387,Tablet,Electronics,West,2,32019,64038,Credit Card,Store
5014,2026-10-04,C2336,Mouse,Accessories,North,10,1385,13850,Credit Card,Distributor
5015,2026-05-09,C2806,Mobile,Electronics,South,7,23025,161175,Credit Card,Online
5016,2026-08-19,C1949,Laptop,Electronics,North,8,62552,500416,Credit Card,Store
5017,2026-09-08,C1189,Tablet,Electronics,Central,4,31239,124956,UPI,Distributor
5018,2026-07-31,C1242,Headphones,Accessories,Northeast,7,3719,26033,Credit Card,Online
5019,2026-09-24,C2259,Desk,Furniture,North,3,15957,47871,Credit Card,Store
5020,2026-07-12,C1357,Keyboard,Accessories,Central,10,3036,30360,Credit Card,Store
5021,2026-02-13,C2400,Monitor,Electronics,Northeast,7,19651,137557,UPI,Distributor
5022,2026-03-04,C2262,Mobile,Electronics,West,4,23709,94836,UPI,Online
5023,2026-03-31,C1762,Laptop,Electronics,South,3,63133,189399,Net Banking,Online
5024,2026-11-15,C1507,Laptop,Electronics,West,3,64623,193869,Cash,Distributor
5025,2026-04-25,C1748,Headphones,Accessories,West,6,4241,25446,Net Banking,Online
5026,2026-01-15,C1348,Keyboard,Accessories,North,5,2929,14645,Cash,Online
5027,2026-04-13,C1219,Mouse,Accessories,West,10,1611,16110,Credit Card,Store
5028,2026-07-22,C1119,Mobile,Electronics,West,1,24416,24416,Cash,Distributor
5029,2026-06-14,C1946,Office Chair,Furniture,North,6,9343,56058,Cash,Distributor
5030,2026-07-20,C1938,Keyboard,Accessories,North,3,3040,9120,Debit Card,Distributor
5031,2026-04-04,C2881,Monitor,Electronics,East,5,19527,97635,Net Banking,Online
5032,2026-01-07,C2326,Office Chair,Furniture,Central,8,10496,83968,UPI,Online
5033,2026-02-15,C2189,Desk,Furniture,Northeast,6,15498,92988,Credit Card,Distributor
5034,2026-08-26,C2753,Printer,Office,South,4,12320,49280,Debit Card,Online
5035,2026-06-21,C1024,Mobile,Electronics,Northeast,3,25580,76740,Cash,Store
5036,2026-04-22,C2281,Headphones,Accessories,Northeast,1,4210,4210,Debit Card,Store
5037,2026-09-16,C1566,Tablet,Electronics,Northeast,1,27170,27170,Debit Card,Distributor
5038,2026-11-19,C1950,Desk,Furniture,East,1,15515,15515,Cash,Distributor
5039,2026-01-18,C1346,Office Chair,Furniture,East,6,9067,54402,Debit Card,Store
5040,2026-12-03,C2188,Printer,Office,West,8,11336,90688,UPI,Distributor
5041,2026-02-22,C2271,Desk,Furniture,South,10,14964,149640,UPI,Distributor
5042,2026-05-31,C1043,Headphones,Accessories,North,7,4230,29610,UPI,Store
5043,2026-10-12,C1623,Mouse,Accessories,Northeast,4,1537,6148,Credit Card,Store
5044,2026-04-04,C2566,Laptop,Electronics,Central,4,58523,234092,Cash,Distributor
5045,2026-03-08,C1575,Office Chair,Furniture,East,4,10905,43620,Debit Card,Store
5046,2026-08-03,C1971,Desk,Furniture,Northeast,6,14137,84822,Credit Card,Online
5047,2026-07-12,C1362,Laptop,Electronics,West,10,61584,615840,Credit Card,Store
5048,2026-10-31,C2898,Desk,Furniture,South,3,14246,42738,UPI,Online
5049,2026-04-22,C1429,Mouse,Accessories,Central,5,1640,8200,UPI,Store
5050,2026-03-06,C2452,Printer,Office,North,6,11564,69384,Net Banking,Online
5051,2026-05-19,C2109,Mouse,Accessories,East,3,1583,4749,Net Banking,Distributor
5052,2026-01-25,C2095,Office Chair,Furniture,Central,5,9001,45005,Net Banking,Online
5053,2026-07-13,C2534,Monitor,Electronics,North,7,21805,152635,Net Banking,Online
5054,2026-11-09,C2284,Monitor,Electronics,Central,8,18533,148264,UPI,Online
5055,2026-10-15,C1455,Laptop,Electronics,Central,8,65633,525064,Debit Card,Online
5056,2026-09-17,C1541,Keyboard,Accessories,North,5,2916,14580,UPI,Store
5057,2026-06-08,C2558,Office Chair,Furniture,North,10,9631,96310,Credit Card,Distributor
5058,2026-01-13,C1776,Headphones,Accessories,West,10,3604,36040,Credit Card,Distributor
5059,2026-09-17,C2230,Office Chair,Furniture,East,4,10660,42640,Net Banking,Online
5060,2026-05-31,C1410,Laptop,Electronics,West,7,56827,397789,Net Banking,Distributor
5061,2026-02-17,C1471,Tablet,Electronics,North,3,32520,97560,UPI,Online
5062,2026-07-16,C2966,Laptop,Electronics,Central,1,65701,65701,Credit Card,Store
5063,2026-09-18,C1992,Headphones,Accessories,Central,7,4247,29729,Net Banking,Store
5064,2026-11-26,C2784,Mobile,Electronics,North,10,24802,248020,Debit Card,Store
5065,2026-09-08,C2509,Headphones,Accessories,East,9,4119,37071,Credit Card,Distributor
5066,2026-08-08,C2831,Keyboard,Accessories,Central,4,2903,11612,UPI,Distributor
5067,2026-07-02,C1177,Desk,Furniture,East,6,14216,85296,Net Banking,Distributor
5068,2026-10-01,C2452,Office Chair,Furniture,South,8,9647,77176,Credit Card,Online
5069,2026-12-30,C1748,Desk,Furniture,North,2,13819,27638,Debit Card,Store
5070,2026-02-25,C1286,Laptop,Electronics,North,1,63432,63432,Credit Card,Distributor
5071,2026-07-11,C2303,Headphones,Accessories,North,6,3953,23718,Cash,Store
5072,2026-03-08,C2668,Printer,Office,Northeast,5,11579,57895,Credit Card,Online
5073,2026-06-11,C1319,Mouse,Accessories,Central,6,1626,9756,Debit Card,Store
5074,2026-12-13,C2578,Tablet,Electronics,Central,3,28610,85830,Net Banking,Distributor
5075,2026-07-14,C1320,Printer,Office,West,4,11832,47328,Debit Card,Online
5076,2026-03-14,C2106,Laptop,Electronics,Northeast,8,63127,505016,Net Banking,Online
5077,2026-02-28,C1257,Desk,Furniture,West,3,13819,41457,Debit Card,Store
5078,2026-07-18,C1413,Headphones,Accessories,Central,10,4223,42230,Net Banking,Distributor
5079,2026-04-27,C2157,Mouse,Accessories,West,7,1640,11480,Debit Card,Distributor
5080,2026-01-22,C1842,Headphones,Accessories,Central,2,4313,8626,Net Banking,Store
5081,2026-04-30,C1163,Office Chair,Furniture,Central,1,10344,10344,Credit Card,Store
5082,2026-09-19,C2815,Keyboard,Accessories,North,1,3038,3038,Debit Card,Store
5083,2026-02-24,C2866,Keyboard,Accessories,West,2,3211,6422,Net Banking,Distributor
5084,2026-01-28,C2798,Headphones,Accessories,West,9,3739,33651,Credit Card,Online
5085,2026-05-02,C1346,Mouse,Accessories,East,8,1557,12456,Cash,Store
5086,2026-12-15,C2875,Mobile,Electronics,East,3,26868,80604,Debit Card,Store
5087,2026-12-31,C2344,Desk,Furniture,North,10,16250,162500,Cash,Store
5088,2026-03-04,C2991,Desk,Furniture,East,7,14823,103761,Cash,Store
5089,2026-01-25,C1897,Desk,Furniture,West,4,13665,54660,Debit Card,Online
5090,2026-03-22,C2361,Mouse,Accessories,West,3,1620,4860,Cash,Store
5091,2026-01-01,C1370,Office Chair,Furniture,North,1,9028,9028,UPI,Online
5092,2026-07-05,C1514,Printer,Office,North,6,12525,75150,UPI,Online
5093,2026-12-07,C1430,Monitor,Electronics,North,5,21650,108250,Net Banking,Distributor
5094,2026-04-21,C2236,Mobile,Electronics,South,9,25449,229041,Net Banking,Store
5095,2026-04-22,C1077,Mobile,Electronics,Central,6,24991,149946,Net Banking,Online
5096,2026-01-23,C1226,Mobile,Electronics,North,7,23724,166068,Debit Card,Distributor
5097,2026-03-23,C1092,Headphones,Accessories,Northeast,7,4052,28364,Credit Card,Online
5098,2026-03-01,C1104,Tablet,Electronics,East,5,29650,148250,Credit Card,Store
5099,2026-07-31,C1278,Monitor,Electronics,Northeast,8,21508,172064,Cash,Online
5100,2026-05-09,C2870,Keyboard,Accessories,Central,4,3010,12040,Credit Card,Store
5101,2026-03-23,C1860,Mobile,Electronics,Central,10,24636,246360,Debit Card,Distributor
5102,2026-03-13,C2928,Laptop,Electronics,Central,5,56829,284145,Net Banking,Store
5103,2026-11-18,C2483,Printer,Office,East,10,11119,111190,Credit Card,Store
5104,2026-04-17,C1717,Laptop,Electronics,Central,4,61533,246132,Cash,Online
5105,2026-10-17,C1940,Mouse,Accessories,Northeast,2,1400,2800,UPI,Distributor
5106,2026-05-15,C1976,Mobile,Electronics,North,8,24459,195672,UPI,Store
5107,2026-09-07,C1952,Headphones,Accessories,West,1,3768,3768,UPI,Online
5108,2026-06-04,C1503,Headphones,Accessories,Northeast,7,3890,27230,UPI,Distributor
5109,2026-12-13,C1784,Mobile,Electronics,Northeast,6,22802,136812,Debit Card,Store
5110,2026-05-05,C2146,Keyboard,Accessories,East,8,3126,25008,UPI,Distributor
5111,2026-12-12,C2121,Desk,Furniture,Central,4,15019,60076,UPI,Distributor
5112,2026-08-30,C2013,Tablet,Electronics,Northeast,4,32253,129012,Credit Card,Store
5113,2026-04-21,C2656,Mouse,Accessories,Central,5,1528,7640,UPI,Online
5114,2026-08-10,C1259,Desk,Furniture,Northeast,1,16235,16235,Net Banking,Store
5115,2026-12-22,C1850,Keyboard,Accessories,North,8,3053,24424,Net Banking,Online
5116,2026-06-04,C2316,Tablet,Electronics,West,6,30327,181962,Debit Card,Distributor
5117,2026-07-28,C2092,Mobile,Electronics,West,9,26222,235998,UPI,Online
5118,2026-07-06,C2281,Printer,Office,North,7,13183,92281,Cash,Online
5119,2026-09-14,C2107,Mobile,Electronics,West,4,26314,105256,Credit Card,Store
5120,2026-07-07,C2296,Headphones,Accessories,East,4,3767,15068,UPI,Distributor
5121,2026-05-02,C1957,Desk,Furniture,West,3,14114,42342,Credit Card,Store
5122,2026-04-14,C1360,Headphones,Accessories,Northeast,8,3779,30232,Credit Card,Distributor
5123,2026-10-19,C2667,Laptop,Electronics,West,4,65848,263392,Credit Card,Online
5124,2026-04-06,C2162,Monitor,Electronics,Central,6,19311,115866,Credit Card,Store
5125,2026-05-23,C1240,Headphones,Accessories,North,7,4384,30688,Net Banking,Distributor
5126,2026-07-14,C1741,Laptop,Electronics,West,7,55263,386841,UPI,Online
5127,2026-01-05,C1504,Keyboard,Accessories,West,8,2947,23576,Debit Card,Distributor
5128,2026-08-11,C2448,Printer,Office,Central,3,10807,32421,Cash,Online
5129,2026-12-28,C2423,Laptop,Electronics,West,9,55497,499473,Credit Card,Online
5130,2026-09-26,C2976,Headphones,Accessories,West,8,3822,30576,Debit Card,Online
5131,2026-03-08,C1828,Laptop,Electronics,Central,9,58412,525708,Net Banking,Online
5132,2026-02-15,C1161,Laptop,Electronics,Central,1,58823,58823,Credit Card,Distributor
5133,2026-06-11,C1036,Office Chair,Furniture,South,1,9360,9360,Debit Card,Store
5134,2026-05-23,C1042,Mobile,Electronics,North,5,25988,129940,Credit Card,Online
5135,2026-12-26,C1096,Headphones,Accessories,Central,8,4053,32424,Credit Card,Distributor
5136,2026-04-10,C1233,Mobile,Electronics,Central,6,27039,162234,Cash,Distributor
5137,2026-04-25,C1561,Desk,Furniture,Central,5,14579,72895,Cash,Online
5138,2026-07-02,C1020,Tablet,Electronics,East,8,32758,262064,UPI,Online
5139,2026-09-13,C2215,Desk,Furniture,Central,1,16016,16016,UPI,Distributor
5140,2026-12-04,C2493,Printer,Office,South,4,11136,44544,Debit Card,Online
5141,2026-09-01,C2555,Mouse,Accessories,North,2,1461,2922,Credit Card,Store
5142,2026-07-09,C1869,Tablet,Electronics,South,1,29235,29235,Credit Card,Store
5143,2026-08-29,C1986,Mobile,Electronics,South,9,24958,224622,Credit Card,Distributor
5144,2026-04-08,C2600,Headphones,Accessories,West,9,4008,36072,Credit Card,Store
5145,2026-03-18,C2203,Laptop,Electronics,East,2,59101,118202,Cash,Store
5146,2026-08-07,C1748,Tablet,Electronics,North,2,30669,61338,Debit Card,Online
5147,2026-12-20,C1750,Office Chair,Furniture,North,6,10977,65862,Cash,Store
5148,2026-05-06,C2003,Keyboard,Accessories,West,4,2917,11668,Cash,Distributor
5149,2026-05-13,C2161,Keyboard,Accessories,South,6,3040,18240,Credit Card,Store
5150,2026-11-08,C1977,Printer,Office,South,4,12375,49500,Net Banking,Distributor
5151,2026-05-23,C1405,Tablet,Electronics,Central,10,32178,321780,Cash,Store
5152,2026-07-15,C2844,Mouse,Accessories,Central,10,1395,13950,Net Banking,Store
5153,2026-03-11,C1947,Desk,Furniture,Northeast,5,13965,69825,Cash,Distributor
5154,2026-02-18,C1012,Mouse,Accessories,East,8,1575,12600,Debit Card,Store
5155,2026-02-08,C2439,Mobile,Electronics,Central,8,25857,206856,Debit Card,Distributor
5156,2026-07-28,C2749,Laptop,Electronics,East,7,61341,429387,Credit Card,Online
5157,2026-03-04,C1866,Laptop,Electronics,Northeast,1,58744,58744,Cash,Store
5158,2026-06-21,C2720,Headphones,Accessories,Central,6,4034,24204,Net Banking,Distributor
5159,2026-11-15,C1369,Headphones,Accessories,East,7,4068,28476,Debit Card,Online
5160,2026-09-13,C1866,Tablet,Electronics,East,10,32171,321710,Debit Card,Distributor
5161,2026-09-04,C2291,Mobile,Electronics,East,6,23676,142056,UPI,Store
5162,2026-12-04,C1455,Laptop,Electronics,South,7,60409,422863,Cash,Distributor
5163,2026-01-08,C1970,Keyboard,Accessories,South,6,3224,19344,Debit Card,Online
5164,2026-10-08,C1628,Printer,Office,Central,6,10992,65952,Cash,Store
5165,2026-07-31,C2682,Keyboard,Accessories,East,6,2881,17286,UPI,Online
5166,2026-05-27,C2128,Printer,Office,North,10,12159,121590,UPI,Online
5167,2026-03-01,C2702,Mouse,Accessories,South,2,1638,3276,Net Banking,Store
5168,2026-11-05,C2132,Tablet,Electronics,Northeast,6,27870,167220,Debit Card,Online
5169,2026-01-07,C2195,Laptop,Electronics,Central,5,60036,300180,Cash,Distributor
5170,2026-03-11,C2660,Laptop,Electronics,West,8,65409,523272,Debit Card,Distributor
5171,2026-11-09,C1593,Keyboard,Accessories,East,6,2990,17940,Cash,Online
5172,2026-02-07,C2777,Desk,Furniture,Northeast,2,15282,30564,Credit Card,Distributor
5173,2026-11-13,C2851,Office Chair,Furniture,North,7,9512,66584,Debit Card,Distributor
5174,2026-01-02,C2264,Laptop,Electronics,South,2,62949,125898,Debit Card,Store
5175,2026-05-04,C2696,Headphones,Accessories,South,5,4107,20535,Credit Card,Distributor
5176,2026-09-03,C1672,Mobile,Electronics,Northeast,9,23048,207432,UPI,Store
5177,2026-03-19,C2459,Headphones,Accessories,Central,9,4046,36414,Debit Card,Store
5178,2026-02-23,C1325,Tablet,Electronics,Northeast,6,32155,192930,Debit Card,Store
5179,2026-02-07,C2609,Mouse,Accessories,Central,2,1476,2952,Net Banking,Store
5180,2026-12-13,C2441,Headphones,Accessories,East,7,4090,28630,Debit Card,Store
5181,2026-08-28,C1352,Mouse,Accessories,North,2,1520,3040,Credit Card,Store
5182,2026-07-29,C2842,Monitor,Electronics,East,7,19797,138579,UPI,Online
5183,2026-09-02,C2166,Headphones,Accessories,North,4,4196,16784,UPI,Store
5184,2026-07-18,C1447,Mobile,Electronics,Central,8,27437,219496,Net Banking,Online
5185,2026-04-28,C1792,Mobile,Electronics,Northeast,5,25043,125215,Net Banking,Store
5186,2026-02-01,C1393,Mobile,Electronics,Central,6,27089,162534,Debit Card,Online
5187,2026-06-20,C2622,Keyboard,Accessories,Northeast,3,3039,9117,Debit Card,Distributor
5188,2026-03-10,C2965,Desk,Furniture,Central,7,14976,104832,Debit Card,Online
5189,2026-01-25,C1470,Tablet,Electronics,South,8,27172,217376,Credit Card,Distributor
5190,2026-08-27,C1654,Headphones,Accessories,North,3,4158,12474,Net Banking,Store
5191,2026-07-26,C2905,Monitor,Electronics,West,7,19191,134337,Credit Card,Online
5192,2026-04-16,C2859,Keyboard,Accessories,South,2,3185,6370,UPI,Distributor
5193,2026-02-28,C1108,Keyboard,Accessories,Northeast,1,3153,3153,Credit Card,Store
5194,2026-07-11,C2517,Headphones,Accessories,Central,6,4209,25254,Net Banking,Distributor
5195,2026-08-12,C1863,Headphones,Accessories,North,7,4107,28749,UPI,Distributor
5196,2026-05-04,C1904,Office Chair,Furniture,Northeast,5,10680,53400,Net Banking,Distributor
5197,2026-01-31,C2385,Mouse,Accessories,West,1,1397,1397,Credit Card,Distributor
5198,2026-07-05,C2589,Laptop,Electronics,Central,6,62475,374850,UPI,Distributor
5199,2026-12-18,C1975,Office Chair,Furniture,West,4,9513,38052,Net Banking,Store
5200,2026-03-26,C2257,Headphones,Accessories,South,2,4153,8306,Cash,Distributor
5201,2026-10-11,C2941,Headphones,Accessories,North,7,3803,26621,Cash,Store
5202,2026-04-23,C1021,Office Chair,Furniture,West,1,10661,10661,Net Banking,Store
5203,2026-06-11,C2050,Desk,Furniture,South,10,14061,140610,Credit Card,Online
5204,2026-03-27,C1586,Headphones,Accessories,South,4,3720,14880,Cash,Online
5205,2026-08-19,C1393,Laptop,Electronics,North,2,65565,131130,Debit Card,Store
5206,2026-09-02,C1431,Printer,Office,West,4,12924,51696,Debit Card,Online
5207,2026-04-12,C1492,Headphones,Accessories,West,7,4046,28322,Net Banking,Store
5208,2026-11-17,C1712,Desk,Furniture,South,4,16107,64428,Cash,Store
5209,2026-02-03,C2443,Mouse,Accessories,West,5,1628,8140,Credit Card,Distributor
5210,2026-08-06,C2862,Monitor,Electronics,West,9,21795,196155,Cash,Store
5211,2026-08-19,C2172,Tablet,Electronics,East,9,27613,248517,Cash,Store
5212,2026-07-07,C2336,Tablet,Electronics,West,3,31975,95925,Net Banking,Online
5213,2026-02-12,C1686,Headphones,Accessories,East,4,3652,14608,Net Banking,Store
5214,2026-01-03,C1617,Keyboard,Accessories,Central,7,3002,21014,Cash,Distributor
5215,2026-09-17,C1491,Printer,Office,South,7,10913,76391,Cash,Distributor
5216,2026-11-03,C2367,Laptop,Electronics,South,9,60428,543852,UPI,Distributor
5217,2026-01-28,C1045,Printer,Office,Central,10,11808,118080,UPI,Store
5218,2026-12-29,C2557,Printer,Office,Central,6,12662,75972,Net Banking,Distributor
5219,2026-03-21,C2596,Laptop,Electronics,East,5,57354,286770,UPI,Online
5220,2026-01-31,C1202,Headphones,Accessories,West,1,3726,3726,Debit Card,Distributor
5221,2026-09-21,C2030,Printer,Office,Northeast,2,11425,22850,Cash,Distributor
5222,2026-11-04,C1832,Office Chair,Furniture,North,8,10181,81448,Net Banking,Online
5223,2026-07-03,C1559,Laptop,Electronics,West,1,58425,58425,Net Banking,Store
5224,2026-07-09,C2619,Printer,Office,North,9,11830,106470,Debit Card,Online
5225,2026-02-14,C1795,Headphones,Accessories,North,6,4017,24102,Net Banking,Store
5226,2026-08-23,C2068,Laptop,Electronics,West,9,65988,593892,Net Banking,Online
5227,2026-03-26,C1510,Mobile,Electronics,East,7,23357,163499,Debit Card,Distributor
5228,2026-09-25,C2994,Monitor,Electronics,Northeast,8,18658,149264,Cash,Online
5229,2026-04-27,C1250,Printer,Office,North,4,12765,51060,Net Banking,Online
5230,2026-01-25,C1865,Keyboard,Accessories,South,1,3135,3135,Credit Card,Distributor
5231,2026-09-07,C2800,Mouse,Accessories,West,8,1490,11920,Debit Card,Store
5232,2026-01-30,C2834,Office Chair,Furniture,South,4,9236,36944,Cash,Store
5233,2026-12-14,C2076,Keyboard,Accessories,East,1,3055,3055,Net Banking,Online
5234,2026-07-26,C1195,Desk,Furniture,East,3,13833,41499,UPI,Store
5235,2026-03-25,C2559,Laptop,Electronics,Northeast,9,61922,557298,Debit Card,Store
5236,2026-01-24,C2221,Monitor,Electronics,Northeast,1,20652,20652,Credit Card,Store
5237,2026-09-25,C2277,Keyboard,Accessories,South,6,3053,18318,Debit Card,Online
5238,2026-03-22,C2499,Tablet,Electronics,North,3,28383,85149,Credit Card,Store
5239,2026-03-01,C2534,Printer,Office,West,6,12094,72564,Cash,Store
5240,2026-03-21,C1490,Monitor,Electronics,West,2,18906,37812,Credit Card,Online
5241,2026-05-19,C1064,Mouse,Accessories,South,2,1375,2750,UPI,Store
5242,2026-04-22,C1295,Mobile,Electronics,Central,5,26664,133320,Net Banking,Online
5243,2026-04-30,C1010,Laptop,Electronics,East,10,59369,593690,UPI,Online
5244,2026-08-22,C1298,Headphones,Accessories,South,5,3929,19645,Net Banking,Store
5245,2026-02-24,C1473,Laptop,Electronics,East,7,59217,414519,UPI,Distributor
5246,2026-09-02,C2005,Headphones,Accessories,West,3,4375,13125,Credit Card,Distributor
5247,2026-01-16,C2546,Mouse,Accessories,Northeast,10,1527,15270,Credit Card,Store
5248,2026-09-02,C1668,Mobile,Electronics,South,10,24520,245200,Credit Card,Online
5249,2026-02-26,C2140,Desk,Furniture,West,4,13959,55836,Net Banking,Online
5250,2026-01-13,C1451,Desk,Furniture,North,10,14532,145320,Cash,Online
5251,2026-12-23,C2883,Printer,Office,East,10,12457,124570,Credit Card,Store
5252,2026-11-02,C2753,Desk,Furniture,South,4,14958,59832,Net Banking,Online
5253,2026-06-27,C2537,Laptop,Electronics,South,6,62100,372600,Credit Card,Distributor
5254,2026-08-12,C2985,Mouse,Accessories,Northeast,4,1597,6388,Debit Card,Distributor
5255,2026-04-14,C1028,Headphones,Accessories,Northeast,4,3687,14748,UPI,Distributor
5256,2026-06-12,C1805,Keyboard,Accessories,Northeast,6,3137,18822,Net Banking,Store
5257,2026-04-27,C1956,Office Chair,Furniture,Central,6,9675,58050,Credit Card,Distributor
5258,2026-03-17,C1971,Mouse,Accessories,Central,4,1423,5692,Debit Card,Online
5259,2026-01-17,C1624,Printer,Office,West,6,12906,77436,UPI,Distributor
5260,2026-12-28,C1185,Laptop,Electronics,North,5,56608,283040,Cash,Online
5261,2026-03-03,C2823,Tablet,Electronics,West,6,30729,184374,Credit Card,Distributor
5262,2026-06-07,C2157,Printer,Office,Northeast,4,11000,44000,UPI,Online
5263,2026-03-19,C1432,Mobile,Electronics,Central,7,26966,188762,Debit Card,Distributor
5264,2026-06-05,C2572,Headphones,Accessories,West,7,3990,27930,UPI,Distributor
5265,2026-10-20,C1620,Keyboard,Accessories,East,2,2877,5754,Cash,Online
5266,2026-08-04,C2611,Laptop,Electronics,South,8,59291,474328,Debit Card,Distributor
5267,2026-09-14,C2465,Mouse,Accessories,Central,2,1580,3160,Net Banking,Store
5268,2026-02-03,C1731,Mobile,Electronics,Central,2,24562,49124,Net Banking,Online
5269,2026-06-06,C2513,Laptop,Electronics,East,5,58574,292870,Debit Card,Distributor
5270,2026-08-10,C2443,Mobile,Electronics,West,9,23079,207711,Net Banking,Distributor
5271,2026-02-04,C1355,Keyboard,Accessories,South,10,2746,27460,Cash,Online
5272,2026-11-29,C1426,Tablet,Electronics,Northeast,7,29573,207011,Debit Card,Online
5273,2026-01-05,C2944,Keyboard,Accessories,North,7,3038,21266,Debit Card,Online
5274,2026-04-07,C1368,Monitor,Electronics,North,1,18975,18975,Debit Card,Distributor
5275,2026-04-15,C1398,Mobile,Electronics,East,4,22779,91116,Credit Card,Store
5276,2026-02-06,C2878,Office Chair,Furniture,Central,6,10156,60936,Cash,Store
5277,2026-08-04,C2289,Desk,Furniture,Central,1,15751,15751,Debit Card,Online
5278,2026-10-24,C2395,Mobile,Electronics,West,10,24964,249640,Debit Card,Online
5279,2026-12-13,C2964,Mobile,Electronics,North,10,22825,228250,Debit Card,Store
5280,2026-04-12,C2963,Printer,Office,South,5,12508,62540,Net Banking,Distributor
5281,2026-12-17,C2731,Office Chair,Furniture,North,8,9285,74280,Credit Card,Online
5282,2026-10-30,C1349,Desk,Furniture,Central,3,16161,48483,UPI,Store
5283,2026-06-08,C1559,Mouse,Accessories,East,5,1464,7320,Cash,Distributor
5284,2026-06-22,C1118,Printer,Office,West,7,10892,76244,Net Banking,Store
5285,2026-04-18,C2052,Desk,Furniture,West,6,15891,95346,Debit Card,Store
5286,2026-07-18,C2783,Mouse,Accessories,East,2,1567,3134,Debit Card,Distributor
5287,2026-03-31,C1859,Printer,Office,North,4,12311,49244,Credit Card,Store
5288,2026-08-20,C1273,Laptop,Electronics,Northeast,7,59982,419874,Credit Card,Store
5289,2026-07-08,C2783,Laptop,Electronics,North,8,58873,470984,Debit Card,Store
5290,2026-07-28,C2152,Desk,Furniture,Northeast,1,14064,14064,Credit Card,Distributor
5291,2026-07-13,C1059,Laptop,Electronics,South,9,56137,505233,Debit Card,Distributor
5292,2026-01-06,C1774,Laptop,Electronics,North,1,62527,62527,Cash,Distributor
5293,2026-12-08,C2979,Keyboard,Accessories,East,9,2802,25218,Net Banking,Distributor
5294,2026-02-04,C1865,Mobile,Electronics,Northeast,1,22757,22757,UPI,Distributor
5295,2026-10-06,C1147,Tablet,Electronics,North,6,32766,196596,Credit Card,Distributor
5296,2026-04-26,C2395,Mouse,Accessories,Central,5,1533,7665,Debit Card,Store
5297,2026-01-30,C2283,Printer,Office,West,7,11153,78071,UPI,Distributor
5298,2026-06-29,C2043,Headphones,Accessories,Northeast,9,4254,38286,Cash,Store
5299,2026-04-22,C2890,Laptop,Electronics,North,7,65782,460474,UPI,Online
5300,2026-08-23,C2855,Keyboard,Accessories,North,1,3073,3073,UPI,Store
5301,2026-12-01,C2325,Mobile,Electronics,North,5,24200,121000,Credit Card,Distributor
5302,2026-04-18,C2131,Printer,Office,South,8,12850,102800,UPI,Store
5303,2026-06-23,C1592,Office Chair,Furniture,North,2,9327,18654,Debit Card,Store
5304,2026-12-31,C1076,Keyboard,Accessories,Central,8,3069,24552,Cash,Store
5305,2026-03-17,C1783,Printer,Office,Northeast,3,12475,37425,Net Banking,Online
5306,2026-04-13,C2641,Printer,Office,Northeast,10,12988,129880,Credit Card,Online
5307,2026-07-04,C2307,Monitor,Electronics,South,2,18024,36048,Cash,Online
5308,2026-10-23,C2260,Mouse,Accessories,West,3,1456,4368,Debit Card,Store
5309,2026-03-08,C1954,Keyboard,Accessories,South,4,3005,12020,UPI,Online
5310,2026-07-14,C2868,Laptop,Electronics,East,2,65005,130010,Net Banking,Online
5311,2026-04-24,C1389,Laptop,Electronics,Northeast,3,59345,178035,Credit Card,Distributor
5312,2026-01-17,C2292,Laptop,Electronics,Northeast,5,65393,326965,Debit Card,Distributor
5313,2026-01-11,C2797,Tablet,Electronics,Central,4,27575,110300,Debit Card,Online
5314,2026-12-22,C2858,Keyboard,Accessories,East,9,3038,27342,Net Banking,Distributor
5315,2026-02-17,C1888,Headphones,Accessories,Central,5,4262,21310,UPI,Distributor
5316,2026-09-12,C1016,Mobile,Electronics,Northeast,6,23760,142560,Cash,Store
5317,2026-12-23,C1380,Office Chair,Furniture,South,4,9091,36364,Debit Card,Online
5318,2026-03-29,C1264,Laptop,Electronics,Northeast,9,54928,494352,Net Banking,Distributor
5319,2026-01-03,C1459,Laptop,Electronics,East,5,61582,307910,Net Banking,Distributor
5320,2026-04-20,C1105,Laptop,Electronics,South,3,58817,176451,Debit Card,Distributor
5321,2026-08-01,C1026,Printer,Office,North,5,13156,65780,UPI,Store
5322,2026-09-12,C1072,Printer,Office,Central,8,12255,98040,UPI,Distributor
5323,2026-12-16,C1723,Keyboard,Accessories,Northeast,5,3011,15055,Debit Card,Online
5324,2026-03-22,C1623,Keyboard,Accessories,North,3,3265,9795,Debit Card,Store
5325,2026-12-13,C2958,Headphones,Accessories,West,9,4368,39312,Credit Card,Online
5326,2026-12-09,C2322,Desk,Furniture,South,1,14933,14933,UPI,Store
5327,2026-10-23,C2616,Office Chair,Furniture,North,4,9882,39528,Cash,Distributor
5328,2026-05-18,C1068,Headphones,Accessories,West,7,4141,28987,Credit Card,Online
5329,2026-02-06,C1684,Monitor,Electronics,Northeast,2,21862,43724,Net Banking,Distributor
5330,2026-05-03,C1853,Desk,Furniture,East,9,14714,132426,Debit Card,Store
5331,2026-12-31,C1908,Tablet,Electronics,East,3,28222,84666,Net Banking,Store
5332,2026-01-15,C2082,Printer,Office,East,10,11564,115640,Credit Card,Online
5333,2026-04-25,C2718,Printer,Office,Central,8,11954,95632,Net Banking,Store
5334,2026-09-20,C1254,Mouse,Accessories,South,5,1478,7390,Debit Card,Online
5335,2026-12-19,C2375,Mouse,Accessories,West,5,1638,8190,Net Banking,Store
5336,2026-06-09,C2719,Mouse,Accessories,Northeast,8,1413,11304,Cash,Store
5337,2026-04-07,C2723,Tablet,Electronics,Central,5,28685,143425,UPI,Online
5338,2026-06-18,C1351,Office Chair,Furniture,South,5,10895,54475,Cash,Store
5339,2026-05-20,C1931,Monitor,Electronics,South,1,20652,20652,Net Banking,Store
5340,2026-03-07,C1589,Desk,Furniture,Central,6,13789,82734,Debit Card,Online
5341,2026-07-24,C2008,Keyboard,Accessories,West,10,2906,29060,UPI,Distributor
5342,2026-11-22,C2980,Printer,Office,West,8,11842,94736,Credit Card,Distributor
5343,2026-04-04,C2261,Laptop,Electronics,Northeast,1,62458,62458,Cash,Store
5344,2026-07-23,C1715,Tablet,Electronics,South,6,30297,181782,Net Banking,Online
5345,2026-09-27,C1227,Printer,Office,East,10,11296,112960,Credit Card,Distributor
5346,2026-02-19,C2460,Tablet,Electronics,North,1,30868,30868,UPI,Store
5347,2026-03-28,C2743,Headphones,Accessories,East,5,3686,18430,Net Banking,Online
5348,2026-07-29,C2693,Laptop,Electronics,South,8,61241,489928,Cash,Store
5349,2026-05-31,C1657,Mobile,Electronics,North,5,24808,124040,Net Banking,Store
5350,2026-02-06,C2842,Desk,Furniture,West,6,15775,94650,Credit Card,Online
5351,2026-10-22,C2010,Headphones,Accessories,West,9,3699,33291,Cash,Store
5352,2026-01-10,C2565,Laptop,Electronics,Central,8,65406,523248,Net Banking,Store
5353,2026-10-09,C2084,Mouse,Accessories,South,3,1454,4362,UPI,Distributor
5354,2026-03-24,C1432,Headphones,Accessories,North,7,4341,30387,Credit Card,Store
5355,2026-07-03,C1579,Mobile,Electronics,Northeast,8,23866,190928,UPI,Distributor
5356,2026-08-26,C1183,Desk,Furniture,West,1,15108,15108,Debit Card,Store
5357,2026-06-01,C1402,Desk,Furniture,Central,4,14075,56300,Credit Card,Online
5358,2026-11-18,C1889,Keyboard,Accessories,Northeast,4,3258,13032,Credit Card,Online
5359,2026-12-14,C2647,Printer,Office,North,4,12466,49864,UPI,Online
5360,2026-04-06,C2244,Desk,Furniture,North,3,15221,45663,UPI,Store
5361,2026-10-11,C2581,Printer,Office,North,7,11196,78372,Credit Card,Distributor
5362,2026-05-07,C2020,Headphones,Accessories,Central,3,4036,12108,Debit Card,Store
5363,2026-12-14,C1833,Desk,Furniture,Central,9,15325,137925,Debit Card,Store
5364,2026-01-11,C1230,Laptop,Electronics,South,8,65275,522200,UPI,Distributor
5365,2026-08-04,C2762,Tablet,Electronics,South,8,29790,238320,UPI,Distributor
5366,2026-03-02,C2508,Office Chair,Furniture,East,10,9951,99510,Cash,Online
5367,2026-07-03,C1670,Mouse,Accessories,West,3,1470,4410,Cash,Store
5368,2026-01-05,C1797,Headphones,Accessories,West,8,4397,35176,Cash,Online
5369,2026-03-20,C1690,Tablet,Electronics,West,3,32947,98841,UPI,Distributor
5370,2026-06-13,C2139,Mobile,Electronics,South,4,22825,91300,Net Banking,Online
5371,2026-07-30,C1710,Headphones,Accessories,West,2,4060,8120,Net Banking,Distributor
5372,2026-09-02,C1459,Laptop,Electronics,West,2,63850,127700,Debit Card,Distributor
5373,2026-04-03,C1857,Laptop,Electronics,West,1,57022,57022,Credit Card,Store
5374,2026-01-16,C2899,Keyboard,Accessories,North,10,3168,31680,UPI,Store
5375,2026-04-17,C1139,Mobile,Electronics,South,8,23929,191432,Net Banking,Online
5376,2026-01-02,C2661,Headphones,Accessories,North,8,4360,34880,Cash,Online
5377,2026-12-19,C1885,Desk,Furniture,West,4,15918,63672,Credit Card,Online
5378,2026-07-22,C2027,Mobile,Electronics,South,6,26841,161046,UPI,Online
5379,2026-07-09,C2687,Tablet,Electronics,North,6,31670,190020,Cash,Online
5380,2026-05-24,C2416,Office Chair,Furniture,North,7,10964,76748,Debit Card,Distributor
5381,2026-04-27,C1517,Mouse,Accessories,Northeast,10,1641,16410,UPI,Store
5382,2026-03-23,C1307,Keyboard,Accessories,Central,7,2758,19306,Debit Card,Distributor
5383,2026-11-23,C1956,Tablet,Electronics,Central,6,30249,181494,Net Banking,Store
5384,2026-04-15,C1303,Office Chair,Furniture,North,8,10675,85400,UPI,Store
5385,2026-06-21,C1302,Monitor,Electronics,West,5,20802,104010,Debit Card,Online
5386,2026-06-17,C1857,Headphones,Accessories,South,3,3769,11307,Credit Card,Store
5387,2026-09-27,C2923,Printer,Office,South,8,11609,92872,Net Banking,Store
5388,2026-03-14,C2450,Keyboard,Accessories,Central,8,2821,22568,UPI,Distributor
5389,2026-03-03,C1468,Monitor,Electronics,Central,8,19476,155808,Cash,Store
5390,2026-06-20,C1617,Mobile,Electronics,South,5,25998,129990,UPI,Online
5391,2026-03-30,C1822,Printer,Office,Central,6,12601,75606,Net Banking,Store
5392,2026-02-15,C2003,Mouse,Accessories,West,8,1526,12208,UPI,Distributor
5393,2026-05-15,C1202,Headphones,Accessories,Central,9,4031,36279,Debit Card,Store
5394,2026-11-06,C2731,Desk,Furniture,Northeast,2,16109,32218,Cash,Distributor
5395,2026-08-25,C1742,Tablet,Electronics,Central,8,27213,217704,Net Banking,Distributor
5396,2026-01-06,C2317,Monitor,Electronics,East,3,20038,60114,Debit Card,Store
5397,2026-04-05,C1975,Laptop,Electronics,Central,1,60569,60569,Credit Card,Store
5398,2026-07-04,C1248,Tablet,Electronics,North,4,32229,128916,Cash,Distributor
5399,2026-06-25,C1933,Mouse,Accessories,West,10,1627,16270,Cash,Distributor
5400,2026-01-01,C1737,Keyboard,Accessories,North,5,3135,15675,Net Banking,Online
5401,2026-10-20,C2869,Keyboard,Accessories,Central,2,2833,5666,Credit Card,Online
5402,2026-06-25,C1626,Printer,Office,Northeast,9,12638,113742,Credit Card,Store
5403,2026-10-25,C2965,Desk,Furniture,Central,4,14287,57148,Credit Card,Distributor
5404,2026-06-25,C2064,Tablet,Electronics,North,1,29893,29893,UPI,Distributor
5405,2026-11-30,C1128,Printer,Office,East,5,11631,58155,Net Banking,Store
5406,2026-10-27,C1545,Mobile,Electronics,South,8,24684,197472,UPI,Online
5407,2026-08-27,C2896,Office Chair,Furniture,Northeast,1,9441,9441,Credit Card,Online
5408,2026-03-15,C1437,Mouse,Accessories,West,1,1634,1634,UPI,Online
5409,2026-01-08,C2348,Mobile,Electronics,North,2,26112,52224,UPI,Store
5410,2026-11-26,C2471,Laptop,Electronics,Northeast,2,64091,128182,Credit Card,Distributor
5411,2026-12-05,C1901,Printer,Office,West,5,11134,55670,Net Banking,Distributor
5412,2026-07-04,C1838,Laptop,Electronics,Central,3,59376,178128,Debit Card,Store
5413,2026-10-28,C1079,Printer,Office,South,6,11808,70848,Net Banking,Distributor
5414,2026-04-30,C2892,Keyboard,Accessories,Central,4,2730,10920,Debit Card,Store
5415,2026-03-09,C2937,Headphones,Accessories,West,5,3745,18725,Cash,Distributor
5416,2026-11-26,C2644,Headphones,Accessories,West,3,3789,11367,UPI,Distributor
5417,2026-01-01,C1542,Tablet,Electronics,Northeast,2,30584,61168,UPI,Distributor
5418,2026-06-02,C2270,Mobile,Electronics,East,7,24038,168266,Credit Card,Distributor
5419,2026-05-28,C2404,Mouse,Accessories,Central,6,1426,8556,Cash,Store
5420,2026-04-21,C1848,Headphones,Accessories,West,9,3921,35289,Credit Card,Distributor
5421,2026-07-20,C1430,Mouse,Accessories,West,5,1544,7720,Net Banking,Online
5422,2026-11-30,C1058,Monitor,Electronics,Northeast,6,18762,112572,Cash,Distributor
5423,2026-04-17,C2228,Mouse,Accessories,North,3,1352,4056,Cash,Distributor
5424,2026-12-11,C1319,Headphones,Accessories,East,4,4024,16096,Credit Card,Distributor
5425,2026-09-14,C2362,Office Chair,Furniture,West,4,9260,37040,Debit Card,Distributor
5426,2026-10-07,C2154,Headphones,Accessories,Central,6,4046,24276,Debit Card,Store
5427,2026-11-19,C2340,Monitor,Electronics,West,7,18637,130459,UPI,Online
5428,2026-10-06,C1781,Headphones,Accessories,Central,6,4198,25188,Cash,Distributor
5429,2026-07-30,C1973,Printer,Office,Northeast,7,13017,91119,Credit Card,Distributor
5430,2026-04-21,C2391,Printer,Office,Central,5,12895,64475,Cash,Distributor
5431,2026-11-05,C2806,Desk,Furniture,Central,4,14170,56680,Credit Card,Online
5432,2026-09-05,C1483,Desk,Furniture,North,10,13760,137600,Net Banking,Online
5433,2026-04-21,C1492,Office Chair,Furniture,South,8,9810,78480,Debit Card,Store
5434,2026-02-19,C2924,Mouse,Accessories,South,5,1449,7245,Cash,Store
5435,2026-12-15,C1777,Tablet,Electronics,East,7,32119,224833,Debit Card,Online
5436,2026-08-22,C1012,Headphones,Accessories,South,7,4387,30709,Net Banking,Distributor
5437,2026-03-12,C1754,Monitor,Electronics,Northeast,9,20972,188748,Credit Card,Distributor
5438,2026-02-08,C1813,Headphones,Accessories,West,3,4118,12354,Net Banking,Store
5439,2026-03-10,C2379,Mouse,Accessories,Central,10,1412,14120,UPI,Online
5440,2026-02-22,C2296,Mobile,Electronics,South,9,24801,223209,Net Banking,Store
5441,2026-01-21,C1890,Office Chair,Furniture,Northeast,5,10427,52135,Credit Card,Distributor
5442,2026-02-24,C1756,Monitor,Electronics,East,4,18645,74580,Cash,Distributor
5443,2026-05-14,C1842,Laptop,Electronics,Northeast,7,63635,445445,Credit Card,Store
5444,2026-10-13,C1952,Laptop,Electronics,West,6,64987,389922,Net Banking,Store
5445,2026-09-06,C2604,Mobile,Electronics,North,9,23342,210078,Debit Card,Store
5446,2026-06-03,C1165,Keyboard,Accessories,Northeast,10,3250,32500,Credit Card,Store
5447,2026-08-28,C2383,Keyboard,Accessories,East,1,2990,2990,Credit Card,Online
5448,2026-11-17,C2625,Keyboard,Accessories,Central,3,2832,8496,Debit Card,Distributor
5449,2026-10-08,C2545,Keyboard,Accessories,Central,3,2868,8604,Credit Card,Online
5450,2026-06-28,C2332,Desk,Furniture,North,9,15293,137637,Net Banking,Online
5451,2026-01-02,C1393,Laptop,Electronics,North,4,64967,259868,Net Banking,Store
5452,2026-10-27,C2868,Tablet,Electronics,North,10,30719,307190,Net Banking,Online
5453,2026-01-14,C1291,Laptop,Electronics,South,5,55735,278675,Net Banking,Online
5454,2026-06-04,C1093,Monitor,Electronics,West,10,20550,205500,Debit Card,Store
5455,2026-05-24,C2745,Desk,Furniture,Central,10,15016,150160,Net Banking,Distributor
5456,2026-05-20,C1681,Keyboard,Accessories,South,8,2827,22616,UPI,Store
5457,2026-03-09,C1142,Mouse,Accessories,South,7,1389,9723,UPI,Store
5458,2026-05-18,C1080,Office Chair,Furniture,Northeast,6,10217,61302,UPI,Store
5459,2026-11-30,C2083,Printer,Office,Central,7,12178,85246,Net Banking,Online
5460,2026-02-08,C2610,Mobile,Electronics,Northeast,8,24480,195840,Net Banking,Store
5461,2026-10-10,C1083,Headphones,Accessories,Northeast,10,3614,36140,Debit Card,Distributor
5462,2026-11-16,C1457,Desk,Furniture,East,3,15799,47397,Cash,Online
5463,2026-05-09,C2771,Printer,Office,East,6,11763,70578,Debit Card,Online
5464,2026-12-16,C1962,Printer,Office,Central,5,12422,62110,Net Banking,Online
5465,2026-10-03,C2246,Printer,Office,Central,9,11724,105516,Debit Card,Online
5466,2026-01-23,C2686,Mobile,Electronics,West,9,22829,205461,UPI,Online
5467,2026-05-30,C1526,Printer,Office,North,5,10888,54440,Net Banking,Online
5468,2026-01-09,C2244,Keyboard,Accessories,Central,2,3159,6318,Debit Card,Store
5469,2026-11-01,C1707,Tablet,Electronics,West,2,32153,64306,UPI,Distributor
5470,2026-02-17,C1913,Mouse,Accessories,Central,6,1629,9774,Net Banking,Distributor
5471,2026-09-13,C2579,Laptop,Electronics,Central,3,54170,162510,Credit Card,Online
5472,2026-11-12,C1347,Headphones,Accessories,East,2,3979,7958,Net Banking,Online
5473,2026-10-23,C2987,Mouse,Accessories,North,7,1596,11172,UPI,Distributor
5474,2026-09-16,C2446,Tablet,Electronics,South,1,32826,32826,UPI,Online
5475,2026-03-14,C2474,Laptop,Electronics,North,5,63737,318685,Cash,Distributor
5476,2026-11-10,C1439,Monitor,Electronics,North,2,20746,41492,Debit Card,Online
5477,2026-06-29,C1015,Monitor,Electronics,West,4,18607,74428,Cash,Online
5478,2026-06-19,C2802,Desk,Furniture,South,9,13780,124020,Debit Card,Online
5479,2026-01-12,C1569,Printer,Office,East,9,11487,103383,Credit Card,Online
5480,2026-11-28,C1221,Keyboard,Accessories,East,2,2891,5782,Debit Card,Store
5481,2026-11-09,C1717,Mouse,Accessories,West,2,1438,2876,Credit Card,Distributor
5482,2026-01-15,C1673,Printer,Office,East,1,13034,13034,Credit Card,Online
5483,2026-02-15,C2765,Headphones,Accessories,Northeast,10,3929,39290,Credit Card,Online
5484,2026-04-22,C2098,Office Chair,Furniture,South,8,10404,83232,Cash,Distributor
5485,2026-03-09,C1756,Monitor,Electronics,Northeast,2,19657,39314,Credit Card,Distributor
5486,2026-02-02,C2103,Laptop,Electronics,West,5,63505,317525,Debit Card,Online
5487,2026-03-15,C2081,Desk,Furniture,West,1,14726,14726,Credit Card,Online
5488,2026-01-10,C2992,Tablet,Electronics,Central,6,30961,185766,UPI,Store
5489,2026-06-22,C1625,Mobile,Electronics,Central,7,23420,163940,Credit Card,Store
5490,2026-07-29,C2718,Office Chair,Furniture,North,3,9346,28038,Net Banking,Online
5491,2026-07-16,C2233,Desk,Furniture,North,9,14413,129717,UPI,Online
5492,2026-03-07,C1358,Keyboard,Accessories,Northeast,3,2914,8742,Credit Card,Distributor
5493,2026-11-21,C1493,Mouse,Accessories,North,1,1615,1615,Cash,Online
5494,2026-02-28,C2708,Office Chair,Furniture,East,7,10751,75257,Credit Card,Online
5495,2026-06-19,C2416,Mobile,Electronics,West,5,25159,125795,Debit Card,Distributor
5496,2026-11-23,C1127,Headphones,Accessories,East,10,3891,38910,Debit Card,Online
5497,2026-04-08,C2480,Printer,Office,East,8,13034,104272,UPI,Online
5498,2026-09-19,C1080,Mouse,Accessories,South,9,1444,12996,UPI,Online
5499,2026-08-01,C1992,Laptop,Electronics,North,3,57743,173229,Net Banking,Store
5500,2026-05-02,C1191,Mouse,Accessories,Northeast,7,1520,10640,Net Banking,Store
5501,2026-12-19,C1165,Laptop,Electronics,Northeast,10,56412,564120,Cash,Distributor
5502,2026-05-28,C1189,Office Chair,Furniture,North,7,10537,73759,Cash,Online
5503,2026-04-26,C1299,Desk,Furniture,West,2,15568,31136,Debit Card,Distributor
5504,2026-01-07,C1115,Mobile,Electronics,Northeast,10,24390,243900,Debit Card,Store
5505,2026-03-23,C2488,Mouse,Accessories,South,7,1495,10465,Net Banking,Online
5506,2026-07-15,C2603,Headphones,Accessories,South,9,3885,34965,Credit Card,Distributor
5507,2026-04-17,C1758,Mouse,Accessories,Northeast,5,1454,7270,Cash,Online
5508,2026-08-01,C2284,Laptop,Electronics,South,9,55090,495810,Debit Card,Distributor
5509,2026-04-13,C1140,Monitor,Electronics,East,7,20804,145628,UPI,Store
5510,2026-08-01,C1355,Tablet,Electronics,Central,1,27934,27934,Credit Card,Distributor
5511,2026-05-02,C1218,Office Chair,Furniture,North,6,10640,63840,Cash,Distributor
5512,2026-11-26,C1592,Mouse,Accessories,South,6,1608,9648,Debit Card,Distributor
5513,2026-02-05,C2774,Office Chair,Furniture,Central,2,10681,21362,Cash,Online
5514,2026-10-17,C2170,Keyboard,Accessories,Central,4,3084,12336,Credit Card,Distributor
5515,2026-11-10,C2399,Mobile,Electronics,West,3,24608,73824,Debit Card,Online
5516,2026-12-04,C2452,Mobile,Electronics,Central,5,24559,122795,UPI,Online
5517,2026-05-01,C1914,Tablet,Electronics,North,4,28746,114984,UPI,Online
5518,2026-07-02,C1720,Keyboard,Accessories,South,2,2773,5546,Net Banking,Distributor
5519,2026-04-16,C2244,Mobile,Electronics,Central,4,26292,105168,Cash,Distributor
5520,2026-02-03,C1494,Tablet,Electronics,South,5,29997,149985,Debit Card,Store
5521,2026-08-06,C2798,Monitor,Electronics,Northeast,5,21334,106670,Cash,Online
5522,2026-10-06,C1049,Office Chair,Furniture,East,10,9886,98860,Cash,Distributor
5523,2026-06-03,C2443,Mouse,Accessories,North,7,1412,9884,UPI,Distributor
5524,2026-02-02,C1821,Tablet,Electronics,Central,8,32250,258000,Net Banking,Online
5525,2026-09-30,C1237,Desk,Furniture,Central,3,15442,46326,Cash,Online
5526,2026-03-27,C2745,Tablet,Electronics,East,3,29739,89217,UPI,Distributor
5527,2026-09-21,C2274,Printer,Office,South,7,12397,86779,Debit Card,Distributor
5528,2026-09-08,C1916,Office Chair,Furniture,Northeast,3,10524,31572,UPI,Store
5529,2026-05-29,C2658,Office Chair,Furniture,Central,5,10499,52495,Net Banking,Online
5530,2026-02-18,C2983,Office Chair,Furniture,West,10,9362,93620,Net Banking,Online
5531,2026-07-20,C1179,Laptop,Electronics,Northeast,3,57362,172086,Cash,Online
5532,2026-05-28,C1031,Keyboard,Accessories,Central,4,3136,12544,Net Banking,Store
5533,2026-09-03,C1696,Printer,Office,North,7,12232,85624,Credit Card,Store
5534,2026-09-29,C2693,Headphones,Accessories,Central,10,3881,38810,Debit Card,Store
5535,2026-04-10,C1220,Printer,Office,East,4,10824,43296,Cash,Distributor
5536,2026-04-27,C1522,Tablet,Electronics,Central,8,28174,225392,Credit Card,Distributor
5537,2026-06-08,C1677,Laptop,Electronics,Central,3,64644,193932,Credit Card,Store
5538,2026-05-05,C1795,Tablet,Electronics,Northeast,2,31420,62840,Cash,Distributor
5539,2026-11-19,C2272,Mobile,Electronics,South,2,26001,52002,UPI,Store
5540,2026-04-27,C2833,Mobile,Electronics,East,6,24620,147720,Debit Card,Distributor
5541,2026-06-16,C1979,Tablet,Electronics,South,1,28126,28126,Debit Card,Store
5542,2026-01-09,C2509,Mouse,Accessories,Central,7,1451,10157,UPI,Online
5543,2026-08-11,C1982,Headphones,Accessories,Central,1,3972,3972,Debit Card,Online
5544,2026-03-27,C1174,Mouse,Accessories,South,7,1430,10010,UPI,Store
5545,2026-01-21,C1176,Headphones,Accessories,Northeast,6,3681,22086,Cash,Store
5546,2026-01-30,C2033,Printer,Office,Northeast,2,11259,22518,Credit Card,Store
5547,2026-10-20,C2090,Mouse,Accessories,Central,6,1398,8388,Net Banking,Online
5548,2026-05-12,C2425,Mobile,Electronics,Northeast,4,25509,102036,Net Banking,Online
5549,2026-10-08,C2808,Laptop,Electronics,Central,9,62011,558099,Net Banking,Distributor
5550,2026-11-05,C1825,Office Chair,Furniture,Central,7,9245,64715,Net Banking,Online
5551,2026-07-03,C1087,Mobile,Electronics,Central,8,25713,205704,UPI,Distributor
5552,2026-10-21,C2256,Office Chair,Furniture,Central,5,9518,47590,Debit Card,Store
5553,2026-07-17,C1569,Printer,Office,South,8,11033,88264,Debit Card,Online
5554,2026-04-17,C2373,Printer,Office,South,10,11840,118400,Credit Card,Store
5555,2026-11-17,C2326,Headphones,Accessories,North,5,3717,18585,Net Banking,Distributor
5556,2026-03-16,C2678,Mobile,Electronics,South,9,23253,209277,Debit Card,Distributor
5557,2026-09-16,C2015,Laptop,Electronics,East,10,64011,640110,Credit Card,Distributor
5558,2026-06-11,C1442,Monitor,Electronics,Northeast,5,18723,93615,Debit Card,Distributor
5559,2026-08-09,C2877,Laptop,Electronics,East,3,64481,193443,Net Banking,Online
5560,2026-01-17,C2107,Monitor,Electronics,Northeast,9,20740,186660,Net Banking,Distributor
5561,2026-09-20,C1671,Headphones,Accessories,South,1,4235,4235,Credit Card,Distributor
5562,2026-04-02,C2455,Mouse,Accessories,North,5,1462,7310,Debit Card,Store
5563,2026-09-23,C2159,Office Chair,Furniture,North,8,10406,83248,UPI,Online
5564,2026-10-19,C2686,Tablet,Electronics,West,5,31949,159745,Cash,Online
5565,2026-04-18,C1028,Laptop,Electronics,South,1,57054,57054,Debit Card,Online
5566,2026-04-10,C2827,Printer,Office,West,9,12025,108225,Debit Card,Store
5567,2026-08-18,C2101,Mouse,Accessories,West,8,1356,10848,UPI,Distributor
5568,2026-12-26,C1388,Headphones,Accessories,South,3,3723,11169,Debit Card,Online
5569,2026-04-05,C2925,Mobile,Electronics,West,4,26977,107908,UPI,Distributor
5570,2026-10-14,C1960,Mobile,Electronics,South,10,23873,238730,UPI,Store
5571,2026-03-24,C2487,Headphones,Accessories,South,6,4086,24516,Debit Card,Online
5572,2026-08-02,C1182,Printer,Office,West,3,10974,32922,Cash,Store
5573,2026-01-07,C1822,Keyboard,Accessories,West,7,3020,21140,Cash,Distributor
5574,2026-01-06,C2380,Mobile,Electronics,West,6,27258,163548,Credit Card,Distributor
5575,2026-08-20,C2748,Mouse,Accessories,Central,2,1431,2862,Cash,Distributor
5576,2026-09-07,C2224,Laptop,Electronics,Northeast,6,58843,353058,Debit Card,Online
5577,2026-09-03,C1631,Mouse,Accessories,East,6,1427,8562,Net Banking,Store
5578,2026-05-12,C1436,Office Chair,Furniture,Central,2,10759,21518,Net Banking,Online
5579,2026-11-07,C1143,Desk,Furniture,North,6,15467,92802,UPI,Distributor
5580,2026-08-19,C2464,Mobile,Electronics,Central,3,25022,75066,Credit Card,Online
5581,2026-09-01,C1520,Office Chair,Furniture,South,6,9229,55374,Net Banking,Distributor
5582,2026-12-07,C2203,Printer,Office,West,9,13036,117324,Credit Card,Online
5583,2026-11-22,C1374,Printer,Office,East,2,12749,25498,Cash,Distributor
5584,2026-11-26,C1020,Desk,Furniture,Central,5,16063,80315,Net Banking,Distributor
5585,2026-06-10,C1986,Desk,Furniture,West,4,13884,55536,UPI,Online
5586,2026-02-27,C1520,Tablet,Electronics,South,4,30984,123936,Debit Card,Store
5587,2026-09-16,C2739,Desk,Furniture,South,10,15422,154220,Debit Card,Store
5588,2026-04-12,C1837,Desk,Furniture,Northeast,1,15841,15841,UPI,Store
5589,2026-12-18,C2675,Tablet,Electronics,Northeast,10,32619,326190,Cash,Distributor
5590,2026-04-18,C2006,Mobile,Electronics,West,3,25847,77541,Cash,Store
5591,2026-08-24,C1936,Monitor,Electronics,Northeast,2,18767,37534,Debit Card,Online
5592,2026-03-14,C2779,Mouse,Accessories,South,2,1599,3198,Net Banking,Store
5593,2026-06-08,C1254,Mouse,Accessories,South,2,1604,3208,Debit Card,Store
5594,2026-05-12,C1790,Desk,Furniture,South,9,15399,138591,Cash,Store
5595,2026-09-22,C2992,Tablet,Electronics,South,4,31823,127292,Net Banking,Store
5596,2026-04-13,C1619,Tablet,Electronics,East,1,27605,27605,UPI,Distributor
5597,2026-10-29,C1270,Mobile,Electronics,East,3,24838,74514,UPI,Online
5598,2026-03-12,C1830,Mouse,Accessories,East,9,1479,13311,Debit Card,Distributor
5599,2026-07-21,C1215,Mobile,Electronics,South,10,22628,226280,Cash,Store
5600,2026-05-01,C1838,Laptop,Electronics,West,8,61947,495576,UPI,Distributor
5601,2026-10-12,C2471,Laptop,Electronics,East,5,61341,306705,Cash,Store
5602,2026-09-22,C1144,Office Chair,Furniture,Central,2,9560,19120,UPI,Distributor
5603,2026-08-02,C1989,Desk,Furniture,Central,10,15597,155970,Net Banking,Online
5604,2026-05-13,C2265,Monitor,Electronics,West,7,18007,126049,Cash,Store
5605,2026-01-12,C1869,Desk,Furniture,South,4,14613,58452,UPI,Online
5606,2026-02-19,C2254,Mouse,Accessories,East,2,1445,2890,Net Banking,Store
5607,2026-07-15,C2312,Laptop,Electronics,North,5,64445,322225,Debit Card,Store
5608,2026-07-31,C2752,Monitor,Electronics,Northeast,7,21576,151032,Cash,Distributor
5609,2026-07-22,C1845,Headphones,Accessories,North,9,4134,37206,Cash,Online
5610,2026-07-10,C1223,Mouse,Accessories,South,9,1378,12402,UPI,Store
5611,2026-04-11,C1608,Office Chair,Furniture,Northeast,5,10501,52505,Cash,Distributor
5612,2026-04-22,C1090,Desk,Furniture,South,4,14832,59328,Credit Card,Distributor
5613,2026-11-23,C1624,Mouse,Accessories,West,5,1519,7595,Net Banking,Online
5614,2026-08-01,C1622,Printer,Office,Central,4,12350,49400,Net Banking,Distributor
5615,2026-04-10,C1601,Desk,Furniture,Northeast,2,13546,27092,Credit Card,Store
5616,2026-05-05,C2865,Tablet,Electronics,Northeast,6,29467,176802,Debit Card,Store
5617,2026-06-16,C2063,Desk,Furniture,North,4,13540,54160,Cash,Online
5618,2026-06-21,C2340,Laptop,Electronics,East,8,57487,459896,Net Banking,Online
5619,2026-09-07,C2130,Monitor,Electronics,Northeast,7,21964,153748,Debit Card,Store
5620,2026-03-16,C1917,Keyboard,Accessories,Central,4,3210,12840,Credit Card,Distributor
5621,2026-12-21,C2940,Headphones,Accessories,Central,1,4299,4299,Debit Card,Online
5622,2026-02-02,C1761,Monitor,Electronics,Northeast,9,20190,181710,Debit Card,Online
5623,2026-02-05,C2416,Desk,Furniture,Northeast,7,14717,103019,Cash,Online
5624,2026-07-01,C2364,Printer,Office,South,9,12159,109431,Cash,Online
5625,2026-08-02,C2793,Monitor,Electronics,Northeast,5,19641,98205,Net Banking,Online
5626,2026-10-06,C1648,Monitor,Electronics,South,8,21379,171032,UPI,Store
5627,2026-01-06,C2121,Mobile,Electronics,North,10,27150,271500,Cash,Online
5628,2026-02-28,C2534,Office Chair,Furniture,East,10,9543,95430,Net Banking,Distributor
5629,2026-12-12,C1147,Headphones,Accessories,North,4,3848,15392,Credit Card,Store
5630,2026-12-01,C1642,Printer,Office,South,9,11993,107937,Debit Card,Online
5631,2026-10-06,C2672,Headphones,Accessories,South,6,3772,22632,Net Banking,Distributor
5632,2026-03-26,C2904,Laptop,Electronics,West,10,55820,558200,Debit Card,Store
5633,2026-02-14,C1395,Laptop,Electronics,East,10,64629,646290,UPI,Distributor
5634,2026-06-27,C1839,Printer,Office,West,7,11496,80472,Credit Card,Store
5635,2026-07-09,C2454,Laptop,Electronics,North,10,63930,639300,Debit Card,Store
5636,2026-11-11,C2538,Monitor,Electronics,South,10,18078,180780,Debit Card,Store
5637,2026-05-25,C2645,Office Chair,Furniture,West,7,9336,65352,Debit Card,Store
5638,2026-03-26,C2830,Tablet,Electronics,North,6,30205,181230,Debit Card,Online
5639,2026-10-23,C2178,Mouse,Accessories,West,4,1552,6208,Cash,Online
5640,2026-07-17,C1142,Monitor,Electronics,Central,7,18719,131033,Debit Card,Online
5641,2026-04-11,C1094,Monitor,Electronics,Northeast,10,18925,189250,Cash,Online
5642,2026-05-04,C1422,Office Chair,Furniture,East,8,10918,87344,Credit Card,Store
5643,2026-12-10,C2871,Mouse,Accessories,East,8,1548,12384,Net Banking,Online
5644,2026-11-21,C2744,Tablet,Electronics,Central,7,29618,207326,Cash,Store
5645,2026-12-05,C2745,Monitor,Electronics,North,1,18694,18694,UPI,Distributor
5646,2026-02-19,C2186,Monitor,Electronics,West,9,19204,172836,Credit Card,Store
5647,2026-03-23,C1106,Printer,Office,East,10,10842,108420,UPI,Store
5648,2026-11-15,C1810,Keyboard,Accessories,North,4,3029,12116,Cash,Distributor
5649,2026-10-24,C2858,Headphones,Accessories,Northeast,4,3827,15308,Cash,Store
5650,2026-06-08,C2425,Tablet,Electronics,South,3,30403,91209,Debit Card,Online
5651,2026-12-11,C2762,Office Chair,Furniture,Central,2,10556,21112,Credit Card,Store
5652,2026-11-05,C2642,Headphones,Accessories,South,8,4347,34776,Debit Card,Online
5653,2026-12-10,C1835,Monitor,Electronics,South,2,19902,39804,Debit Card,Store
5654,2026-02-21,C1299,Keyboard,Accessories,West,7,3152,22064,Debit Card,Online
5655,2026-01-10,C2870,Monitor,Electronics,North,10,21507,215070,Debit Card,Store
5656,2026-03-11,C1749,Tablet,Electronics,West,7,28411,198877,Cash,Store
5657,2026-04-07,C2263,Printer,Office,West,4,12531,50124,UPI,Store
5658,2026-08-03,C2522,Tablet,Electronics,North,8,29312,234496,Debit Card,Online
5659,2026-11-09,C1318,Headphones,Accessories,West,5,4114,20570,Cash,Distributor
5660,2026-08-11,C2396,Desk,Furniture,South,8,14879,119032,UPI,Online
5661,2026-10-29,C1422,Office Chair,Furniture,North,9,9589,86301,UPI,Distributor
5662,2026-02-10,C2037,Office Chair,Furniture,West,8,10333,82664,Debit Card,Online
5663,2026-01-11,C1724,Monitor,Electronics,North,1,19592,19592,Net Banking,Distributor
5664,2026-08-10,C1544,Mobile,Electronics,Northeast,9,26883,241947,UPI,Store
5665,2026-08-21,C2669,Headphones,Accessories,North,6,4076,24456,Net Banking,Distributor
5666,2026-08-29,C1365,Laptop,Electronics,West,4,60635,242540,Net Banking,Online
5667,2026-12-20,C2650,Laptop,Electronics,South,9,58491,526419,Cash,Store
5668,2026-12-18,C2732,Laptop,Electronics,Central,8,62111,496888,UPI,Distributor
5669,2026-10-13,C1987,Office Chair,Furniture,West,8,9137,73096,Cash,Distributor
5670,2026-11-13,C1538,Office Chair,Furniture,South,8,9850,78800,Net Banking,Online
5671,2026-08-15,C1929,Tablet,Electronics,Central,1,29181,29181,Net Banking,Online
5672,2026-12-01,C1105,Laptop,Electronics,Central,3,65247,195741,Debit Card,Online
5673,2026-02-25,C1304,Mouse,Accessories,South,3,1589,4767,UPI,Distributor
5674,2026-08-16,C2980,Headphones,Accessories,West,2,3974,7948,UPI,Distributor
5675,2026-03-17,C1191,Office Chair,Furniture,West,1,9388,9388,Cash,Online
5676,2026-08-06,C1923,Mouse,Accessories,West,6,1588,9528,Cash,Online
5677,2026-12-30,C1807,Printer,Office,South,1,13163,13163,Debit Card,Store
5678,2026-05-27,C2197,Printer,Office,West,3,12161,36483,Credit Card,Online
5679,2026-03-21,C1703,Laptop,Electronics,Central,7,65561,458927,UPI,Online
5680,2026-03-17,C1870,Keyboard,Accessories,East,2,2775,5550,Net Banking,Store
5681,2026-05-23,C1713,Monitor,Electronics,West,8,20939,167512,Credit Card,Store
5682,2026-02-19,C2251,Office Chair,Furniture,North,3,10316,30948,Credit Card,Online
5683,2026-05-23,C1723,Headphones,Accessories,South,10,3857,38570,Credit Card,Store
5684,2026-06-06,C2996,Mouse,Accessories,South,8,1628,13024,Debit Card,Distributor
5685,2026-01-23,C1932,Headphones,Accessories,Central,7,3719,26033,Debit Card,Distributor
5686,2026-05-09,C2975,Desk,Furniture,Central,9,15739,141651,UPI,Online
5687,2026-06-01,C2538,Headphones,Accessories,South,5,4278,21390,Cash,Store
5688,2026-10-30,C1196,Printer,Office,Northeast,10,11717,117170,UPI,Store
5689,2026-08-10,C2914,Monitor,Electronics,Northeast,8,18624,148992,Net Banking,Store
5690,2026-09-04,C1119,Keyboard,Accessories,South,3,2971,8913,UPI,Distributor
5691,2026-12-02,C2961,Monitor,Electronics,West,9,18400,165600,Credit Card,Online
5692,2026-04-09,C1360,Mouse,Accessories,South,8,1607,12856,Debit Card,Distributor
5693,2026-04-02,C1037,Office Chair,Furniture,Central,7,9555,66885,UPI,Online
5694,2026-11-18,C1422,Tablet,Electronics,West,3,29303,87909,Net Banking,Store
5695,2026-01-03,C2266,Office Chair,Furniture,East,5,9144,45720,UPI,Store
5696,2026-12-22,C2208,Mouse,Accessories,North,6,1468,8808,UPI,Distributor
5697,2026-07-13,C2178,Keyboard,Accessories,West,9,2731,24579,Cash,Online
5698,2026-03-12,C2117,Keyboard,Accessories,West,7,2834,19838,Cash,Store
5699,2026-06-17,C2455,Monitor,Electronics,North,4,19407,77628,Credit Card,Distributor
5700,2026-12-03,C1936,Tablet,Electronics,East,10,32974,329740,UPI,Store
5701,2026-08-05,C1451,Laptop,Electronics,Northeast,10,58203,582030,Debit Card,Store
5702,2026-03-12,C1256,Tablet,Electronics,South,4,30504,122016,Debit Card,Online
5703,2026-10-17,C1296,Printer,Office,Central,2,11310,22620,UPI,Store
5704,2026-08-31,C1121,Mouse,Accessories,North,5,1389,6945,Net Banking,Distributor
5705,2026-09-08,C1116,Keyboard,Accessories,Central,6,3293,19758,Net Banking,Store
5706,2026-11-01,C1438,Laptop,Electronics,North,5,62351,311755,Net Banking,Online
5707,2026-03-25,C1113,Desk,Furniture,South,10,13827,138270,Credit Card,Store
5708,2026-02-24,C1285,Laptop,Electronics,South,7,63714,445998,Cash,Distributor
5709,2026-06-16,C2938,Keyboard,Accessories,North,6,3063,18378,Debit Card,Distributor
5710,2026-09-18,C2028,Keyboard,Accessories,Northeast,6,2879,17274,UPI,Distributor
5711,2026-09-14,C2470,Headphones,Accessories,South,7,4253,29771,Credit Card,Store
5712,2026-11-22,C1559,Mobile,Electronics,Central,9,25236,227124,UPI,Online
5713,2026-08-21,C2378,Keyboard,Accessories,Northeast,1,3111,3111,Credit Card,Distributor
5714,2026-02-16,C1039,Mobile,Electronics,Central,9,25026,225234,Cash,Distributor
5715,2026-08-09,C1710,Mouse,Accessories,Central,4,1421,5684,Net Banking,Distributor
5716,2026-01-15,C1396,Tablet,Electronics,East,4,27866,111464,Debit Card,Store
5717,2026-02-25,C1243,Mouse,Accessories,West,4,1627,6508,Cash,Distributor
5718,2026-10-18,C1394,Keyboard,Accessories,Central,9,2742,24678,Credit Card,Distributor
5719,2026-04-23,C1548,Mobile,Electronics,Northeast,1,26032,26032,Net Banking,Distributor
5720,2026-06-28,C1338,Monitor,Electronics,North,4,20700,82800,UPI,Online
5721,2026-11-28,C2728,Tablet,Electronics,South,8,27365,218920,UPI,Store
5722,2026-02-19,C1139,Tablet,Electronics,South,10,27040,270400,Cash,Online
5723,2026-11-07,C1535,Mobile,Electronics,Northeast,1,27323,27323,Net Banking,Distributor
5724,2026-09-03,C2445,Mouse,Accessories,East,6,1586,9516,Credit Card,Store
5725,2026-06-04,C2065,Mobile,Electronics,North,10,26529,265290,Net Banking,Store
5726,2026-11-16,C2771,Tablet,Electronics,North,6,29060,174360,Debit Card,Store
5727,2026-10-31,C1418,Laptop,Electronics,West,7,65181,456267,UPI,Online
5728,2026-02-25,C1794,Tablet,Electronics,North,7,32323,226261,Credit Card,Distributor
5729,2026-07-08,C2633,Laptop,Electronics,East,5,59065,295325,Debit Card,Distributor
5730,2026-03-14,C2264,Headphones,Accessories,North,10,3917,39170,Credit Card,Online
5731,2026-02-19,C2200,Desk,Furniture,North,6,13784,82704,Credit Card,Store
5732,2026-07-21,C1416,Desk,Furniture,East,2,16091,32182,Credit Card,Online
5733,2026-10-24,C2373,Laptop,Electronics,Central,8,55485,443880,Debit Card,Online
5734,2026-11-14,C1340,Monitor,Electronics,Northeast,8,20500,164000,Net Banking,Store
5735,2026-03-12,C2709,Keyboard,Accessories,East,4,2987,11948,UPI,Online
5736,2026-11-30,C2978,Tablet,Electronics,Northeast,4,27395,109580,Net Banking,Store
5737,2026-02-03,C2470,Headphones,Accessories,Northeast,8,4387,35096,Cash,Distributor
5738,2026-10-11,C2474,Headphones,Accessories,South,5,4183,20915,Cash,Store
5739,2026-06-06,C2354,Laptop,Electronics,Central,2,56379,112758,UPI,Store
5740,2026-04-15,C2470,Desk,Furniture,North,2,14637,29274,Debit Card,Online
5741,2026-10-11,C2348,Tablet,Electronics,North,10,31832,318320,Debit Card,Store
5742,2026-05-07,C2390,Desk,Furniture,South,5,14595,72975,UPI,Distributor
5743,2026-05-20,C2773,Printer,Office,West,7,10872,76104,Cash,Online
5744,2026-12-22,C2207,Monitor,Electronics,West,9,18290,164610,Cash,Store
5745,2026-09-17,C1572,Printer,Office,Central,1,11339,11339,UPI,Online
5746,2026-09-23,C1559,Laptop,Electronics,Northeast,9,55722,501498,UPI,Online
5747,2026-03-30,C2837,Headphones,Accessories,Northeast,7,3678,25746,Cash,Store
5748,2026-01-30,C2810,Mobile,Electronics,East,8,24171,193368,Cash,Store
5749,2026-04-21,C1448,Monitor,Electronics,South,7,20530,143710,Credit Card,Store
5750,2026-10-10,C2794,Printer,Office,Northeast,4,11900,47600,Net Banking,Distributor
5751,2026-02-19,C1903,Mobile,Electronics,East,5,22593,112965,UPI,Store
5752,2026-12-07,C1884,Tablet,Electronics,Central,6,29526,177156,Debit Card,Distributor
5753,2026-05-14,C1196,Mouse,Accessories,Northeast,5,1569,7845,Debit Card,Online
5754,2026-06-08,C2992,Tablet,Electronics,South,1,27785,27785,Net Banking,Distributor
5755,2026-08-03,C1138,Mouse,Accessories,Central,3,1470,4410,Net Banking,Store
5756,2026-09-23,C2437,Office Chair,Furniture,Central,5,9415,47075,Credit Card,Distributor
5757,2026-02-23,C1302,Keyboard,Accessories,East,7,2822,19754,Credit Card,Store
5758,2026-12-11,C1220,Tablet,Electronics,West,4,29851,119404,Cash,Store
5759,2026-07-14,C2993,Mobile,Electronics,North,5,25951,129755,Cash,Store
5760,2026-01-06,C2410,Headphones,Accessories,North,5,3889,19445,Net Banking,Online
5761,2026-10-20,C2524,Keyboard,Accessories,Central,4,3095,12380,UPI,Distributor
5762,2026-07-13,C1940,Tablet,Electronics,West,9,30985,278865,UPI,Distributor
5763,2026-07-30,C2491,Monitor,Electronics,East,6,20146,120876,UPI,Distributor
5764,2026-07-27,C1889,Office Chair,Furniture,Northeast,6,10855,65130,Net Banking,Distributor
5765,2026-07-19,C2762,Headphones,Accessories,East,10,3607,36070,Cash,Store
5766,2026-01-18,C2081,Headphones,Accessories,West,1,4400,4400,Cash,Distributor
5767,2026-09-23,C2763,Monitor,Electronics,East,2,20524,41048,Credit Card,Store
5768,2026-05-14,C2269,Mouse,Accessories,East,9,1460,13140,Debit Card,Distributor
5769,2026-09-21,C2618,Tablet,Electronics,North,7,31187,218309,Debit Card,Distributor
5770,2026-02-16,C2934,Monitor,Electronics,East,7,19709,137963,Debit Card,Store
5771,2026-07-30,C1545,Printer,Office,Central,5,11126,55630,Net Banking,Distributor
5772,2026-03-04,C1001,Monitor,Electronics,Northeast,7,19821,138747,Cash,Store
5773,2026-10-28,C1143,Headphones,Accessories,Northeast,5,4294,21470,Net Banking,Store
5774,2026-01-15,C2196,Mobile,Electronics,Central,4,27309,109236,Credit Card,Distributor
5775,2026-11-17,C1149,Laptop,Electronics,West,4,61721,246884,Net Banking,Store
5776,2026-02-04,C2255,Headphones,Accessories,Northeast,8,4171,33368,Net Banking,Store
5777,2026-03-15,C1858,Printer,Office,South,9,11627,104643,Net Banking,Distributor
5778,2026-10-12,C2330,Mouse,Accessories,Northeast,7,1546,10822,UPI,Store
5779,2026-01-20,C1332,Printer,Office,Central,2,12324,24648,Net Banking,Distributor
5780,2026-09-05,C1398,Monitor,Electronics,South,4,20004,80016,Net Banking,Online
5781,2026-03-02,C1478,Keyboard,Accessories,North,8,3155,25240,Net Banking,Online
5782,2026-01-26,C2555,Laptop,Electronics,West,4,57329,229316,Cash,Distributor
5783,2026-07-07,C1990,Headphones,Accessories,Central,9,4030,36270,Net Banking,Distributor
5784,2026-05-14,C1899,Monitor,Electronics,South,9,18630,167670,UPI,Online
5785,2026-05-03,C1275,Headphones,Accessories,North,10,3848,38480,Cash,Distributor
5786,2026-10-05,C2147,Desk,Furniture,West,8,14590,116720,Debit Card,Distributor
5787,2026-10-20,C1504,Keyboard,Accessories,Northeast,7,2989,20923,Cash,Store
5788,2026-09-28,C2018,Office Chair,Furniture,North,4,10878,43512,Cash,Distributor
5789,2026-04-24,C1381,Printer,Office,North,6,13034,78204,Credit Card,Online
5790,2026-09-05,C1091,Desk,Furniture,Central,1,16430,16430,UPI,Store
5791,2026-11-05,C2159,Mobile,Electronics,West,6,25692,154152,Debit Card,Online
5792,2026-05-31,C1665,Printer,Office,South,6,11168,67008,Net Banking,Online
5793,2026-01-27,C2783,Office Chair,Furniture,South,6,9269,55614,Cash,Online
5794,2026-08-03,C1679,Laptop,Electronics,Northeast,4,61349,245396,UPI,Store
5795,2026-06-18,C2173,Keyboard,Accessories,North,7,2782,19474,Cash,Online
5796,2026-03-17,C2966,Mouse,Accessories,East,2,1386,2772,Net Banking,Online
5797,2026-09-30,C1060,Office Chair,Furniture,Central,5,10208,51040,Cash,Distributor
5798,2026-11-06,C1047,Office Chair,Furniture,South,6,9766,58596,Credit Card,Online
5799,2026-05-12,C1430,Office Chair,Furniture,East,6,9182,55092,Net Banking,Online
5800,2026-02-02,C2617,Mouse,Accessories,Central,10,1633,16330,Cash,Distributor
5801,2026-10-17,C2806,Printer,Office,Northeast,4,11736,46944,Credit Card,Distributor
5802,2026-04-29,C2026,Keyboard,Accessories,East,9,2823,25407,Credit Card,Online
5803,2026-07-29,C2632,Laptop,Electronics,Northeast,2,64095,128190,Credit Card,Online
5804,2026-04-20,C1730,Laptop,Electronics,South,6,65539,393234,Debit Card,Online
5805,2026-06-01,C2602,Tablet,Electronics,South,4,27639,110556,Net Banking,Online
5806,2026-03-20,C1530,Monitor,Electronics,East,3,20202,60606,Net Banking,Distributor
5807,2026-03-19,C1950,Laptop,Electronics,South,1,63130,63130,Debit Card,Online
5808,2026-07-22,C1448,Tablet,Electronics,South,3,31332,93996,Net Banking,Online
5809,2026-05-18,C2500,Office Chair,Furniture,West,5,9448,47240,UPI,Online
5810,2026-08-21,C1348,Mouse,Accessories,Northeast,8,1534,12272,Debit Card,Distributor
5811,2026-06-30,C1456,Monitor,Electronics,West,5,18521,92605,Cash,Store
5812,2026-08-30,C1169,Mobile,Electronics,South,9,24856,223704,Debit Card,Store
5813,2026-01-22,C1521,Desk,Furniture,East,6,16125,96750,Net Banking,Distributor
5814,2026-12-05,C2631,Tablet,Electronics,Central,7,29646,207522,Cash,Distributor
5815,2026-02-18,C1317,Laptop,Electronics,East,2,55251,110502,Debit Card,Distributor
5816,2026-03-14,C1795,Monitor,Electronics,South,9,21902,197118,UPI,Store
5817,2026-11-16,C1287,Tablet,Electronics,North,1,27845,27845,Net Banking,Store
5818,2026-09-02,C1121,Office Chair,Furniture,West,2,9685,19370,Net Banking,Distributor
5819,2026-04-04,C1006,Monitor,Electronics,East,10,19486,194860,Credit Card,Online
5820,2026-09-26,C2674,Printer,Office,North,8,11328,90624,Cash,Online
5821,2026-11-20,C1813,Mouse,Accessories,East,2,1620,3240,Debit Card,Online
5822,2026-09-20,C1006,Desk,Furniture,West,1,14628,14628,Debit Card,Store
5823,2026-07-31,C2368,Desk,Furniture,South,1,13995,13995,Debit Card,Distributor
5824,2026-01-07,C2729,Monitor,Electronics,South,1,21614,21614,Cash,Distributor
5825,2026-03-15,C1329,Monitor,Electronics,Northeast,7,20381,142667,Debit Card,Online
5826,2026-09-07,C1209,Mouse,Accessories,East,5,1393,6965,Cash,Online
5827,2026-07-22,C2997,Mobile,Electronics,Northeast,10,23065,230650,Cash,Distributor
5828,2026-08-11,C2923,Monitor,Electronics,Central,4,18134,72536,UPI,Distributor
5829,2026-12-16,C1240,Tablet,Electronics,West,9,30025,270225,Credit Card,Distributor
5830,2026-06-05,C2550,Monitor,Electronics,Northeast,8,20406,163248,UPI,Online
5831,2026-06-14,C1410,Desk,Furniture,Northeast,2,15981,31962,Debit Card,Store
5832,2026-05-13,C2572,Headphones,Accessories,East,10,3846,38460,Debit Card,Distributor
5833,2026-03-04,C1505,Mobile,Electronics,South,8,24630,197040,Net Banking,Store
5834,2026-01-03,C1085,Mobile,Electronics,Northeast,2,25906,51812,Credit Card,Online
5835,2026-06-09,C2389,Mobile,Electronics,North,8,24812,198496,Credit Card,Distributor
5836,2026-05-17,C2323,Office Chair,Furniture,North,4,9126,36504,Debit Card,Online
5837,2026-04-22,C2500,Tablet,Electronics,Central,7,29367,205569,Net Banking,Distributor
5838,2026-03-06,C2138,Desk,Furniture,Central,10,13809,138090,Credit Card,Distributor
5839,2026-06-19,C2200,Tablet,Electronics,Central,2,27806,55612,UPI,Online
5840,2026-10-19,C1851,Monitor,Electronics,South,7,18499,129493,Cash,Distributor
5841,2026-02-25,C1612,Keyboard,Accessories,Central,10,2917,29170,UPI,Store
5842,2026-09-28,C2050,Office Chair,Furniture,West,2,10581,21162,Credit Card,Store
5843,2026-12-20,C1116,Headphones,Accessories,Northeast,2,4063,8126,Cash,Store
5844,2026-11-26,C2626,Mobile,Electronics,Northeast,9,25215,226935,Net Banking,Online
5845,2026-07-23,C2588,Laptop,Electronics,East,7,59715,418005,UPI,Store
5846,2026-11-03,C1135,Monitor,Electronics,Central,3,20863,62589,Net Banking,Distributor
5847,2026-03-31,C2235,Headphones,Accessories,West,1,3615,3615,Net Banking,Store
5848,2026-10-07,C1511,Mobile,Electronics,West,9,24888,223992,Credit Card,Store
5849,2026-08-15,C1991,Monitor,Electronics,Northeast,7,19106,133742,Net Banking,Store
5850,2026-03-14,C2272,Office Chair,Furniture,South,3,10592,31776,UPI,Online
5851,2026-07-09,C1051,Mouse,Accessories,Northeast,3,1437,4311,Credit Card,Store
5852,2026-08-06,C1785,Desk,Furniture,Northeast,9,15224,137016,Net Banking,Store
5853,2026-04-22,C2335,Tablet,Electronics,East,4,27557,110228,Cash,Distributor
5854,2026-08-28,C2822,Headphones,Accessories,Northeast,5,3787,18935,Debit Card,Store
5855,2026-12-24,C1500,Desk,Furniture,South,1,15220,15220,Debit Card,Online
5856,2026-11-21,C1205,Mobile,Electronics,Central,3,26381,79143,UPI,Online
5857,2026-12-07,C2390,Mouse,Accessories,West,7,1361,9527,Net Banking,Distributor
5858,2026-08-18,C2629,Monitor,Electronics,South,2,18346,36692,Debit Card,Online
5859,2026-08-15,C2526,Mouse,Accessories,Central,4,1549,6196,Net Banking,Online
5860,2026-05-31,C2696,Mouse,Accessories,South,8,1632,13056,Debit Card,Distributor
5861,2026-08-31,C1861,Desk,Furniture,Northeast,8,16131,129048,UPI,Online
5862,2026-12-04,C1014,Headphones,Accessories,Northeast,9,3662,32958,Cash,Store
5863,2026-04-29,C1445,Tablet,Electronics,East,6,32656,195936,UPI,Distributor
5864,2026-02-26,C2708,Mouse,Accessories,North,2,1461,2922,Cash,Online
5865,2026-03-30,C1154,Keyboard,Accessories,West,10,2917,29170,Credit Card,Store
5866,2026-09-29,C1326,Printer,Office,West,3,11096,33288,Debit Card,Distributor
5867,2026-10-19,C1075,Monitor,Electronics,East,5,18257,91285,Credit Card,Online
5868,2026-10-16,C2081,Headphones,Accessories,Northeast,5,4362,21810,Net Banking,Store
5869,2026-04-11,C2037,Keyboard,Accessories,North,1,2834,2834,Net Banking,Store
5870,2026-04-16,C2995,Mouse,Accessories,West,3,1536,4608,Credit Card,Online
5871,2026-12-31,C2638,Tablet,Electronics,Northeast,5,30816,154080,Cash,Store
5872,2026-08-09,C1523,Printer,Office,Central,3,12430,37290,Cash,Store
5873,2026-11-22,C2060,Mouse,Accessories,South,7,1450,10150,Debit Card,Online
5874,2026-12-17,C2445,Laptop,Electronics,West,6,65145,390870,Cash,Online
5875,2026-05-14,C1008,Office Chair,Furniture,West,4,10593,42372,Credit Card,Distributor
5876,2026-09-27,C1946,Mobile,Electronics,Central,2,25667,51334,Credit Card,Online
5877,2026-10-01,C1849,Keyboard,Accessories,North,6,2727,16362,Cash,Store
5878,2026-07-04,C1142,Headphones,Accessories,South,1,4157,4157,Cash,Online
5879,2026-10-19,C1755,Mouse,Accessories,West,3,1477,4431,Debit Card,Distributor
5880,2026-08-09,C1751,Mouse,Accessories,West,10,1532,15320,Cash,Store
5881,2026-07-18,C1951,Office Chair,Furniture,North,5,9712,48560,Credit Card,Online
5882,2026-01-31,C2659,Desk,Furniture,Northeast,1,14359,14359,Cash,Distributor
5883,2026-09-23,C2367,Desk,Furniture,South,3,14330,42990,Cash,Online
5884,2026-06-22,C1953,Laptop,Electronics,South,6,61311,367866,Debit Card,Online
5885,2026-06-28,C2679,Keyboard,Accessories,North,3,3244,9732,Debit Card,Distributor
5886,2026-01-28,C1620,Mouse,Accessories,East,8,1510,12080,Cash,Online
5887,2026-02-25,C1139,Printer,Office,Northeast,6,12367,74202,Cash,Online
5888,2026-01-17,C1423,Desk,Furniture,Northeast,8,15404,123232,Credit Card,Store
5889,2026-11-16,C2191,Headphones,Accessories,Northeast,5,3752,18760,Credit Card,Online
5890,2026-05-14,C1506,Desk,Furniture,West,7,14166,99162,Cash,Online
5891,2026-07-06,C2129,Laptop,Electronics,Northeast,8,64473,515784,UPI,Distributor
5892,2026-05-22,C1750,Mouse,Accessories,West,3,1397,4191,Net Banking,Distributor
5893,2026-08-30,C2590,Printer,Office,Northeast,8,12855,102840,Credit Card,Online
5894,2026-08-14,C2860,Printer,Office,North,6,10807,64842,UPI,Distributor
5895,2026-01-03,C1342,Desk,Furniture,East,2,16289,32578,Credit Card,Distributor
5896,2026-01-05,C2195,Keyboard,Accessories,North,2,2941,5882,Net Banking,Online
5897,2026-04-29,C2811,Tablet,Electronics,Central,6,32332,193992,Debit Card,Online
5898,2026-04-22,C2760,Office Chair,Furniture,East,8,9934,79472,Debit Card,Online
5899,2026-03-24,C2594,Keyboard,Accessories,North,6,2907,17442,Credit Card,Store
5900,2026-04-21,C2177,Printer,Office,South,4,13045,52180,Credit Card,Online
5901,2026-03-24,C1906,Desk,Furniture,Central,7,16145,113015,UPI,Distributor
5902,2026-12-04,C2655,Tablet,Electronics,West,6,31027,186162,Cash,Store
5903,2026-06-11,C2928,Headphones,Accessories,Northeast,3,3990,11970,Credit Card,Store
5904,2026-06-10,C1796,Tablet,Electronics,East,2,31845,63690,UPI,Online
5905,2026-01-18,C1643,Headphones,Accessories,Northeast,2,3667,7334,Debit Card,Online
5906,2026-08-22,C1180,Keyboard,Accessories,South,9,2888,25992,Debit Card,Store
5907,2026-06-11,C1045,Laptop,Electronics,South,2,59995,119990,Cash,Online
5908,2026-08-16,C1919,Laptop,Electronics,North,3,54478,163434,UPI,Distributor
5909,2026-03-06,C1647,Printer,Office,South,6,12182,73092,Net Banking,Distributor
5910,2026-05-20,C2482,Mouse,Accessories,Northeast,3,1423,4269,Net Banking,Online
5911,2026-01-14,C1124,Mobile,Electronics,Central,8,23097,184776,Debit Card,Store
5912,2026-01-21,C2650,Monitor,Electronics,North,10,21674,216740,Credit Card,Online
5913,2026-10-05,C1901,Desk,Furniture,South,5,15601,78005,Credit Card,Store
5914,2026-10-05,C2406,Headphones,Accessories,South,7,4345,30415,Credit Card,Online
5915,2026-09-09,C2565,Mouse,Accessories,South,8,1588,12704,Cash,Online
5916,2026-11-20,C1837,Mobile,Electronics,North,5,22545,112725,UPI,Store
5917,2026-08-29,C1308,Headphones,Accessories,East,9,4203,37827,Net Banking,Distributor
5918,2026-12-30,C1559,Headphones,Accessories,Central,4,3876,15504,UPI,Distributor
5919,2026-04-11,C1939,Desk,Furniture,North,1,15446,15446,UPI,Online
5920,2026-11-20,C1014,Headphones,Accessories,East,4,4180,16720,UPI,Distributor
5921,2026-02-11,C2819,Laptop,Electronics,Northeast,5,58831,294155,Credit Card,Store
5922,2026-08-29,C1455,Keyboard,Accessories,East,5,3276,16380,Credit Card,Distributor
5923,2026-10-24,C1677,Printer,Office,Northeast,7,11073,77511,Net Banking,Store
5924,2026-01-06,C2485,Printer,Office,Northeast,10,13155,131550,Debit Card,Store
5925,2026-03-25,C1181,Monitor,Electronics,North,1,21248,21248,UPI,Distributor
5926,2026-11-13,C1949,Monitor,Electronics,Central,3,20690,62070,Net Banking,Store
5927,2026-04-03,C1037,Monitor,Electronics,West,1,19479,19479,UPI,Online
5928,2026-12-28,C2767,Monitor,Electronics,South,2,21183,42366,Cash,Store
5929,2026-01-31,C2849,Laptop,Electronics,Central,7,63352,443464,UPI,Distributor
5930,2026-10-10,C2337,Monitor,Electronics,East,5,19503,97515,Cash,Store
5931,2026-08-17,C2525,Laptop,Electronics,East,5,60672,303360,Cash,Distributor
5932,2026-10-15,C2105,Desk,Furniture,North,2,16329,32658,Debit Card,Store
5933,2026-12-07,C2412,Office Chair,Furniture,Central,9,10550,94950,UPI,Store
5934,2026-06-09,C1023,Keyboard,Accessories,East,7,2805,19635,UPI,Store
5935,2026-11-17,C1678,Keyboard,Accessories,East,7,3142,21994,Debit Card,Online
5936,2026-07-02,C1198,Monitor,Electronics,South,5,20413,102065,Debit Card,Online
5937,2026-02-28,C2234,Mobile,Electronics,Northeast,3,24489,73467,UPI,Store
5938,2026-06-04,C1035,Tablet,Electronics,West,10,28196,281960,Cash,Distributor
5939,2026-04-09,C2920,Headphones,Accessories,East,7,3690,25830,Net Banking,Store
5940,2026-09-01,C1056,Tablet,Electronics,Central,3,32346,97038,Net Banking,Online
5941,2026-10-30,C2368,Monitor,Electronics,Central,3,18539,55617,Credit Card,Online
5942,2026-05-10,C1601,Laptop,Electronics,West,9,57899,521091,UPI,Store
5943,2026-02-14,C1917,Monitor,Electronics,South,10,18095,180950,Credit Card,Store
5944,2026-06-04,C1245,Mouse,Accessories,South,9,1422,12798,UPI,Online
5945,2026-12-24,C1930,Office Chair,Furniture,Northeast,10,10523,105230,Debit Card,Online
5946,2026-07-02,C2927,Tablet,Electronics,Central,1,30323,30323,Net Banking,Distributor
5947,2026-11-21,C2066,Mobile,Electronics,West,9,23596,212364,Cash,Distributor
5948,2026-09-19,C1535,Office Chair,Furniture,West,2,10749,21498,Credit Card,Online
5949,2026-07-29,C2126,Headphones,Accessories,North,2,4316,8632,UPI,Store
5950,2026-04-22,C1792,Desk,Furniture,North,8,16366,130928,Cash,Distributor
5951,2026-08-04,C1942,Tablet,Electronics,East,6,29122,174732,Credit Card,Store
5952,2026-12-30,C2485,Printer,Office,Central,5,11776,58880,UPI,Store
5953,2026-02-15,C2227,Mobile,Electronics,North,2,26085,52170,Debit Card,Online
5954,2026-10-01,C2153,Printer,Office,Central,2,11322,22644,Net Banking,Online
5955,2026-09-26,C2432,Tablet,Electronics,South,4,28276,113104,UPI,Online
5956,2026-11-05,C1579,Mouse,Accessories,North,9,1609,14481,Credit Card,Online
5957,2026-04-28,C1541,Office Chair,Furniture,North,9,10157,91413,Credit Card,Store
5958,2026-08-14,C1195,Monitor,Electronics,West,6,18068,108408,Debit Card,Store
5959,2026-01-31,C1564,Keyboard,Accessories,South,1,3005,3005,Debit Card,Online
5960,2026-08-05,C2145,Keyboard,Accessories,South,9,2847,25623,Debit Card,Online
5961,2026-05-07,C1825,Mobile,Electronics,East,7,24144,169008,Cash,Online
5962,2026-12-18,C2360,Office Chair,Furniture,West,1,10567,10567,UPI,Store
5963,2026-10-18,C2667,Monitor,Electronics,East,1,18805,18805,Cash,Distributor
5964,2026-04-15,C2459,Monitor,Electronics,West,1,18505,18505,Cash,Store
5965,2026-06-12,C2964,Mouse,Accessories,Central,1,1635,1635,Debit Card,Online
5966,2026-09-15,C1527,Laptop,Electronics,Central,6,64608,387648,Debit Card,Online
5967,2026-04-11,C2369,Laptop,Electronics,East,4,58592,234368,UPI,Distributor
5968,2026-01-07,C1669,Tablet,Electronics,South,7,27436,192052,Net Banking,Store
5969,2026-05-07,C2376,Printer,Office,Northeast,6,11777,70662,Debit Card,Distributor
5970,2026-03-11,C2261,Laptop,Electronics,West,5,63654,318270,Debit Card,Distributor
5971,2026-04-28,C2844,Tablet,Electronics,South,3,31379,94137,Debit Card,Store
5972,2026-09-04,C1140,Mobile,Electronics,Central,10,23168,231680,Debit Card,Online
5973,2026-10-23,C1937,Keyboard,Accessories,West,3,3183,9549,Net Banking,Online
5974,2026-01-02,C2807,Mouse,Accessories,North,10,1502,15020,Net Banking,Store
5975,2026-10-22,C1958,Desk,Furniture,North,6,14888,89328,UPI,Distributor
5976,2026-06-24,C1511,Printer,Office,West,4,12794,51176,Net Banking,Distributor
5977,2026-02-26,C1604,Printer,Office,Northeast,7,11108,77756,Debit Card,Store
5978,2026-01-29,C1049,Headphones,Accessories,North,9,3830,34470,Credit Card,Online
5979,2026-11-19,C2639,Office Chair,Furniture,Central,1,10131,10131,UPI,Online
5980,2026-02-27,C2900,Laptop,Electronics,South,8,56920,455360,UPI,Store
5981,2026-07-11,C1885,Desk,Furniture,North,7,15506,108542,Net Banking,Store
5982,2026-03-14,C2496,Headphones,Accessories,Central,8,4374,34992,UPI,Online
5983,2026-04-16,C1555,Headphones,Accessories,West,5,4354,21770,Net Banking,Online
5984,2026-01-27,C2227,Desk,Furniture,Northeast,10,14691,146910,Debit Card,Online
5985,2026-09-05,C2078,Printer,Office,North,9,12463,112167,Cash,Online
5986,2026-10-31,C1740,Mobile,Electronics,Central,8,24427,195416,Net Banking,Online
5987,2026-08-01,C1808,Office Chair,Furniture,South,7,10106,70742,Debit Card,Store
5988,2026-11-02,C1161,Keyboard,Accessories,East,6,2982,17892,Debit Card,Distributor
5989,2026-12-07,C1667,Mobile,Electronics,Northeast,8,24194,193552,Cash,Distributor
5990,2026-09-21,C1775,Laptop,Electronics,West,6,57119,342714,Cash,Online
5991,2026-04-18,C2096,Mouse,Accessories,East,1,1407,1407,Debit Card,Distributor
5992,2026-11-08,C2096,Laptop,Electronics,East,1,64254,64254,Credit Card,Online
5993,2026-11-19,C1045,Headphones,Accessories,South,2,3717,7434,UPI,Store
5994,2026-05-15,C1018,Mobile,Electronics,Northeast,7,24982,174874,Net Banking,Store
5995,2026-10-27,C2085,Tablet,Electronics,Northeast,9,30215,271935,UPI,Online
5996,2026-03-03,C1094,Desk,Furniture,Northeast,2,15181,30362,UPI,Store
5997,2026-06-21,C1165,Headphones,Accessories,East,4,3960,15840,Net Banking,Distributor
5998,2026-01-14,C2177,Headphones,Accessories,Northeast,10,3819,38190,Credit Card,Online
5999,2026-03-18,C1625,Headphones,Accessories,East,6,3988,23928,Cash,Distributor
6000,2026-07-28,C1879,Mouse,Accessories,North,2,1399,2798,Cash,Distributor
6001,2026-12-18,C1253,Keyboard,Accessories,North,10,2849,28490,Cash,Distributor
6002,2026-08-29,C1629,Mobile,Electronics,East,1,25743,25743,UPI,Online
6003,2026-06-12,C1770,Printer,Office,Northeast,8,11359,90872,UPI,Store
6004,2026-02-20,C1544,Monitor,Electronics,Central,6,21167,127002,Cash,Online
6005,2026-02-21,C1200,Mobile,Electronics,East,4,24010,96040,Cash,Online
6006,2026-07-01,C2640,Monitor,Electronics,West,6,18172,109032,Cash,Distributor
6007,2026-12-27,C1899,Headphones,Accessories,Central,1,3664,3664,Debit Card,Store
6008,2026-06-16,C2521,Desk,Furniture,West,10,16225,162250,Debit Card,Distributor
6009,2026-08-14,C2676,Printer,Office,South,7,12979,90853,UPI,Store
6010,2026-04-20,C1383,Headphones,Accessories,Central,10,3680,36800,Credit Card,Online
6011,2026-02-28,C2341,Laptop,Electronics,Central,10,55982,559820,UPI,Online
6012,2026-06-23,C1900,Mobile,Electronics,East,5,25031,125155,Credit Card,Online
6013,2026-06-23,C2388,Tablet,Electronics,North,10,30181,301810,Net Banking,Distributor
6014,2026-03-26,C2601,Mobile,Electronics,North,2,25595,51190,Debit Card,Online
6015,2026-03-29,C1351,Desk,Furniture,Central,1,13663,13663,Credit Card,Store
6016,2026-08-29,C2649,Printer,Office,South,2,12375,24750,Net Banking,Store
6017,2026-06-22,C2422,Office Chair,Furniture,South,2,10444,20888,UPI,Online
6018,2026-04-16,C1100,Desk,Furniture,East,9,13788,124092,Debit Card,Distributor
6019,2026-03-09,C2137,Monitor,Electronics,West,3,20351,61053,Cash,Store
6020,2026-09-09,C2122,Keyboard,Accessories,North,10,3017,30170,UPI,Store
6021,2026-03-08,C2212,Monitor,Electronics,Northeast,4,19029,76116,Cash,Online
6022,2026-12-16,C1435,Mouse,Accessories,Northeast,10,1451,14510,Debit Card,Online
6023,2026-01-04,C2588,Desk,Furniture,North,2,15345,30690,Cash,Online
6024,2026-06-24,C1811,Printer,Office,West,5,13116,65580,Net Banking,Distributor
6025,2026-01-14,C2884,Mouse,Accessories,West,6,1486,8916,Credit Card,Store
6026,2026-09-10,C1614,Mouse,Accessories,Northeast,9,1428,12852,Debit Card,Online
6027,2026-03-10,C1046,Mobile,Electronics,West,4,24449,97796,Cash,Online
6028,2026-07-09,C1876,Headphones,Accessories,Central,1,4365,4365,UPI,Online
6029,2026-05-09,C1941,Mobile,Electronics,Central,2,27481,54962,Net Banking,Store
6030,2026-02-27,C2176,Mouse,Accessories,South,3,1631,4893,UPI,Store
6031,2026-03-22,C2435,Laptop,Electronics,East,3,60369,181107,Net Banking,Distributor
6032,2026-09-20,C1318,Keyboard,Accessories,Central,2,3093,6186,Credit Card,Online
6033,2026-09-30,C2557,Headphones,Accessories,North,5,4233,21165,Net Banking,Distributor
6034,2026-09-15,C1046,Mouse,Accessories,North,8,1510,12080,Net Banking,Store
6035,2026-04-01,C1400,Printer,Office,East,5,13003,65015,Net Banking,Online
6036,2026-07-04,C1045,Headphones,Accessories,East,6,3915,23490,Debit Card,Distributor
6037,2026-05-03,C2139,Desk,Furniture,West,7,14059,98413,UPI,Online
6038,2026-05-16,C2043,Printer,Office,East,7,12227,85589,Debit Card,Store
6039,2026-11-27,C2861,Office Chair,Furniture,Central,2,9279,18558,Debit Card,Online
6040,2026-03-09,C2793,Mobile,Electronics,South,5,26364,131820,Cash,Online
6041,2026-04-02,C1084,Laptop,Electronics,Central,9,59331,533979,Cash,Online
6042,2026-11-12,C1948,Desk,Furniture,East,8,16495,131960,Credit Card,Distributor
6043,2026-01-20,C1627,Monitor,Electronics,East,2,19732,39464,Cash,Store
6044,2026-11-29,C2896,Headphones,Accessories,South,2,4389,8778,Cash,Online
6045,2026-03-15,C2107,Laptop,Electronics,Northeast,1,59159,59159,Net Banking,Distributor
6046,2026-12-05,C2849,Printer,Office,Northeast,2,12853,25706,UPI,Store
6047,2026-02-11,C2925,Desk,Furniture,South,7,14287,100009,Cash,Distributor
6048,2026-02-20,C2268,Tablet,Electronics,Northeast,8,27558,220464,Credit Card,Online
6049,2026-05-18,C1967,Laptop,Electronics,North,8,59873,478984,Cash,Online
6050,2026-05-04,C2775,Office Chair,Furniture,Central,1,10126,10126,UPI,Distributor
6051,2026-08-28,C1087,Printer,Office,Central,1,13039,13039,UPI,Online
6052,2026-09-10,C1404,Headphones,Accessories,West,6,4208,25248,Credit Card,Online
6053,2026-06-11,C2041,Tablet,Electronics,South,6,28584,171504,UPI,Store
6054,2026-04-06,C2069,Office Chair,Furniture,North,9,9800,88200,Net Banking,Store
6055,2026-09-12,C2831,Desk,Furniture,North,5,15268,76340,Debit Card,Online
6056,2026-11-13,C2609,Keyboard,Accessories,Northeast,2,2731,5462,Cash,Online
6057,2026-04-29,C2586,Headphones,Accessories,South,10,3711,37110,Net Banking,Online
6058,2026-11-24,C2270,Monitor,Electronics,East,9,21756,195804,UPI,Distributor
6059,2026-09-26,C2765,Mobile,Electronics,North,6,24021,144126,Cash,Distributor
6060,2026-04-25,C2099,Keyboard,Accessories,Central,5,3076,15380,Debit Card,Distributor
6061,2026-06-28,C2083,Desk,Furniture,Central,2,14024,28048,Debit Card,Distributor
6062,2026-03-05,C2912,Office Chair,Furniture,Northeast,4,9710,38840,Net Banking,Distributor
6063,2026-06-05,C1589,Keyboard,Accessories,North,9,3226,29034,Credit Card,Distributor
6064,2026-02-24,C2481,Printer,Office,West,2,13013,26026,Credit Card,Store
6065,2026-06-05,C2157,Office Chair,Furniture,East,4,10224,40896,UPI,Store
6066,2026-12-19,C2265,Headphones,Accessories,East,2,4280,8560,UPI,Online
6067,2026-02-03,C1183,Headphones,Accessories,East,9,3842,34578,Debit Card,Distributor
6068,2026-06-30,C2944,Printer,Office,South,6,11612,69672,Cash,Distributor
6069,2026-10-20,C2355,Laptop,Electronics,South,5,64365,321825,Net Banking,Online
6070,2026-02-05,C1473,Keyboard,Accessories,North,10,2928,29280,Cash,Online
6071,2026-03-09,C2509,Mouse,Accessories,East,6,1436,8616,UPI,Distributor
6072,2026-11-14,C2003,Keyboard,Accessories,South,8,2814,22512,UPI,Distributor
6073,2026-02-16,C1553,Office Chair,Furniture,East,5,10638,53190,Credit Card,Online
6074,2026-03-05,C1802,Mouse,Accessories,East,9,1447,13023,UPI,Online
6075,2026-03-07,C1064,Mouse,Accessories,Central,2,1484,2968,Debit Card,Online
6076,2026-09-22,C1423,Keyboard,Accessories,West,5,2772,13860,Net Banking,Store
6077,2026-04-24,C1865,Laptop,Electronics,East,2,61651,123302,Debit Card,Distributor
6078,2026-01-19,C2202,Office Chair,Furniture,South,8,10744,85952,Net Banking,Online
6079,2026-12-13,C2801,Monitor,Electronics,Northeast,9,18639,167751,UPI,Store
6080,2026-09-12,C2253,Printer,Office,Central,8,11987,95896,UPI,Store
6081,2026-09-13,C1229,Monitor,Electronics,North,8,20932,167456,Credit Card,Store
6082,2026-08-19,C2554,Office Chair,Furniture,South,7,10236,71652,Net Banking,Online
6083,2026-02-21,C1719,Tablet,Electronics,South,5,32919,164595,UPI,Distributor
6084,2026-08-13,C2147,Desk,Furniture,Northeast,8,16287,130296,Credit Card,Store
6085,2026-04-22,C1710,Tablet,Electronics,South,1,27231,27231,Credit Card,Online
6086,2026-01-22,C1133,Monitor,Electronics,South,10,18982,189820,Cash,Store
6087,2026-07-10,C2877,Keyboard,Accessories,Central,9,3237,29133,Debit Card,Online
6088,2026-08-03,C1373,Headphones,Accessories,East,3,4138,12414,Net Banking,Store
6089,2026-05-10,C2476,Office Chair,Furniture,West,4,10188,40752,Cash,Online
6090,2026-03-20,C2753,Keyboard,Accessories,Central,3,2938,8814,Cash,Online
6091,2026-03-14,C2806,Mouse,Accessories,North,6,1637,9822,Net Banking,Store
6092,2026-05-18,C1726,Tablet,Electronics,Northeast,9,30380,273420,Debit Card,Store
6093,2026-10-12,C2824,Desk,Furniture,East,6,15232,91392,Net Banking,Store
6094,2026-08-19,C1406,Desk,Furniture,East,9,14194,127746,Net Banking,Store
6095,2026-11-30,C2761,Headphones,Accessories,East,3,4017,12051,Cash,Store
6096,2026-04-10,C1009,Monitor,Electronics,West,4,19564,78256,Credit Card,Online
6097,2026-05-10,C2743,Tablet,Electronics,East,2,31438,62876,Credit Card,Store
6098,2026-05-03,C2427,Desk,Furniture,Central,3,16178,48534,Debit Card,Online
6099,2026-06-29,C2753,Monitor,Electronics,East,7,18356,128492,Debit Card,Distributor
6100,2026-02-16,C1478,Mouse,Accessories,Northeast,5,1553,7765,Credit Card,Distributor
6101,2026-04-24,C1183,Tablet,Electronics,East,3,29097,87291,Cash,Store
6102,2026-10-20,C2728,Monitor,Electronics,North,2,21532,43064,Debit Card,Store
6103,2026-01-01,C2068,Monitor,Electronics,Central,8,20788,166304,Debit Card,Online
6104,2026-03-23,C2682,Desk,Furniture,Central,3,15172,45516,Net Banking,Distributor
6105,2026-01-06,C2790,Mouse,Accessories,Central,2,1376,2752,Credit Card,Online
6106,2026-08-14,C1134,Mobile,Electronics,Central,10,26566,265660,Credit Card,Online
6107,2026-12-09,C2717,Printer,Office,Central,5,12590,62950,Cash,Distributor
6108,2026-09-16,C2544,Desk,Furniture,West,10,16280,162800,UPI,Distributor
6109,2026-04-15,C1598,Desk,Furniture,North,9,14177,127593,Net Banking,Store
6110,2026-06-18,C1981,Monitor,Electronics,West,4,19565,78260,Credit Card,Distributor
6111,2026-11-09,C1441,Tablet,Electronics,Northeast,4,30689,122756,Cash,Online
6112,2026-04-21,C1462,Tablet,Electronics,South,1,32777,32777,Cash,Online
6113,2026-07-04,C1922,Laptop,Electronics,North,4,58280,233120,Net Banking,Distributor
6114,2026-07-16,C2792,Printer,Office,North,7,12608,88256,Net Banking,Distributor
6115,2026-12-01,C1029,Monitor,Electronics,Central,8,19953,159624,Credit Card,Online
6116,2026-09-16,C1605,Keyboard,Accessories,Northeast,5,3073,15365,Debit Card,Store
6117,2026-11-09,C2487,Printer,Office,Central,10,11742,117420,Debit Card,Distributor
6118,2026-12-15,C1706,Mouse,Accessories,West,6,1550,9300,Debit Card,Distributor
6119,2026-01-27,C2685,Office Chair,Furniture,South,1,9742,9742,UPI,Store
6120,2026-08-18,C2003,Keyboard,Accessories,West,3,3117,9351,UPI,Distributor
6121,2026-07-05,C2669,Desk,Furniture,Central,3,14955,44865,Credit Card,Store
6122,2026-03-05,C2911,Printer,Office,West,1,12307,12307,Debit Card,Online
6123,2026-03-18,C2225,Printer,Office,West,6,11212,67272,Credit Card,Store
6124,2026-11-19,C1968,Office Chair,Furniture,West,2,10990,21980,UPI,Online
6125,2026-02-25,C1060,Keyboard,Accessories,Central,2,2848,5696,Net Banking,Distributor
6126,2026-05-02,C2250,Printer,Office,Northeast,4,12374,49496,Credit Card,Distributor
6127,2026-01-06,C1870,Desk,Furniture,Northeast,10,15056,150560,Net Banking,Online
6128,2026-02-10,C2144,Desk,Furniture,East,10,15576,155760,Credit Card,Store
6129,2026-08-03,C2499,Office Chair,Furniture,East,4,9186,36744,Debit Card,Store
6130,2026-07-26,C2394,Keyboard,Accessories,West,9,3153,28377,Debit Card,Distributor
6131,2026-08-27,C1115,Keyboard,Accessories,Central,7,3280,22960,Cash,Store
6132,2026-04-10,C1242,Mobile,Electronics,Northeast,8,23499,187992,Credit Card,Store
6133,2026-11-22,C2240,Keyboard,Accessories,West,8,2839,22712,Credit Card,Store
6134,2026-02-28,C1641,Printer,Office,Northeast,3,12599,37797,Debit Card,Store
6135,2026-12-14,C2994,Mouse,Accessories,Northeast,4,1637,6548,Credit Card,Store
6136,2026-03-23,C1756,Monitor,Electronics,South,4,20983,83932,UPI,Store
6137,2026-02-20,C2630,Office Chair,Furniture,West,1,9675,9675,UPI,Distributor
6138,2026-08-10,C2546,Printer,Office,West,6,12209,73254,Net Banking,Distributor
6139,2026-05-19,C1006,Mouse,Accessories,West,8,1559,12472,Debit Card,Store
6140,2026-09-09,C1176,Tablet,Electronics,East,4,30081,120324,Cash,Store
6141,2026-05-27,C1559,Keyboard,Accessories,Central,9,3002,27018,UPI,Online
6142,2026-07-19,C1567,Printer,Office,East,2,11903,23806,Net Banking,Distributor
6143,2026-11-06,C2648,Mobile,Electronics,West,9,26700,240300,Credit Card,Distributor
6144,2026-09-08,C2951,Mobile,Electronics,North,5,26883,134415,Net Banking,Distributor
6145,2026-08-10,C1073,Keyboard,Accessories,East,7,3173,22211,Net Banking,Online
6146,2026-04-13,C1347,Mobile,Electronics,West,2,26272,52544,UPI,Online
6147,2026-03-26,C2285,Headphones,Accessories,West,9,4325,38925,Net Banking,Distributor
6148,2026-03-03,C1190,Desk,Furniture,Northeast,3,15890,47670,UPI,Store
6149,2026-02-26,C1625,Printer,Office,Central,4,12621,50484,Cash,Online
6150,2026-12-28,C1786,Headphones,Accessories,West,7,4337,30359,UPI,Store
6151,2026-11-24,C1072,Tablet,Electronics,West,1,28348,28348,Cash,Store
6152,2026-05-29,C1824,Printer,Office,Northeast,8,11151,89208,Credit Card,Distributor
6153,2026-08-21,C2452,Laptop,Electronics,North,5,57817,289085,Debit Card,Store
6154,2026-04-13,C1592,Printer,Office,West,5,12446,62230,Credit Card,Distributor
6155,2026-04-09,C1685,Monitor,Electronics,East,4,20174,80696,Debit Card,Distributor
6156,2026-05-27,C1990,Office Chair,Furniture,Central,8,10878,87024,Debit Card,Distributor
6157,2026-03-14,C2839,Mobile,Electronics,West,8,26385,211080,Cash,Distributor
6158,2026-12-13,C1489,Desk,Furniture,East,10,14018,140180,Cash,Distributor
6159,2026-11-21,C1922,Laptop,Electronics,North,9,65066,585594,UPI,Store
6160,2026-11-23,C1515,Laptop,Electronics,Northeast,6,63862,383172,Cash,Online
6161,2026-10-06,C2821,Laptop,Electronics,East,3,56718,170154,Net Banking,Distributor
6162,2026-01-13,C1977,Laptop,Electronics,North,1,61366,61366,Credit Card,Store
6163,2026-08-10,C1599,Office Chair,Furniture,South,5,10956,54780,Net Banking,Distributor
6164,2026-10-17,C2683,Desk,Furniture,Central,4,16203,64812,Credit Card,Store
6165,2026-11-16,C1469,Office Chair,Furniture,North,6,10539,63234,Debit Card,Store
6166,2026-11-01,C2331,Printer,Office,Northeast,7,11959,83713,Cash,Online
6167,2026-09-13,C1786,Office Chair,Furniture,North,10,10858,108580,UPI,Distributor
6168,2026-06-11,C1441,Printer,Office,Central,8,11759,94072,UPI,Store
6169,2026-09-12,C2044,Tablet,Electronics,West,4,30333,121332,Credit Card,Distributor
6170,2026-10-24,C1966,Keyboard,Accessories,North,9,2824,25416,UPI,Online
6171,2026-06-02,C1350,Office Chair,Furniture,East,9,10599,95391,Debit Card,Distributor
6172,2026-01-17,C1822,Keyboard,Accessories,Central,6,2927,17562,Net Banking,Online
6173,2026-01-18,C1890,Mobile,Electronics,West,8,24492,195936,Cash,Distributor
6174,2026-02-04,C2608,Tablet,Electronics,South,9,30681,276129,Credit Card,Store
6175,2026-06-15,C1826,Printer,Office,South,7,12243,85701,Cash,Store
6176,2026-04-30,C1699,Laptop,Electronics,West,6,62219,373314,Debit Card,Distributor
6177,2026-02-25,C2761,Office Chair,Furniture,South,6,10723,64338,Debit Card,Store
6178,2026-02-23,C1442,Tablet,Electronics,South,4,29651,118604,Net Banking,Store
6179,2026-01-20,C2009,Laptop,Electronics,Northeast,10,55189,551890,Credit Card,Store
6180,2026-09-02,C1456,Mouse,Accessories,North,6,1558,9348,Net Banking,Online
6181,2026-08-20,C2798,Monitor,Electronics,Central,1,21615,21615,Debit Card,Store
6182,2026-09-07,C1281,Mobile,Electronics,West,7,24811,173677,Debit Card,Distributor
6183,2026-06-12,C1242,Monitor,Electronics,Northeast,2,19509,39018,Credit Card,Distributor
6184,2026-08-31,C1814,Mobile,Electronics,North,6,24707,148242,UPI,Distributor
6185,2026-11-24,C2697,Headphones,Accessories,South,10,4038,40380,Credit Card,Online
6186,2026-10-04,C2363,Mouse,Accessories,West,10,1353,13530,Net Banking,Online
6187,2026-01-13,C2823,Office Chair,Furniture,Central,2,11000,22000,Cash,Store
6188,2026-09-30,C1404,Printer,Office,West,5,12128,60640,UPI,Online
6189,2026-11-29,C1968,Laptop,Electronics,North,8,59433,475464,Net Banking,Distributor
6190,2026-05-28,C1689,Printer,Office,West,9,11230,101070,Debit Card,Store
6191,2026-05-28,C1513,Keyboard,Accessories,South,7,2887,20209,Debit Card,Distributor
6192,2026-09-19,C2314,Keyboard,Accessories,South,9,3154,28386,Debit Card,Online
6193,2026-05-29,C2780,Printer,Office,Central,7,12703,88921,Debit Card,Distributor
6194,2026-03-17,C2368,Printer,Office,South,5,11480,57400,Debit Card,Store
6195,2026-11-13,C2069,Office Chair,Furniture,South,1,10405,10405,Credit Card,Distributor
6196,2026-12-10,C1323,Desk,Furniture,North,9,14207,127863,Cash,Store
6197,2026-06-28,C1030,Monitor,Electronics,Northeast,5,18541,92705,Cash,Online
6198,2026-09-08,C2678,Mouse,Accessories,West,5,1558,7790,Net Banking,Distributor
6199,2026-09-26,C2826,Desk,Furniture,Central,6,15868,95208,Cash,Online
6200,2026-01-10,C2485,Keyboard,Accessories,East,1,3073,3073,Debit Card,Store
6201,2026-01-10,C1596,Office Chair,Furniture,Northeast,6,10892,65352,UPI,Online
6202,2026-08-26,C2852,Tablet,Electronics,Central,1,31003,31003,Net Banking,Distributor
6203,2026-12-07,C1009,Keyboard,Accessories,South,8,2795,22360,Net Banking,Online
6204,2026-12-05,C1589,Mouse,Accessories,South,1,1500,1500,Debit Card,Store
6205,2026-08-01,C2878,Office Chair,Furniture,East,3,10667,32001,Net Banking,Distributor
6206,2026-11-05,C2479,Office Chair,Furniture,Central,1,9167,9167,Credit Card,Store
6207,2026-12-23,C1463,Desk,Furniture,Central,8,13609,108872,Net Banking,Distributor
6208,2026-07-16,C1289,Mobile,Electronics,Central,3,25072,75216,Credit Card,Store
6209,2026-07-03,C1741,Tablet,Electronics,West,5,27276,136380,Net Banking,Distributor
6210,2026-01-12,C2180,Desk,Furniture,North,1,13776,13776,Credit Card,Distributor
6211,2026-12-26,C2769,Printer,Office,East,5,11106,55530,Debit Card,Store
6212,2026-02-05,C1634,Office Chair,Furniture,East,9,10259,92331,Debit Card,Distributor
6213,2026-08-01,C1836,Keyboard,Accessories,East,10,3120,31200,Credit Card,Distributor
6214,2026-01-11,C2292,Mobile,Electronics,East,3,24674,74022,UPI,Online
6215,2026-11-22,C1456,Office Chair,Furniture,Northeast,2,9737,19474,UPI,Distributor
6216,2026-04-17,C2373,Monitor,Electronics,Northeast,1,19476,19476,Credit Card,Online
6217,2026-11-10,C1721,Laptop,Electronics,North,10,60010,600100,Credit Card,Online
6218,2026-12-27,C2963,Monitor,Electronics,East,5,18614,93070,Credit Card,Store
6219,2026-08-13,C2057,Mobile,Electronics,East,4,22512,90048,UPI,Online
6220,2026-02-04,C1183,Headphones,Accessories,South,10,3606,36060,Cash,Store
6221,2026-07-28,C2713,Monitor,Electronics,North,9,20395,183555,Net Banking,Store
6222,2026-03-09,C2778,Headphones,Accessories,West,1,3895,3895,UPI,Online
6223,2026-11-08,C2643,Headphones,Accessories,South,10,3995,39950,Debit Card,Online
6224,2026-01-11,C1581,Printer,Office,Northeast,1,11013,11013,Net Banking,Store
6225,2026-07-30,C1758,Office Chair,Furniture,West,7,9820,68740,Cash,Distributor
6226,2026-05-12,C2219,Headphones,Accessories,Central,6,3836,23016,Net Banking,Online
6227,2026-04-20,C2864,Tablet,Electronics,Northeast,6,28755,172530,UPI,Distributor
6228,2026-01-22,C2884,Headphones,Accessories,East,2,3930,7860,Net Banking,Store
6229,2026-11-02,C1721,Desk,Furniture,West,10,13985,139850,Credit Card,Distributor
6230,2026-02-14,C1517,Printer,Office,Northeast,2,12311,24622,Net Banking,Distributor
6231,2026-03-15,C1738,Keyboard,Accessories,South,3,3048,9144,UPI,Distributor
6232,2026-12-15,C1556,Mobile,Electronics,Central,5,26928,134640,Debit Card,Distributor
6233,2026-07-10,C1073,Monitor,Electronics,West,2,20440,40880,Debit Card,Store
6234,2026-08-05,C1467,Desk,Furniture,West,8,14640,117120,Net Banking,Store
6235,2026-08-28,C1872,Tablet,Electronics,East,8,30121,240968,Credit Card,Store
6236,2026-11-27,C2537,Printer,Office,Central,5,12135,60675,Net Banking,Online
6237,2026-02-26,C1327,Keyboard,Accessories,South,7,3171,22197,Cash,Online
6238,2026-07-24,C2516,Mobile,Electronics,Northeast,10,27333,273330,Debit Card,Distributor
6239,2026-08-30,C1761,Laptop,Electronics,Central,5,57458,287290,UPI,Store
6240,2026-12-14,C2068,Desk,Furniture,East,10,15968,159680,UPI,Store
6241,2026-06-27,C1690,Mouse,Accessories,Central,6,1512,9072,Cash,Store
6242,2026-06-24,C1814,Tablet,Electronics,North,6,30631,183786,Cash,Online
6243,2026-02-05,C2049,Headphones,Accessories,West,2,3853,7706,Credit Card,Distributor
6244,2026-12-04,C2417,Office Chair,Furniture,East,7,9129,63903,UPI,Online
6245,2026-07-19,C2020,Mouse,Accessories,Central,10,1601,16010,Net Banking,Store
6246,2026-02-05,C2608,Mobile,Electronics,Northeast,5,26874,134370,Credit Card,Online
6247,2026-05-13,C1050,Tablet,Electronics,Central,2,31138,62276,Net Banking,Distributor
6248,2026-12-25,C2286,Laptop,Electronics,East,3,63391,190173,Cash,Store
6249,2026-06-30,C1222,Monitor,Electronics,West,2,20666,41332,Net Banking,Distributor
6250,2026-11-11,C2170,Desk,Furniture,West,3,15339,46017,Net Banking,Online
6251,2026-12-27,C1445,Desk,Furniture,South,10,16226,162260,Debit Card,Store
6252,2026-01-23,C2777,Keyboard,Accessories,East,5,3140,15700,Net Banking,Store
6253,2026-03-14,C1815,Desk,Furniture,Northeast,6,14273,85638,Credit Card,Online
6254,2026-07-22,C2880,Monitor,Electronics,East,4,19622,78488,UPI,Store
6255,2026-04-29,C2565,Monitor,Electronics,Northeast,3,21173,63519,Cash,Online
6256,2026-07-08,C1609,Mouse,Accessories,Central,2,1566,3132,Debit Card,Store
6257,2026-07-07,C1433,Laptop,Electronics,Northeast,5,57882,289410,Net Banking,Online
6258,2026-11-11,C1506,Laptop,Electronics,Northeast,6,54196,325176,Debit Card,Store
6259,2026-07-27,C2469,Mouse,Accessories,North,1,1438,1438,Net Banking,Online
6260,2026-09-11,C2199,Printer,Office,North,6,11885,71310,Cash,Store
6261,2026-12-31,C2314,Mobile,Electronics,South,8,26727,213816,Cash,Online
6262,2026-05-24,C2238,Office Chair,Furniture,East,10,9705,97050,Cash,Store
6263,2026-04-09,C1841,Mouse,Accessories,East,5,1393,6965,Cash,Store
6264,2026-01-23,C2129,Office Chair,Furniture,South,2,10883,21766,Debit Card,Store
6265,2026-10-04,C2151,Printer,Office,Northeast,3,12694,38082,Credit Card,Distributor
6266,2026-07-19,C1722,Tablet,Electronics,North,10,31316,313160,Cash,Online
6267,2026-08-12,C2035,Tablet,Electronics,West,7,31203,218421,UPI,Distributor
6268,2026-11-03,C2937,Office Chair,Furniture,North,5,10892,54460,Credit Card,Distributor
6269,2026-03-21,C2954,Monitor,Electronics,South,2,19140,38280,Cash,Online
6270,2026-03-02,C2587,Headphones,Accessories,East,9,3975,35775,UPI,Online
6271,2026-09-30,C2743,Headphones,Accessories,North,3,3858,11574,Net Banking,Store
6272,2026-05-05,C1828,Office Chair,Furniture,North,2,10821,21642,Cash,Distributor
6273,2026-06-26,C2632,Monitor,Electronics,Central,3,20294,60882,UPI,Online
6274,2026-08-22,C2522,Headphones,Accessories,Northeast,8,4233,33864,Credit Card,Online
6275,2026-03-28,C2275,Desk,Furniture,West,8,13926,111408,Cash,Store
6276,2026-11-19,C1464,Office Chair,Furniture,North,3,9282,27846,Net Banking,Distributor
6277,2026-12-10,C2421,Office Chair,Furniture,West,8,10409,83272,UPI,Distributor
6278,2026-06-20,C1508,Mobile,Electronics,Northeast,7,26272,183904,Net Banking,Online
6279,2026-05-12,C1919,Tablet,Electronics,West,6,28805,172830,Debit Card,Store
6280,2026-08-25,C1964,Desk,Furniture,South,4,13824,55296,Cash,Store
6281,2026-03-05,C1159,Office Chair,Furniture,East,5,9137,45685,UPI,Online
6282,2026-06-26,C1775,Printer,Office,Northeast,6,12795,76770,Credit Card,Store
6283,2026-12-22,C2451,Mobile,Electronics,Northeast,8,22754,182032,Net Banking,Distributor
6284,2026-04-06,C1533,Printer,Office,East,7,13066,91462,UPI,Store
6285,2026-04-20,C2892,Mouse,Accessories,North,2,1543,3086,Net Banking,Distributor
6286,2026-04-15,C2031,Tablet,Electronics,North,3,30183,90549,UPI,Store
6287,2026-06-11,C1235,Printer,Office,South,3,12180,36540,Cash,Store
6288,2026-06-01,C1082,Headphones,Accessories,East,5,4060,20300,Credit Card,Store
6289,2026-09-23,C1878,Desk,Furniture,West,3,16203,48609,UPI,Distributor
6290,2026-05-21,C1906,Printer,Office,South,3,12214,36642,UPI,Online
6291,2026-04-10,C1433,Keyboard,Accessories,North,7,3024,21168,UPI,Store
6292,2026-03-04,C1400,Office Chair,Furniture,East,6,9901,59406,Net Banking,Store
6293,2026-01-17,C2680,Keyboard,Accessories,Northeast,1,2849,2849,Debit Card,Online
6294,2026-10-14,C1199,Printer,Office,North,2,13116,26232,Debit Card,Distributor
6295,2026-05-03,C2756,Tablet,Electronics,South,4,27467,109868,UPI,Distributor
6296,2026-08-22,C1188,Printer,Office,Northeast,5,11964,59820,Net Banking,Distributor
6297,2026-01-20,C2499,Tablet,Electronics,East,8,29992,239936,Debit Card,Online
6298,2026-03-22,C2195,Tablet,Electronics,North,2,32583,65166,UPI,Online
6299,2026-03-29,C2009,Office Chair,Furniture,Northeast,10,9166,91660,Net Banking,Store
6300,2026-12-25,C2274,Desk,Furniture,West,3,15748,47244,UPI,Store
6301,2026-04-19,C1702,Headphones,Accessories,West,10,3909,39090,Cash,Distributor
6302,2026-02-07,C2983,Mouse,Accessories,Northeast,10,1627,16270,UPI,Distributor
6303,2026-10-28,C1670,Mouse,Accessories,Central,6,1580,9480,Credit Card,Distributor
6304,2026-02-21,C1988,Desk,Furniture,South,7,14208,99456,Cash,Online
6305,2026-01-01,C2139,Mobile,Electronics,Central,1,24909,24909,Credit Card,Online
6306,2026-05-28,C1934,Mobile,Electronics,Northeast,4,23931,95724,Net Banking,Distributor
6307,2026-03-12,C1650,Printer,Office,North,3,12455,37365,UPI,Online
6308,2026-03-09,C2657,Printer,Office,Central,8,11480,91840,UPI,Store
6309,2026-03-23,C2676,Laptop,Electronics,Central,8,57647,461176,Net Banking,Online
6310,2026-07-18,C1709,Keyboard,Accessories,Northeast,4,2870,11480,Credit Card,Store
6311,2026-10-22,C1660,Printer,Office,East,9,12712,114408,Cash,Store
6312,2026-01-30,C2897,Mouse,Accessories,East,1,1630,1630,Debit Card,Store
6313,2026-11-11,C1464,Mouse,Accessories,South,3,1526,4578,Cash,Store
6314,2026-02-12,C1399,Laptop,Electronics,North,3,63277,189831,UPI,Online
6315,2026-02-23,C1617,Monitor,Electronics,Central,5,21355,106775,Debit Card,Store
6316,2026-01-19,C1870,Printer,Office,North,6,10861,65166,Cash,Store
6317,2026-08-06,C2894,Keyboard,Accessories,North,2,3008,6016,UPI,Store
6318,2026-12-31,C2079,Desk,Furniture,Northeast,8,15475,123800,Credit Card,Online
6319,2026-12-14,C1137,Desk,Furniture,West,10,16333,163330,Debit Card,Online
6320,2026-01-01,C1396,Laptop,Electronics,East,2,64084,128168,UPI,Online
6321,2026-05-08,C1273,Monitor,Electronics,East,3,21802,65406,Debit Card,Online
6322,2026-09-17,C1834,Laptop,Electronics,South,4,55805,223220,UPI,Online
6323,2026-07-18,C2819,Desk,Furniture,East,2,13576,27152,Debit Card,Online
6324,2026-08-12,C2505,Headphones,Accessories,Northeast,4,3725,14900,Debit Card,Online
6325,2026-09-20,C1992,Monitor,Electronics,Central,8,19545,156360,Credit Card,Online
6326,2026-06-11,C1263,Mobile,Electronics,South,10,23767,237670,Net Banking,Distributor
6327,2026-05-17,C1317,Laptop,Electronics,South,10,60445,604450,Debit Card,Distributor
6328,2026-07-20,C2358,Desk,Furniture,Central,10,13698,136980,Cash,Distributor
6329,2026-06-09,C1708,Headphones,Accessories,East,5,3792,18960,Credit Card,Distributor
6330,2026-10-22,C1098,Laptop,Electronics,West,5,64359,321795,Net Banking,Store
6331,2026-03-19,C1930,Mouse,Accessories,West,1,1533,1533,Credit Card,Store
6332,2026-12-31,C2984,Printer,Office,Northeast,3,12121,36363,Net Banking,Distributor
6333,2026-03-12,C2445,Keyboard,Accessories,East,6,3194,19164,Credit Card,Online
6334,2026-11-24,C1823,Mouse,Accessories,West,8,1605,12840,Cash,Online
6335,2026-07-21,C1661,Tablet,Electronics,Central,1,27332,27332,Net Banking,Store
6336,2026-03-14,C1305,Headphones,Accessories,North,3,4385,13155,Net Banking,Online
6337,2026-01-24,C1996,Headphones,Accessories,East,8,3951,31608,Cash,Store
6338,2026-05-30,C2206,Printer,Office,North,1,10853,10853,Cash,Distributor
6339,2026-11-01,C1849,Monitor,Electronics,East,9,20650,185850,Credit Card,Online
6340,2026-03-21,C1308,Laptop,Electronics,South,6,55727,334362,Net Banking,Online
6341,2026-12-17,C2686,Tablet,Electronics,East,5,28113,140565,Debit Card,Distributor
6342,2026-03-31,C1110,Keyboard,Accessories,Central,5,2755,13775,Credit Card,Online
6343,2026-08-19,C1073,Desk,Furniture,East,8,13514,108112,Net Banking,Distributor
6344,2026-04-30,C1263,Tablet,Electronics,Northeast,5,28975,144875,Credit Card,Online
6345,2026-06-04,C1371,Laptop,Electronics,Central,7,60817,425719,Debit Card,Online
6346,2026-04-17,C2979,Mobile,Electronics,East,3,27203,81609,Net Banking,Store
6347,2026-09-27,C2344,Mobile,Electronics,North,5,24583,122915,UPI,Distributor
6348,2026-09-13,C1374,Office Chair,Furniture,South,10,9115,91150,Credit Card,Distributor
6349,2026-10-02,C1200,Laptop,Electronics,Central,6,63341,380046,UPI,Online
6350,2026-12-16,C2391,Headphones,Accessories,East,8,3648,29184,UPI,Distributor
6351,2026-08-13,C2128,Office Chair,Furniture,North,8,9837,78696,Credit Card,Online
6352,2026-05-24,C1486,Monitor,Electronics,Central,5,21878,109390,Cash,Online
6353,2026-09-26,C2481,Keyboard,Accessories,South,10,2879,28790,Debit Card,Distributor
6354,2026-07-24,C2388,Laptop,Electronics,East,3,60152,180456,Debit Card,Online
6355,2026-12-30,C2855,Office Chair,Furniture,West,9,10741,96669,Cash,Store
6356,2026-06-22,C2441,Tablet,Electronics,Central,2,32106,64212,Credit Card,Online
6357,2026-10-24,C1306,Desk,Furniture,West,6,14233,85398,UPI,Online
6358,2026-12-17,C1835,Monitor,Electronics,East,8,20669,165352,UPI,Store
6359,2026-10-07,C2718,Printer,Office,South,2,12484,24968,Debit Card,Distributor
6360,2026-08-02,C1577,Mobile,Electronics,South,2,25436,50872,Net Banking,Online
6361,2026-05-01,C1268,Mouse,Accessories,North,2,1584,3168,UPI,Online
6362,2026-04-09,C2149,Mobile,Electronics,South,10,23028,230280,UPI,Distributor
6363,2026-06-07,C2847,Laptop,Electronics,Central,6,65051,390306,Net Banking,Online
6364,2026-11-14,C2862,Tablet,Electronics,Northeast,1,29163,29163,Debit Card,Distributor
6365,2026-10-26,C2092,Tablet,Electronics,South,2,32755,65510,Debit Card,Store
6366,2026-07-19,C2224,Desk,Furniture,Northeast,1,15648,15648,Cash,Distributor
6367,2026-10-07,C1809,Laptop,Electronics,Central,4,59659,238636,Net Banking,Distributor
6368,2026-06-13,C1786,Printer,Office,East,4,12745,50980,Credit Card,Store
6369,2026-07-09,C2678,Mobile,Electronics,Northeast,2,25005,50010,Cash,Store
6370,2026-04-23,C2447,Keyboard,Accessories,North,5,2796,13980,Net Banking,Online
6371,2026-07-31,C2541,Mobile,Electronics,East,1,22895,22895,Cash,Distributor
6372,2026-09-13,C1653,Office Chair,Furniture,East,2,10178,20356,UPI,Online
6373,2026-09-22,C1830,Keyboard,Accessories,Central,6,2925,17550,Cash,Online
6374,2026-03-03,C2782,Laptop,Electronics,Northeast,3,63190,189570,Credit Card,Online
6375,2026-01-28,C1457,Mobile,Electronics,Northeast,2,25891,51782,Cash,Distributor
6376,2026-02-19,C2397,Laptop,Electronics,South,9,65887,592983,Debit Card,Online
6377,2026-01-13,C1183,Headphones,Accessories,North,1,4225,4225,Credit Card,Distributor
6378,2026-10-16,C2092,Tablet,Electronics,West,3,28201,84603,Debit Card,Store
6379,2026-03-10,C2605,Desk,Furniture,North,7,13967,97769,Net Banking,Distributor
6380,2026-05-01,C1512,Printer,Office,East,3,11520,34560,UPI,Store
6381,2026-07-09,C1540,Printer,Office,Northeast,2,12175,24350,Cash,Store
6382,2026-05-16,C1179,Desk,Furniture,West,7,15746,110222,Credit Card,Distributor
6383,2026-04-30,C1216,Printer,Office,Central,5,11185,55925,Debit Card,Store
6384,2026-03-18,C1841,Office Chair,Furniture,West,10,10017,100170,Net Banking,Store
6385,2026-06-26,C2457,Desk,Furniture,West,9,14653,131877,Cash,Distributor
6386,2026-07-28,C2090,Headphones,Accessories,Central,1,3986,3986,Net Banking,Online
6387,2026-01-23,C2722,Office Chair,Furniture,South,4,10408,41632,Debit Card,Store
6388,2026-07-05,C2874,Mouse,Accessories,East,2,1388,2776,Net Banking,Online
6389,2026-12-21,C1021,Headphones,Accessories,West,3,4114,12342,Credit Card,Distributor
6390,2026-05-30,C2905,Office Chair,Furniture,South,5,9553,47765,Debit Card,Store
6391,2026-11-20,C2249,Mobile,Electronics,South,7,25263,176841,Cash,Distributor
6392,2026-11-06,C2734,Laptop,Electronics,Central,10,62823,628230,Net Banking,Store
6393,2026-12-21,C1531,Printer,Office,Central,6,12771,76626,Cash,Online
6394,2026-04-03,C1852,Headphones,Accessories,East,6,4248,25488,UPI,Online
6395,2026-03-16,C1165,Tablet,Electronics,South,8,30937,247496,Net Banking,Distributor
6396,2026-05-16,C2098,Desk,Furniture,North,2,15218,30436,UPI,Online
6397,2026-06-08,C2626,Desk,Furniture,East,8,16278,130224,Credit Card,Online
6398,2026-05-27,C2486,Headphones,Accessories,West,5,3757,18785,Cash,Store
6399,2026-10-09,C2148,Monitor,Electronics,West,7,19596,137172,Net Banking,Store
6400,2026-07-07,C2750,Desk,Furniture,West,9,16129,145161,Cash,Store
6401,2026-03-05,C1770,Keyboard,Accessories,Central,9,3130,28170,UPI,Store
6402,2026-05-11,C1238,Mobile,Electronics,South,4,24192,96768,Net Banking,Distributor
6403,2026-01-28,C1894,Headphones,Accessories,Central,1,3977,3977,Debit Card,Distributor
6404,2026-08-27,C1781,Headphones,Accessories,West,2,4204,8408,Debit Card,Store
6405,2026-07-09,C1098,Mouse,Accessories,Central,1,1645,1645,Debit Card,Online
6406,2026-12-13,C2980,Keyboard,Accessories,Northeast,3,3115,9345,Credit Card,Distributor
6407,2026-01-20,C1168,Office Chair,Furniture,Central,7,10339,72373,UPI,Distributor
6408,2026-11-02,C2075,Desk,Furniture,Central,6,14687,88122,Credit Card,Store
6409,2026-06-15,C1913,Mobile,Electronics,South,10,26033,260330,Debit Card,Store
6410,2026-06-12,C2618,Laptop,Electronics,South,1,64617,64617,Debit Card,Online
6411,2026-11-30,C2893,Headphones,Accessories,North,8,4177,33416,Credit Card,Distributor
6412,2026-01-15,C1620,Desk,Furniture,Central,6,14103,84618,Credit Card,Distributor
6413,2026-06-01,C2485,Mobile,Electronics,Northeast,1,24798,24798,Debit Card,Distributor
6414,2026-04-03,C2033,Monitor,Electronics,North,8,19831,158648,Credit Card,Online
6415,2026-10-22,C2809,Monitor,Electronics,Northeast,10,21861,218610,Net Banking,Distributor
6416,2026-02-23,C2464,Keyboard,Accessories,East,7,3023,21161,Net Banking,Distributor
6417,2026-02-04,C2387,Desk,Furniture,East,9,14948,134532,Net Banking,Store
6418,2026-10-25,C1823,Monitor,Electronics,West,5,19144,95720,Net Banking,Online
6419,2026-09-09,C1519,Tablet,Electronics,South,5,32800,164000,Cash,Store
6420,2026-05-27,C2011,Tablet,Electronics,West,5,27148,135740,Debit Card,Online
6421,2026-08-14,C2236,Laptop,Electronics,South,8,60233,481864,Debit Card,Distributor
6422,2026-03-07,C1835,Printer,Office,North,7,12209,85463,Credit Card,Store
6423,2026-05-21,C2541,Mouse,Accessories,Central,1,1566,1566,Net Banking,Distributor
6424,2026-01-09,C2478,Monitor,Electronics,Northeast,7,21523,150661,Credit Card,Distributor
6425,2026-01-05,C2651,Keyboard,Accessories,North,9,3111,27999,Cash,Store
6426,2026-11-26,C2291,Monitor,Electronics,Northeast,7,19143,134001,UPI,Distributor
6427,2026-09-13,C1640,Desk,Furniture,West,2,15384,30768,UPI,Distributor
6428,2026-12-10,C2042,Keyboard,Accessories,South,8,3008,24064,UPI,Online
6429,2026-12-17,C2155,Headphones,Accessories,West,8,4026,32208,Debit Card,Online
6430,2026-05-28,C2912,Headphones,Accessories,Northeast,9,4319,38871,Cash,Distributor
6431,2026-10-16,C2861,Keyboard,Accessories,East,10,3073,30730,Net Banking,Distributor
6432,2026-01-14,C1658,Keyboard,Accessories,Northeast,3,3014,9042,Net Banking,Online
6433,2026-02-22,C2504,Laptop,Electronics,Northeast,10,62348,623480,Credit Card,Store
6434,2026-02-01,C2013,Office Chair,Furniture,South,2,9418,18836,Credit Card,Online
6435,2026-10-10,C1582,Laptop,Electronics,North,8,57483,459864,Credit Card,Online
6436,2026-12-02,C2965,Keyboard,Accessories,South,10,2731,27310,UPI,Distributor
6437,2026-02-02,C1226,Desk,Furniture,North,1,15262,15262,Credit Card,Store
6438,2026-08-06,C2420,Laptop,Electronics,South,9,65985,593865,Net Banking,Distributor
6439,2026-02-14,C1827,Office Chair,Furniture,Northeast,6,9509,57054,Credit Card,Distributor
6440,2026-03-16,C1279,Monitor,Electronics,East,2,18547,37094,Net Banking,Online
6441,2026-10-19,C1759,Tablet,Electronics,East,10,28262,282620,Debit Card,Distributor
6442,2026-11-04,C1190,Headphones,Accessories,West,3,4355,13065,Debit Card,Distributor
6443,2026-01-31,C2857,Desk,Furniture,Central,7,14013,98091,UPI,Distributor
6444,2026-05-27,C1039,Monitor,Electronics,Central,5,19497,97485,Cash,Distributor
6445,2026-07-16,C1507,Keyboard,Accessories,South,1,3081,3081,Net Banking,Distributor
6446,2026-07-18,C2446,Printer,Office,East,8,12390,99120,UPI,Distributor
6447,2026-06-27,C1842,Monitor,Electronics,West,2,19989,39978,UPI,Distributor
6448,2026-12-24,C1144,Monitor,Electronics,West,2,21049,42098,Cash,Store
6449,2026-03-09,C1999,Mouse,Accessories,Central,7,1542,10794,Net Banking,Store
6450,2026-12-26,C2722,Desk,Furniture,South,10,15071,150710,UPI,Distributor
6451,2026-03-23,C2163,Laptop,Electronics,West,10,58274,582740,Debit Card,Store
6452,2026-07-02,C1952,Desk,Furniture,Central,1,13659,13659,Credit Card,Distributor
6453,2026-12-26,C2469,Laptop,Electronics,East,10,56277,562770,UPI,Store
6454,2026-06-21,C2509,Printer,Office,Central,4,12639,50556,UPI,Store
6455,2026-04-04,C1335,Mouse,Accessories,East,2,1480,2960,Cash,Distributor
6456,2026-09-06,C1270,Mouse,Accessories,West,6,1549,9294,Credit Card,Online
6457,2026-12-28,C1529,Mouse,Accessories,Northeast,5,1634,8170,Credit Card,Online
6458,2026-01-10,C2979,Desk,Furniture,North,10,14499,144990,Credit Card,Distributor
6459,2026-06-02,C2971,Tablet,Electronics,Northeast,2,31679,63358,Credit Card,Distributor
6460,2026-09-19,C2676,Mobile,Electronics,Northeast,3,24609,73827,Debit Card,Store
6461,2026-05-07,C2976,Laptop,Electronics,Central,9,61911,557199,Credit Card,Distributor
6462,2026-11-24,C1405,Tablet,Electronics,East,10,27783,277830,Credit Card,Distributor
6463,2026-03-09,C1060,Mouse,Accessories,Central,3,1563,4689,UPI,Online
6464,2026-12-04,C2318,Headphones,Accessories,East,9,4245,38205,Cash,Online
6465,2026-06-30,C1155,Desk,Furniture,West,5,16229,81145,UPI,Store
6466,2026-01-22,C1511,Office Chair,Furniture,East,5,9185,45925,UPI,Online
6467,2026-09-07,C1006,Mouse,Accessories,North,5,1413,7065,Net Banking,Distributor
6468,2026-10-18,C1702,Mobile,Electronics,South,10,24770,247700,Credit Card,Store
6469,2026-03-12,C2856,Keyboard,Accessories,East,1,3058,3058,Debit Card,Store
6470,2026-03-09,C2483,Headphones,Accessories,South,2,3663,7326,Credit Card,Online
6471,2026-06-28,C2856,Mobile,Electronics,North,7,25172,176204,Debit Card,Store
6472,2026-08-19,C1903,Monitor,Electronics,East,7,20273,141911,Cash,Store
6473,2026-03-17,C1008,Monitor,Electronics,North,7,20285,141995,Cash,Distributor
6474,2026-07-08,C1913,Tablet,Electronics,North,10,31529,315290,UPI,Distributor
6475,2026-08-11,C1888,Printer,Office,Northeast,1,12365,12365,Net Banking,Online
6476,2026-06-03,C1173,Mouse,Accessories,West,6,1393,8358,Debit Card,Store
6477,2026-03-06,C2465,Keyboard,Accessories,Northeast,9,2743,24687,Cash,Online
6478,2026-01-25,C2641,Office Chair,Furniture,North,2,9831,19662,Cash,Online
6479,2026-09-02,C2479,Desk,Furniture,North,4,15957,63828,Debit Card,Distributor
6480,2026-02-26,C1709,Printer,Office,Central,3,12422,37266,Credit Card,Distributor
6481,2026-12-09,C2050,Monitor,Electronics,North,7,20414,142898,Cash,Store
6482,2026-06-26,C2396,Tablet,Electronics,South,5,29518,147590,Debit Card,Distributor
6483,2026-12-08,C1701,Printer,Office,East,7,12341,86387,UPI,Online
6484,2026-08-08,C1942,Mouse,Accessories,Central,5,1437,7185,Debit Card,Distributor
6485,2026-07-08,C2694,Printer,Office,West,6,12751,76506,Debit Card,Distributor
6486,2026-11-21,C2150,Mouse,Accessories,North,10,1416,14160,UPI,Distributor
6487,2026-07-05,C2902,Printer,Office,West,10,13059,130590,Cash,Distributor
6488,2026-03-09,C1653,Desk,Furniture,Northeast,2,14281,28562,Cash,Online
6489,2026-06-28,C2306,Laptop,Electronics,South,5,59564,297820,Credit Card,Online
6490,2026-05-15,C2890,Laptop,Electronics,South,9,64456,580104,Cash,Online
6491,2026-06-21,C2560,Mobile,Electronics,East,2,25884,51768,Credit Card,Store
6492,2026-03-04,C2628,Monitor,Electronics,Central,9,21384,192456,UPI,Online
6493,2026-10-24,C1755,Monitor,Electronics,Northeast,4,18670,74680,Credit Card,Store
6494,2026-08-10,C2625,Keyboard,Accessories,South,10,2901,29010,Cash,Distributor
6495,2026-09-12,C2565,Tablet,Electronics,Central,2,28760,57520,UPI,Store
6496,2026-05-26,C2671,Desk,Furniture,Northeast,2,16466,32932,Debit Card,Online
6497,2026-06-24,C2703,Mobile,Electronics,South,5,24643,123215,Debit Card,Store
6498,2026-10-29,C2519,Laptop,Electronics,East,8,62834,502672,Cash,Distributor
6499,2026-07-30,C2569,Office Chair,Furniture,Northeast,5,10789,53945,Cash,Online
6500,2026-08-08,C1694,Headphones,Accessories,East,5,3762,18810,Net Banking,Distributor
6501,2026-10-07,C1158,Mobile,Electronics,West,10,22655,226550,Net Banking,Online
6502,2026-07-02,C2255,Monitor,Electronics,East,1,19217,19217,Net Banking,Distributor
6503,2026-10-15,C1014,Keyboard,Accessories,West,4,3237,12948,Credit Card,Online
6504,2026-12-28,C1729,Keyboard,Accessories,South,1,2970,2970,UPI,Distributor
6505,2026-02-25,C1113,Laptop,Electronics,Northeast,4,59622,238488,Credit Card,Store
6506,2026-11-01,C2381,Keyboard,Accessories,Northeast,3,2916,8748,Credit Card,Online
6507,2026-01-16,C1844,Mouse,Accessories,East,7,1449,10143,Net Banking,Online
6508,2026-02-25,C2347,Headphones,Accessories,Central,6,4370,26220,Net Banking,Online
6509,2026-05-10,C1196,Mobile,Electronics,East,7,24534,171738,UPI,Distributor
6510,2026-11-20,C1673,Monitor,Electronics,South,3,21960,65880,Credit Card,Online
6511,2026-08-01,C2977,Desk,Furniture,Central,7,14580,102060,Credit Card,Online
6512,2026-04-10,C1086,Monitor,Electronics,East,7,19511,136577,UPI,Store
6513,2026-10-24,C1989,Keyboard,Accessories,Northeast,9,3067,27603,Credit Card,Online
6514,2026-05-11,C2854,Keyboard,Accessories,East,3,3299,9897,Net Banking,Online
6515,2026-10-04,C1417,Mouse,Accessories,Northeast,3,1391,4173,UPI,Distributor
6516,2026-11-24,C2876,Keyboard,Accessories,Central,1,3064,3064,UPI,Store
6517,2026-10-01,C1389,Monitor,Electronics,West,10,21527,215270,Debit Card,Distributor
6518,2026-10-03,C2154,Tablet,Electronics,Central,3,29993,89979,Net Banking,Distributor
6519,2026-03-19,C2454,Monitor,Electronics,East,10,21063,210630,Net Banking,Distributor
6520,2026-12-21,C1710,Laptop,Electronics,Northeast,4,54044,216176,Net Banking,Online
6521,2026-04-21,C1022,Laptop,Electronics,South,2,59958,119916,Credit Card,Distributor
6522,2026-09-08,C2564,Office Chair,Furniture,Northeast,7,9933,69531,Debit Card,Online
6523,2026-12-16,C2659,Printer,Office,Northeast,8,11941,95528,Debit Card,Online
6524,2026-07-13,C2662,Laptop,Electronics,North,1,58964,58964,Credit Card,Online
6525,2026-08-26,C1582,Monitor,Electronics,West,4,18789,75156,Credit Card,Store
6526,2026-05-15,C1778,Tablet,Electronics,West,9,29292,263628,UPI,Distributor
6527,2026-09-19,C2662,Office Chair,Furniture,Central,2,9145,18290,Credit Card,Store
6528,2026-03-07,C1600,Desk,Furniture,East,4,14915,59660,Cash,Distributor
6529,2026-06-28,C2802,Monitor,Electronics,North,8,19015,152120,UPI,Online
6530,2026-06-03,C1107,Desk,Furniture,North,1,13979,13979,Credit Card,Store
6531,2026-04-18,C2628,Headphones,Accessories,East,2,4257,8514,Credit Card,Store
6532,2026-02-16,C2692,Office Chair,Furniture,West,5,9437,47185,Credit Card,Store
6533,2026-01-13,C1437,Tablet,Electronics,Central,1,27447,27447,Debit Card,Distributor
6534,2026-04-08,C1881,Mobile,Electronics,West,10,23109,231090,Credit Card,Store
6535,2026-03-08,C1194,Printer,Office,South,5,11686,58430,Net Banking,Online
6536,2026-04-20,C2027,Office Chair,Furniture,West,9,10167,91503,Debit Card,Store
6537,2026-08-29,C1491,Office Chair,Furniture,Central,7,9216,64512,Net Banking,Distributor
6538,2026-07-12,C1913,Mouse,Accessories,Central,4,1637,6548,UPI,Distributor
6539,2026-10-29,C1634,Keyboard,Accessories,South,10,2705,27050,Cash,Store
6540,2026-08-26,C2111,Headphones,Accessories,Central,7,3998,27986,UPI,Store
6541,2026-04-11,C1511,Desk,Furniture,North,2,15083,30166,Cash,Distributor
6542,2026-06-25,C1951,Keyboard,Accessories,Central,10,2897,28970,Debit Card,Online
6543,2026-04-19,C2184,Mouse,Accessories,North,2,1512,3024,Net Banking,Distributor
6544,2026-09-07,C2992,Keyboard,Accessories,North,4,2770,11080,Net Banking,Online
6545,2026-08-10,C1640,Monitor,Electronics,South,1,19344,19344,Credit Card,Online
6546,2026-02-19,C2172,Headphones,Accessories,East,5,3859,19295,Credit Card,Online
6547,2026-05-26,C1281,Desk,Furniture,Central,5,13504,67520,Net Banking,Online
6548,2026-07-10,C1990,Monitor,Electronics,East,5,18941,94705,Cash,Distributor
6549,2026-09-02,C2397,Mouse,Accessories,North,2,1363,2726,UPI,Online
6550,2026-04-20,C1488,Desk,Furniture,Northeast,7,13520,94640,Net Banking,Store
6551,2026-02-04,C2005,Mobile,Electronics,South,3,25071,75213,Net Banking,Store
6552,2026-11-15,C2656,Desk,Furniture,West,7,15449,108143,UPI,Distributor
6553,2026-08-20,C2858,Printer,Office,West,4,12186,48744,Credit Card,Online
6554,2026-08-22,C2351,Office Chair,Furniture,Central,5,10004,50020,Debit Card,Distributor
6555,2026-12-17,C1413,Desk,Furniture,South,5,15029,75145,Debit Card,Online
6556,2026-11-19,C2505,Desk,Furniture,West,5,15383,76915,Cash,Online
6557,2026-07-26,C1171,Keyboard,Accessories,West,7,3052,21364,Cash,Distributor
6558,2026-04-10,C2643,Monitor,Electronics,North,8,21399,171192,UPI,Store
6559,2026-12-31,C1489,Mouse,Accessories,North,2,1602,3204,Net Banking,Distributor
6560,2026-11-29,C2655,Mouse,Accessories,South,5,1555,7775,Net Banking,Distributor
6561,2026-10-06,C1116,Mouse,Accessories,East,3,1488,4464,Cash,Store
6562,2026-09-15,C2408,Mouse,Accessories,Central,4,1579,6316,Debit Card,Store
6563,2026-01-26,C1995,Office Chair,Furniture,West,9,10816,97344,Cash,Online
6564,2026-02-05,C2578,Mobile,Electronics,North,10,26907,269070,Net Banking,Distributor
6565,2026-08-03,C1959,Office Chair,Furniture,East,9,9169,82521,Credit Card,Distributor
6566,2026-03-29,C1975,Keyboard,Accessories,Northeast,5,2737,13685,UPI,Online
6567,2026-08-21,C2789,Laptop,Electronics,South,8,57570,460560,UPI,Distributor
6568,2026-08-09,C2414,Desk,Furniture,South,5,14810,74050,Net Banking,Distributor
6569,2026-12-20,C2067,Keyboard,Accessories,Northeast,5,3224,16120,Debit Card,Store
6570,2026-10-13,C1528,Mouse,Accessories,East,9,1614,14526,Credit Card,Store
6571,2026-11-05,C2501,Laptop,Electronics,North,8,55057,440456,Debit Card,Store
6572,2026-01-24,C2705,Mouse,Accessories,South,10,1410,14100,Cash,Online
6573,2026-05-13,C1501,Office Chair,Furniture,South,8,9552,76416,Net Banking,Store
6574,2026-08-13,C2819,Monitor,Electronics,West,7,20870,146090,Debit Card,Online
6575,2026-08-11,C1789,Mobile,Electronics,Central,3,26323,78969,Cash,Distributor
6576,2026-11-30,C1908,Headphones,Accessories,South,4,4217,16868,Cash,Store
6577,2026-10-03,C2918,Monitor,Electronics,South,7,19664,137648,Credit Card,Store
6578,2026-04-02,C1100,Office Chair,Furniture,South,7,10422,72954,Cash,Online
6579,2026-01-03,C2875,Tablet,Electronics,South,8,29933,239464,Credit Card,Online
6580,2026-12-09,C2010,Laptop,Electronics,West,5,64558,322790,Net Banking,Store
6581,2026-05-07,C2116,Mobile,Electronics,West,1,27311,27311,Cash,Online
6582,2026-06-04,C2632,Mobile,Electronics,North,5,27094,135470,Net Banking,Online
6583,2026-04-07,C2548,Printer,Office,West,5,11752,58760,Cash,Distributor
6584,2026-08-08,C2407,Laptop,Electronics,East,8,64275,514200,UPI,Online
6585,2026-12-01,C2377,Tablet,Electronics,West,7,29864,209048,Net Banking,Online
6586,2026-09-30,C2013,Laptop,Electronics,North,10,59454,594540,UPI,Distributor
6587,2026-10-30,C2840,Mouse,Accessories,West,7,1379,9653,Credit Card,Distributor
6588,2026-10-14,C1348,Office Chair,Furniture,South,8,10632,85056,Credit Card,Store
6589,2026-01-19,C1975,Printer,Office,West,8,12873,102984,UPI,Online
6590,2026-12-03,C2643,Laptop,Electronics,North,10,64096,640960,Credit Card,Online
6591,2026-02-03,C2084,Mobile,Electronics,West,3,25397,76191,Credit Card,Online
6592,2026-07-28,C2721,Laptop,Electronics,South,5,65492,327460,Cash,Online
6593,2026-07-02,C1550,Keyboard,Accessories,North,10,2937,29370,Cash,Store
6594,2026-02-20,C2981,Monitor,Electronics,South,10,21838,218380,Credit Card,Distributor
6595,2026-11-19,C2351,Headphones,Accessories,Central,5,3842,19210,UPI,Distributor
6596,2026-07-09,C2155,Mobile,Electronics,North,8,26022,208176,UPI,Distributor
6597,2026-05-25,C2676,Mobile,Electronics,West,8,23794,190352,Cash,Online
6598,2026-06-27,C1828,Mobile,Electronics,West,9,27392,246528,Debit Card,Store
6599,2026-10-07,C2914,Desk,Furniture,North,2,15035,30070,Debit Card,Distributor
6600,2026-11-27,C2763,Office Chair,Furniture,Northeast,8,9107,72856,Debit Card,Store
6601,2026-08-25,C1563,Mobile,Electronics,Northeast,8,26570,212560,UPI,Online
6602,2026-11-20,C2107,Mobile,Electronics,Central,5,26320,131600,Debit Card,Online
6603,2026-05-02,C1567,Mobile,Electronics,Central,3,24068,72204,Credit Card,Online
6604,2026-08-15,C1988,Mouse,Accessories,East,5,1641,8205,UPI,Online
6605,2026-03-03,C2568,Monitor,Electronics,South,6,19757,118542,UPI,Store
6606,2026-05-23,C2607,Mobile,Electronics,North,7,27459,192213,Net Banking,Online
6607,2026-04-18,C2149,Mouse,Accessories,South,9,1465,13185,UPI,Distributor
6608,2026-12-03,C2487,Headphones,Accessories,South,6,4376,26256,Debit Card,Online
6609,2026-10-02,C1320,Keyboard,Accessories,Central,5,3035,15175,Cash,Distributor
6610,2026-03-08,C1152,Laptop,Electronics,West,3,62546,187638,Cash,Online
6611,2026-05-12,C1244,Tablet,Electronics,West,1,32395,32395,UPI,Distributor
6612,2026-08-16,C1632,Desk,Furniture,North,5,13687,68435,Debit Card,Distributor
6613,2026-10-16,C1869,Desk,Furniture,Central,6,13697,82182,Cash,Distributor
6614,2026-09-12,C1228,Mobile,Electronics,South,2,25782,51564,Credit Card,Distributor
6615,2026-05-30,C1866,Headphones,Accessories,Central,6,3866,23196,Debit Card,Store
6616,2026-09-11,C1597,Headphones,Accessories,East,4,4299,17196,Debit Card,Distributor
6617,2026-10-20,C1982,Printer,Office,Northeast,1,10914,10914,Net Banking,Online
6618,2026-07-24,C1472,Mobile,Electronics,North,5,23864,119320,Cash,Online
6619,2026-07-16,C2972,Printer,Office,South,4,13021,52084,Credit Card,Store
6620,2026-06-27,C1185,Desk,Furniture,Central,4,16360,65440,Credit Card,Online
6621,2026-03-17,C1142,Laptop,Electronics,South,5,60779,303895,Cash,Distributor
6622,2026-11-03,C2567,Keyboard,Accessories,West,3,3163,9489,Cash,Online
6623,2026-05-16,C2886,Printer,Office,West,1,11167,11167,Cash,Online
6624,2026-07-22,C2856,Printer,Office,Central,10,12565,125650,Net Banking,Online
6625,2026-12-24,C1504,Keyboard,Accessories,Northeast,2,2891,5782,Cash,Store
6626,2026-06-17,C1204,Keyboard,Accessories,North,7,3268,22876,Credit Card,Online
6627,2026-08-04,C2340,Desk,Furniture,North,2,13883,27766,Cash,Distributor
6628,2026-04-28,C1270,Mouse,Accessories,Central,9,1457,13113,UPI,Online
6629,2026-08-31,C1831,Office Chair,Furniture,Northeast,3,9178,27534,UPI,Store
6630,2026-09-24,C1022,Monitor,Electronics,West,10,18343,183430,Cash,Distributor
6631,2026-06-24,C2323,Keyboard,Accessories,South,10,2894,28940,Debit Card,Distributor
6632,2026-08-21,C1587,Laptop,Electronics,South,5,65046,325230,Credit Card,Online
6633,2026-06-07,C2954,Headphones,Accessories,Central,10,3843,38430,Net Banking,Distributor
6634,2026-12-15,C1489,Headphones,Accessories,North,9,3857,34713,Debit Card,Distributor
6635,2026-01-25,C1296,Monitor,Electronics,North,10,21636,216360,UPI,Distributor
6636,2026-11-27,C2803,Office Chair,Furniture,Central,7,10127,70889,Credit Card,Online
6637,2026-04-16,C1487,Desk,Furniture,South,6,14013,84078,Cash,Store
6638,2026-10-16,C1511,Monitor,Electronics,East,5,21926,109630,Debit Card,Store
6639,2026-04-30,C1187,Office Chair,Furniture,South,10,10814,108140,Debit Card,Distributor
6640,2026-11-12,C2004,Keyboard,Accessories,West,1,2797,2797,Credit Card,Online
6641,2026-03-01,C1470,Desk,Furniture,North,8,15013,120104,Cash,Distributor
6642,2026-08-03,C1180,Printer,Office,Northeast,7,12913,90391,Net Banking,Online
6643,2026-03-14,C2414,Printer,Office,South,1,13029,13029,Debit Card,Online
6644,2026-06-19,C1689,Headphones,Accessories,South,10,4117,41170,Net Banking,Distributor
6645,2026-07-19,C2717,Laptop,Electronics,West,6,63162,378972,Net Banking,Online
6646,2026-09-16,C2019,Desk,Furniture,North,2,14469,28938,Credit Card,Distributor
6647,2026-07-03,C2644,Monitor,Electronics,West,6,20870,125220,Net Banking,Store
6648,2026-01-19,C1009,Tablet,Electronics,East,1,27457,27457,Credit Card,Distributor
6649,2026-12-06,C1356,Desk,Furniture,Northeast,2,16091,32182,Cash,Online
6650,2026-04-30,C1474,Headphones,Accessories,Northeast,7,3945,27615,UPI,Online
6651,2026-08-16,C1307,Desk,Furniture,Northeast,4,15922,63688,UPI,Distributor
6652,2026-01-07,C2501,Printer,Office,Northeast,4,11466,45864,Debit Card,Store
6653,2026-10-26,C2423,Printer,Office,East,4,13103,52412,UPI,Store
6654,2026-12-04,C2976,Headphones,Accessories,West,1,3717,3717,UPI,Online
6655,2026-03-09,C1098,Printer,Office,North,5,11751,58755,Net Banking,Store
6656,2026-12-11,C2548,Tablet,Electronics,South,1,27167,27167,Net Banking,Store
6657,2026-05-28,C2856,Desk,Furniture,South,5,13988,69940,Debit Card,Distributor
6658,2026-11-05,C1986,Office Chair,Furniture,Central,2,9940,19880,UPI,Online
6659,2026-05-31,C2345,Mouse,Accessories,North,5,1463,7315,Net Banking,Online
6660,2026-06-25,C2001,Keyboard,Accessories,South,3,2735,8205,Cash,Online
6661,2026-06-20,C1405,Laptop,Electronics,East,10,55139,551390,Cash,Distributor
6662,2026-10-24,C2391,Monitor,Electronics,West,5,18027,90135,UPI,Store
6663,2026-04-06,C2477,Laptop,Electronics,North,7,60355,422485,Net Banking,Distributor
6664,2026-01-01,C1067,Keyboard,Accessories,East,4,2823,11292,Net Banking,Distributor
6665,2026-11-02,C2353,Desk,Furniture,East,2,13950,27900,Cash,Distributor
6666,2026-02-06,C1912,Headphones,Accessories,South,3,3880,11640,Cash,Store
6667,2026-01-25,C2598,Keyboard,Accessories,Northeast,5,3089,15445,Credit Card,Store
6668,2026-09-06,C2069,Monitor,Electronics,Central,10,18108,181080,Net Banking,Store
6669,2026-08-23,C1394,Printer,Office,North,7,13113,91791,Credit Card,Distributor
6670,2026-03-27,C2625,Keyboard,Accessories,North,2,2961,5922,Net Banking,Online
6671,2026-05-13,C2062,Headphones,Accessories,North,4,4050,16200,UPI,Distributor
6672,2026-08-08,C1998,Laptop,Electronics,Central,10,65871,658710,Debit Card,Distributor
6673,2026-11-15,C1007,Headphones,Accessories,South,5,4064,20320,Debit Card,Online
6674,2026-06-21,C2733,Office Chair,Furniture,Central,7,10183,71281,Debit Card,Distributor
6675,2026-09-28,C1929,Keyboard,Accessories,East,2,3059,6118,Debit Card,Store
6676,2026-01-22,C2809,Mobile,Electronics,West,10,25449,254490,Cash,Distributor
6677,2026-01-30,C1378,Printer,Office,West,9,12350,111150,UPI,Store
6678,2026-06-28,C1804,Desk,Furniture,South,9,14489,130401,Credit Card,Store
6679,2026-09-04,C2085,Printer,Office,West,2,10912,21824,Debit Card,Online
6680,2026-04-01,C1960,Keyboard,Accessories,North,4,2957,11828,Net Banking,Online
6681,2026-06-08,C2342,Mobile,Electronics,South,8,24349,194792,Net Banking,Distributor
6682,2026-02-04,C1279,Printer,Office,East,3,11403,34209,UPI,Online
6683,2026-10-22,C2326,Desk,Furniture,Central,3,15998,47994,Debit Card,Online
6684,2026-10-22,C1591,Laptop,Electronics,Central,9,57556,518004,Cash,Distributor
6685,2026-11-28,C1573,Desk,Furniture,Central,8,15738,125904,Cash,Online
6686,2026-10-14,C2617,Desk,Furniture,West,3,15061,45183,Credit Card,Distributor
6687,2026-05-09,C2678,Keyboard,Accessories,Northeast,5,2899,14495,Cash,Store
6688,2026-06-13,C2999,Tablet,Electronics,West,4,30323,121292,Net Banking,Online
6689,2026-12-30,C1642,Printer,Office,South,8,12153,97224,Credit Card,Store
6690,2026-07-30,C2773,Monitor,Electronics,North,6,18392,110352,UPI,Online
6691,2026-10-16,C2051,Headphones,Accessories,Central,3,4276,12828,Credit Card,Distributor
6692,2026-11-29,C2339,Printer,Office,East,8,11666,93328,Cash,Online
6693,2026-01-19,C1145,Tablet,Electronics,West,5,31593,157965,UPI,Store
6694,2026-02-09,C1166,Tablet,Electronics,West,9,30942,278478,UPI,Distributor
6695,2026-01-16,C2011,Desk,Furniture,Central,1,14988,14988,Cash,Store
6696,2026-02-23,C1023,Monitor,Electronics,North,9,20990,188910,Cash,Store
6697,2026-07-13,C1478,Monitor,Electronics,North,10,21726,217260,Net Banking,Store
6698,2026-04-27,C1003,Laptop,Electronics,North,3,55985,167955,UPI,Distributor
6699,2026-05-16,C1845,Printer,Office,West,8,11364,90912,Debit Card,Online
6700,2026-01-09,C2790,Keyboard,Accessories,North,3,3282,9846,Net Banking,Distributor
6701,2026-12-27,C2089,Printer,Office,East,8,11244,89952,Net Banking,Distributor
6702,2026-12-17,C2660,Keyboard,Accessories,East,5,2911,14555,Debit Card,Distributor
6703,2026-12-05,C1370,Tablet,Electronics,West,6,27092,162552,Debit Card,Store
6704,2026-07-28,C2213,Monitor,Electronics,East,7,20316,142212,Cash,Distributor
6705,2026-02-23,C2012,Headphones,Accessories,West,2,3743,7486,UPI,Distributor
6706,2026-10-29,C1810,Headphones,Accessories,Northeast,1,3773,3773,Debit Card,Store
6707,2026-01-20,C1487,Mouse,Accessories,East,3,1556,4668,UPI,Distributor
6708,2026-11-30,C2567,Monitor,Electronics,East,3,21409,64227,Credit Card,Online
6709,2026-02-05,C1395,Tablet,Electronics,East,1,28411,28411,Debit Card,Online
6710,2026-06-25,C2729,Laptop,Electronics,South,4,62605,250420,Credit Card,Store
6711,2026-12-28,C1658,Tablet,Electronics,West,9,31141,280269,Credit Card,Store
6712,2026-03-05,C1762,Headphones,Accessories,South,8,4394,35152,Cash,Store
6713,2026-01-09,C1187,Keyboard,Accessories,North,8,2922,23376,Net Banking,Distributor
6714,2026-06-05,C2913,Mobile,Electronics,East,4,24471,97884,Net Banking,Online
6715,2026-10-16,C2612,Printer,Office,West,8,12196,97568,Cash,Online
6716,2026-06-27,C1330,Printer,Office,North,1,13012,13012,UPI,Online
6717,2026-05-04,C1344,Office Chair,Furniture,East,9,10576,95184,Net Banking,Distributor
6718,2026-12-23,C2954,Desk,Furniture,Central,5,16033,80165,Cash,Store
6719,2026-01-15,C1588,Monitor,Electronics,South,9,19347,174123,Cash,Distributor
6720,2026-12-18,C2569,Printer,Office,North,10,12831,128310,Cash,Online
6721,2026-09-28,C2036,Mouse,Accessories,North,2,1562,3124,Credit Card,Distributor
6722,2026-07-26,C1577,Printer,Office,Central,9,12805,115245,Debit Card,Distributor
6723,2026-01-30,C1721,Monitor,Electronics,Northeast,1,19141,19141,Credit Card,Distributor
6724,2026-03-22,C1043,Laptop,Electronics,West,9,65067,585603,Cash,Distributor
6725,2026-09-29,C2394,Tablet,Electronics,Central,4,30070,120280,Cash,Online
6726,2026-07-02,C2722,Headphones,Accessories,West,1,4086,4086,Credit Card,Online
6727,2026-11-19,C1203,Tablet,Electronics,West,8,30353,242824,Credit Card,Online
6728,2026-10-05,C1539,Tablet,Electronics,South,6,28800,172800,Debit Card,Distributor
6729,2026-05-19,C2625,Printer,Office,North,7,12284,85988,Credit Card,Store
6730,2026-04-09,C1038,Mouse,Accessories,West,5,1637,8185,Credit Card,Store
6731,2026-08-15,C1713,Keyboard,Accessories,East,10,3055,30550,Cash,Distributor
6732,2026-05-11,C1235,Mouse,Accessories,Northeast,7,1529,10703,Debit Card,Distributor
6733,2026-01-08,C1543,Tablet,Electronics,West,2,30332,60664,Debit Card,Online
6734,2026-12-26,C2213,Desk,Furniture,East,2,16294,32588,Net Banking,Online
6735,2026-05-02,C2256,Mouse,Accessories,East,10,1489,14890,Net Banking,Store
6736,2026-03-19,C2785,Desk,Furniture,West,2,13760,27520,Debit Card,Store
6737,2026-07-26,C1623,Mouse,Accessories,North,9,1384,12456,UPI,Store
6738,2026-05-18,C2278,Mouse,Accessories,West,3,1484,4452,Debit Card,Distributor
6739,2026-06-04,C2911,Laptop,Electronics,Northeast,9,59551,535959,UPI,Online
6740,2026-07-16,C2164,Desk,Furniture,Northeast,7,14628,102396,Net Banking,Store
6741,2026-07-01,C2545,Keyboard,Accessories,North,6,2815,16890,Cash,Online
6742,2026-05-16,C1470,Laptop,Electronics,East,5,57470,287350,Credit Card,Online
6743,2026-05-29,C1411,Printer,Office,South,1,12912,12912,Net Banking,Online
6744,2026-08-11,C2843,Keyboard,Accessories,Northeast,8,2965,23720,Credit Card,Online
6745,2026-01-26,C2980,Printer,Office,North,1,13127,13127,Cash,Store
6746,2026-11-09,C2706,Laptop,Electronics,North,1,62102,62102,Debit Card,Store
6747,2026-05-04,C2900,Headphones,Accessories,West,2,4370,8740,Net Banking,Distributor
6748,2026-08-06,C1512,Mobile,Electronics,South,7,23146,162022,Cash,Distributor
6749,2026-04-16,C2161,Mobile,Electronics,Northeast,4,22752,91008,Debit Card,Store
6750,2026-10-10,C2381,Monitor,Electronics,South,1,20511,20511,Debit Card,Online
6751,2026-08-05,C1314,Monitor,Electronics,Northeast,5,21630,108150,Net Banking,Distributor
6752,2026-07-19,C1353,Desk,Furniture,Northeast,4,14445,57780,Debit Card,Store
6753,2026-02-07,C2348,Headphones,Accessories,South,5,3991,19955,Debit Card,Store
6754,2026-05-11,C1416,Desk,Furniture,Northeast,10,15405,154050,Debit Card,Online
6755,2026-05-20,C2129,Tablet,Electronics,East,9,32159,289431,Net Banking,Store
6756,2026-09-23,C1706,Headphones,Accessories,South,7,3662,25634,Cash,Store
6757,2026-10-19,C1521,Laptop,Electronics,Northeast,9,64290,578610,Cash,Online
6758,2026-01-02,C2625,Mouse,Accessories,Central,5,1442,7210,UPI,Online
6759,2026-11-20,C2769,Monitor,Electronics,Northeast,4,21337,85348,Net Banking,Distributor
6760,2026-06-15,C1002,Tablet,Electronics,Central,2,27795,55590,Credit Card,Distributor
6761,2026-10-02,C2511,Office Chair,Furniture,South,3,10441,31323,UPI,Distributor
6762,2026-12-27,C1187,Mobile,Electronics,South,1,26659,26659,Credit Card,Distributor
6763,2026-05-02,C2941,Office Chair,Furniture,West,3,9345,28035,Cash,Online
6764,2026-05-03,C1962,Desk,Furniture,South,2,16151,32302,Debit Card,Online
6765,2026-04-25,C2014,Mouse,Accessories,North,2,1559,3118,Cash,Online
6766,2026-06-01,C1733,Monitor,Electronics,Central,8,20399,163192,Debit Card,Distributor
6767,2026-02-21,C2849,Monitor,Electronics,East,4,21693,86772,Net Banking,Store
6768,2026-11-16,C2345,Tablet,Electronics,Northeast,5,27560,137800,Cash,Online
6769,2026-10-28,C1257,Office Chair,Furniture,Central,7,10699,74893,Debit Card,Online
6770,2026-03-10,C1337,Mouse,Accessories,East,7,1500,10500,Cash,Store
6771,2026-10-26,C1167,Keyboard,Accessories,Northeast,8,3183,25464,Cash,Distributor
6772,2026-07-02,C1685,Desk,Furniture,East,2,14926,29852,UPI,Store
6773,2026-10-11,C2598,Laptop,Electronics,East,2,55866,111732,Credit Card,Online
6774,2026-02-24,C2013,Mouse,Accessories,West,4,1392,5568,Credit Card,Distributor
6775,2026-04-15,C1593,Office Chair,Furniture,North,5,10602,53010,Debit Card,Online
6776,2026-07-11,C1482,Mobile,Electronics,North,9,24512,220608,Net Banking,Distributor
6777,2026-09-12,C2428,Monitor,Electronics,South,7,20006,140042,Credit Card,Store
6778,2026-10-26,C1023,Printer,Office,South,6,11893,71358,Net Banking,Distributor
6779,2026-11-20,C1159,Monitor,Electronics,East,10,20304,203040,Cash,Store
6780,2026-06-03,C2396,Mouse,Accessories,East,1,1431,1431,Net Banking,Online
6781,2026-08-25,C2919,Laptop,Electronics,East,3,60972,182916,Cash,Store
6782,2026-01-12,C1483,Keyboard,Accessories,South,1,2810,2810,Debit Card,Store
6783,2026-08-08,C1932,Keyboard,Accessories,Central,8,2723,21784,Net Banking,Online
6784,2026-03-29,C1649,Printer,Office,South,9,11220,100980,UPI,Online
6785,2026-06-07,C1945,Headphones,Accessories,South,9,3799,34191,Cash,Online
6786,2026-12-06,C2426,Printer,Office,Central,7,11537,80759,Cash,Store
6787,2026-06-03,C1642,Mobile,Electronics,West,3,27213,81639,Debit Card,Online
6788,2026-08-02,C2231,Office Chair,Furniture,South,1,10932,10932,Cash,Online
6789,2026-07-06,C2841,Office Chair,Furniture,Central,3,9686,29058,Cash,Online
6790,2026-02-22,C2423,Mobile,Electronics,North,10,23811,238110,UPI,Online
6791,2026-11-29,C2574,Printer,Office,Northeast,3,12951,38853,Credit Card,Store
6792,2026-07-03,C2897,Mouse,Accessories,West,4,1513,6052,UPI,Distributor
6793,2026-12-15,C1511,Monitor,Electronics,Central,10,21673,216730,Net Banking,Online
6794,2026-01-22,C2858,Keyboard,Accessories,Central,6,2869,17214,UPI,Distributor
6795,2026-08-12,C2961,Tablet,Electronics,North,4,30323,121292,Credit Card,Distributor
6796,2026-07-04,C1064,Tablet,Electronics,East,1,28603,28603,Net Banking,Distributor
6797,2026-02-17,C2247,Mouse,Accessories,North,10,1477,14770,Credit Card,Online
6798,2026-08-07,C1834,Keyboard,Accessories,East,4,3129,12516,Cash,Online
6799,2026-09-09,C2946,Printer,Office,Central,2,12877,25754,Net Banking,Store
6800,2026-04-27,C1562,Office Chair,Furniture,South,8,9954,79632,Debit Card,Distributor
6801,2026-04-21,C1520,Mouse,Accessories,West,7,1387,9709,Net Banking,Online
6802,2026-04-12,C2786,Monitor,Electronics,West,10,20017,200170,Debit Card,Online
6803,2026-04-05,C2076,Tablet,Electronics,South,2,27668,55336,UPI,Online
6804,2026-08-13,C1961,Mobile,Electronics,Northeast,1,24117,24117,UPI,Store
6805,2026-07-24,C1895,Mobile,Electronics,Central,6,25474,152844,Cash,Store
6806,2026-12-17,C2313,Mouse,Accessories,West,6,1522,9132,UPI,Store
6807,2026-05-06,C1774,Keyboard,Accessories,Northeast,9,3125,28125,Cash,Distributor
6808,2026-11-10,C1828,Monitor,Electronics,North,1,19466,19466,Net Banking,Store
6809,2026-01-01,C2724,Mobile,Electronics,North,7,23887,167209,Debit Card,Online
6810,2026-01-13,C1012,Mouse,Accessories,North,9,1434,12906,Net Banking,Online
6811,2026-07-03,C1923,Mouse,Accessories,North,2,1519,3038,Cash,Store
6812,2026-10-03,C2796,Desk,Furniture,South,6,16378,98268,Credit Card,Store
6813,2026-02-20,C1386,Desk,Furniture,West,8,15420,123360,Debit Card,Online
6814,2026-01-07,C2000,Keyboard,Accessories,South,2,3219,6438,Net Banking,Store
6815,2026-02-26,C2560,Tablet,Electronics,Central,9,32330,290970,Credit Card,Store
6816,2026-07-17,C1795,Headphones,Accessories,Northeast,8,3729,29832,UPI,Online
6817,2026-10-11,C1223,Office Chair,Furniture,North,2,10795,21590,Cash,Online
6818,2026-01-27,C1793,Printer,Office,South,3,12255,36765,UPI,Online
6819,2026-12-27,C1530,Desk,Furniture,West,1,16159,16159,Cash,Online
6820,2026-01-07,C2479,Printer,Office,West,3,12602,37806,Credit Card,Online
6821,2026-01-09,C2374,Laptop,Electronics,South,6,56381,338286,Credit Card,Online
6822,2026-03-07,C2007,Headphones,Accessories,South,4,3761,15044,UPI,Store
6823,2026-09-08,C2870,Printer,Office,Northeast,4,11494,45976,Cash,Store
6824,2026-01-06,C2744,Mobile,Electronics,Northeast,1,25692,25692,Debit Card,Distributor
6825,2026-02-18,C2036,Headphones,Accessories,North,6,4146,24876,UPI,Store
6826,2026-08-16,C2499,Tablet,Electronics,East,6,28526,171156,Debit Card,Distributor
6827,2026-06-24,C2138,Headphones,Accessories,East,4,3727,14908,Credit Card,Distributor
6828,2026-01-14,C2972,Monitor,Electronics,Central,6,21609,129654,Net Banking,Distributor
6829,2026-10-28,C2171,Office Chair,Furniture,Central,9,10280,92520,Cash,Online
6830,2026-07-08,C1047,Mouse,Accessories,West,10,1606,16060,Net Banking,Store
6831,2026-04-11,C1461,Mobile,Electronics,North,5,26510,132550,Credit Card,Online
6832,2026-12-25,C2025,Headphones,Accessories,Northeast,3,3714,11142,Debit Card,Online
6833,2026-04-23,C1446,Keyboard,Accessories,North,6,3262,19572,Credit Card,Distributor
6834,2026-12-13,C1014,Desk,Furniture,West,1,15378,15378,Debit Card,Online
6835,2026-08-06,C2016,Mouse,Accessories,Central,8,1442,11536,Cash,Distributor
6836,2026-12-09,C1045,Mouse,Accessories,West,3,1515,4545,Credit Card,Online
6837,2026-07-29,C2827,Desk,Furniture,Central,1,16198,16198,Credit Card,Distributor
6838,2026-10-29,C2392,Office Chair,Furniture,South,5,9534,47670,Credit Card,Distributor
6839,2026-02-07,C1766,Tablet,Electronics,West,6,28406,170436,Net Banking,Distributor
6840,2026-12-30,C1236,Printer,Office,North,8,13071,104568,Debit Card,Online
6841,2026-10-02,C1983,Tablet,Electronics,North,6,29038,174228,Debit Card,Distributor
6842,2026-06-19,C1223,Monitor,Electronics,Central,5,19453,97265,Cash,Store
6843,2026-06-02,C2589,Tablet,Electronics,Northeast,6,32919,197514,Cash,Online
6844,2026-02-23,C1102,Office Chair,Furniture,South,3,9683,29049,Cash,Store
6845,2026-04-04,C1706,Headphones,Accessories,East,3,3693,11079,Cash,Store
6846,2026-02-15,C2532,Mouse,Accessories,East,2,1631,3262,Net Banking,Distributor
6847,2026-04-02,C1280,Office Chair,Furniture,South,3,9360,28080,UPI,Online
6848,2026-06-13,C1547,Mouse,Accessories,North,7,1428,9996,UPI,Online
6849,2026-09-20,C1817,Office Chair,Furniture,East,2,10896,21792,Credit Card,Distributor
6850,2026-10-23,C2358,Mobile,Electronics,South,2,24504,49008,Net Banking,Distributor
6851,2026-08-01,C1801,Monitor,Electronics,Northeast,3,21567,64701,Net Banking,Distributor
6852,2026-12-06,C2189,Printer,Office,South,9,10909,98181,Credit Card,Store
6853,2026-10-02,C2878,Desk,Furniture,East,9,15459,139131,UPI,Store
6854,2026-11-17,C1791,Mouse,Accessories,Central,1,1610,1610,Debit Card,Online
6855,2026-09-28,C2275,Printer,Office,North,8,11065,88520,UPI,Online
6856,2026-11-14,C1417,Tablet,Electronics,East,2,30501,61002,Cash,Distributor
6857,2026-05-19,C2522,Mobile,Electronics,Northeast,9,26648,239832,UPI,Distributor
6858,2026-03-29,C2921,Monitor,Electronics,East,10,18299,182990,Credit Card,Distributor
6859,2026-11-04,C1481,Mobile,Electronics,Central,5,23704,118520,Cash,Distributor
6860,2026-03-22,C1853,Laptop,Electronics,Northeast,8,54936,439488,UPI,Distributor
6861,2026-07-03,C2956,Tablet,Electronics,North,1,28362,28362,Credit Card,Distributor
6862,2026-04-03,C1391,Laptop,Electronics,Central,7,56713,396991,Debit Card,Distributor
6863,2026-01-20,C1285,Keyboard,Accessories,Central,8,2727,21816,UPI,Distributor
6864,2026-12-07,C1213,Tablet,Electronics,Northeast,4,30251,121004,Credit Card,Store
6865,2026-10-04,C1756,Monitor,Electronics,West,8,19972,159776,UPI,Store
6866,2026-11-10,C2900,Mobile,Electronics,North,5,26646,133230,Credit Card,Distributor
6867,2026-09-27,C2255,Headphones,Accessories,Central,2,3969,7938,Cash,Online
6868,2026-02-05,C1209,Laptop,Electronics,West,8,59291,474328,Cash,Distributor
6869,2026-05-31,C2333,Tablet,Electronics,North,3,31615,94845,Cash,Distributor
6870,2026-05-18,C1017,Monitor,Electronics,West,10,18410,184100,Cash,Online
6871,2026-09-02,C2143,Headphones,Accessories,North,7,3625,25375,Credit Card,Store
6872,2026-01-10,C1410,Laptop,Electronics,Northeast,1,56270,56270,UPI,Store
6873,2026-06-15,C1677,Mouse,Accessories,North,10,1518,15180,Net Banking,Online
6874,2026-06-06,C1830,Mobile,Electronics,West,6,24472,146832,Cash,Distributor
6875,2026-08-02,C2089,Office Chair,Furniture,Northeast,7,9484,66388,Net Banking,Distributor
6876,2026-04-03,C2139,Tablet,Electronics,East,3,31132,93396,UPI,Online
6877,2026-05-22,C2916,Monitor,Electronics,North,6,18298,109788,Debit Card,Distributor
6878,2026-07-15,C2707,Printer,Office,Central,10,12909,129090,Credit Card,Distributor
6879,2026-11-19,C1177,Tablet,Electronics,West,1,32956,32956,Credit Card,Store
6880,2026-09-25,C2885,Laptop,Electronics,East,8,62923,503384,Net Banking,Online
6881,2026-02-22,C2573,Office Chair,Furniture,East,3,10034,30102,Net Banking,Distributor
6882,2026-09-26,C1410,Laptop,Electronics,North,10,64500,645000,Net Banking,Distributor
6883,2026-09-15,C1323,Laptop,Electronics,East,5,58077,290385,Net Banking,Online
6884,2026-11-15,C2493,Keyboard,Accessories,North,5,2803,14015,Debit Card,Online
6885,2026-10-28,C1143,Tablet,Electronics,East,5,31600,158000,UPI,Online
6886,2026-11-04,C2336,Mobile,Electronics,Central,10,23941,239410,Debit Card,Online
6887,2026-11-19,C1458,Desk,Furniture,Northeast,4,14332,57328,Cash,Online
6888,2026-01-10,C2901,Office Chair,Furniture,South,10,10296,102960,Debit Card,Store
6889,2026-07-06,C2791,Headphones,Accessories,Central,8,3984,31872,Credit Card,Distributor
6890,2026-01-22,C1651,Office Chair,Furniture,Northeast,8,10275,82200,UPI,Online
6891,2026-11-11,C1933,Tablet,Electronics,North,1,31713,31713,Cash,Store
6892,2026-11-04,C2385,Laptop,Electronics,Northeast,4,57695,230780,Credit Card,Store
6893,2026-06-26,C1799,Monitor,Electronics,North,5,18394,91970,Net Banking,Distributor
6894,2026-04-27,C2278,Keyboard,Accessories,Central,8,2992,23936,Net Banking,Online
6895,2026-11-28,C1953,Office Chair,Furniture,East,2,9805,19610,Cash,Distributor
6896,2026-03-22,C2771,Monitor,Electronics,North,2,20146,40292,UPI,Store
6897,2026-11-27,C2281,Mouse,Accessories,East,9,1565,14085,Credit Card,Store
6898,2026-07-13,C2761,Mouse,Accessories,North,2,1629,3258,Cash,Store
6899,2026-02-15,C1988,Desk,Furniture,West,3,15689,47067,Cash,Online
6900,2026-01-22,C2119,Printer,Office,South,7,12130,84910,Credit Card,Online
6901,2026-09-02,C2331,Monitor,Electronics,East,8,19720,157760,Credit Card,Distributor
6902,2026-04-13,C1690,Monitor,Electronics,South,8,20337,162696,Net Banking,Distributor
6903,2026-03-26,C2635,Headphones,Accessories,South,8,3782,30256,UPI,Store
6904,2026-04-25,C1279,Office Chair,Furniture,East,2,9414,18828,Cash,Store
6905,2026-05-07,C1491,Tablet,Electronics,West,2,31694,63388,UPI,Online
6906,2026-02-18,C2666,Mouse,Accessories,South,5,1475,7375,Net Banking,Store
6907,2026-01-13,C1605,Desk,Furniture,Central,1,16081,16081,Cash,Store
6908,2026-05-27,C1629,Tablet,Electronics,South,2,29217,58434,Credit Card,Store
6909,2026-10-14,C1053,Keyboard,Accessories,East,5,3115,15575,Cash,Store
6910,2026-08-13,C1319,Printer,Office,North,3,12866,38598,Debit Card,Distributor
6911,2026-05-13,C2629,Mobile,Electronics,North,1,25999,25999,Credit Card,Distributor
6912,2026-12-20,C1463,Headphones,Accessories,Central,10,3844,38440,Credit Card,Distributor
6913,2026-10-31,C2521,Desk,Furniture,East,7,16481,115367,UPI,Store
6914,2026-12-28,C2198,Printer,Office,Central,7,11531,80717,Debit Card,Online
6915,2026-06-27,C1956,Headphones,Accessories,Central,5,3617,18085,Cash,Distributor
6916,2026-02-23,C2709,Laptop,Electronics,South,10,60166,601660,Net Banking,Distributor
6917,2026-05-16,C1008,Headphones,Accessories,Central,8,4013,32104,Cash,Distributor
6918,2026-09-28,C1542,Printer,Office,Northeast,10,11434,114340,Debit Card,Store
6919,2026-07-10,C2672,Mouse,Accessories,East,7,1388,9716,Cash,Online
6920,2026-05-16,C1998,Headphones,Accessories,South,4,3882,15528,UPI,Online
6921,2026-06-15,C1169,Monitor,Electronics,Northeast,1,20126,20126,Cash,Distributor
6922,2026-07-12,C1726,Desk,Furniture,West,6,16060,96360,Credit Card,Distributor
6923,2026-09-30,C2116,Desk,Furniture,Central,4,16022,64088,UPI,Distributor
6924,2026-10-23,C2182,Tablet,Electronics,East,2,29854,59708,Cash,Online
6925,2026-01-04,C1426,Tablet,Electronics,East,4,29076,116304,Cash,Distributor
6926,2026-08-29,C1509,Headphones,Accessories,South,1,3786,3786,Cash,Online
6927,2026-06-21,C2298,Mobile,Electronics,Central,7,23153,162071,Debit Card,Online
6928,2026-10-10,C2933,Tablet,Electronics,West,2,31602,63204,UPI,Online
6929,2026-03-18,C2057,Printer,Office,North,1,12982,12982,Cash,Store
6930,2026-12-20,C2669,Mobile,Electronics,West,3,22574,67722,UPI,Store
6931,2026-11-27,C2321,Tablet,Electronics,East,8,27633,221064,Cash,Online
6932,2026-01-28,C1804,Tablet,Electronics,North,5,30139,150695,Cash,Distributor
6933,2026-03-08,C1184,Monitor,Electronics,Northeast,3,20420,61260,Credit Card,Store
6934,2026-01-04,C1320,Desk,Furniture,Northeast,7,15345,107415,UPI,Store
6935,2026-02-15,C1139,Printer,Office,North,4,10876,43504,Net Banking,Online
6936,2026-06-09,C2690,Office Chair,Furniture,Central,1,9504,9504,Debit Card,Distributor
6937,2026-10-10,C2623,Headphones,Accessories,North,2,4159,8318,Credit Card,Distributor
6938,2026-04-12,C2791,Desk,Furniture,East,5,13761,68805,Debit Card,Online
6939,2026-04-13,C1713,Mobile,Electronics,Central,5,23775,118875,Debit Card,Store
6940,2026-06-09,C2290,Office Chair,Furniture,Northeast,5,10638,53190,Cash,Distributor
6941,2026-02-27,C2049,Tablet,Electronics,West,10,27944,279440,UPI,Online
6942,2026-08-23,C2594,Printer,Office,Northeast,7,10997,76979,Net Banking,Distributor
6943,2026-08-19,C1026,Printer,Office,North,8,11402,91216,Credit Card,Online
6944,2026-01-25,C2357,Tablet,Electronics,South,6,32229,193374,Debit Card,Online
6945,2026-06-08,C2438,Monitor,Electronics,East,2,21672,43344,UPI,Online
6946,2026-09-02,C1309,Headphones,Accessories,Central,6,3885,23310,Cash,Store
6947,2026-04-30,C1923,Keyboard,Accessories,South,2,3025,6050,UPI,Online
6948,2026-04-07,C2678,Keyboard,Accessories,East,6,2994,17964,Debit Card,Online
6949,2026-09-15,C1157,Headphones,Accessories,North,10,4350,43500,Cash,Distributor
6950,2026-04-29,C2719,Laptop,Electronics,North,3,64551,193653,Net Banking,Online
6951,2026-09-06,C1336,Mouse,Accessories,South,3,1564,4692,UPI,Online
6952,2026-02-21,C1938,Mobile,Electronics,West,6,26691,160146,Net Banking,Distributor
6953,2026-01-04,C2215,Mouse,Accessories,South,7,1523,10661,UPI,Store
6954,2026-10-20,C2874,Headphones,Accessories,South,8,3651,29208,Debit Card,Online
6955,2026-05-31,C2854,Office Chair,Furniture,Central,10,10725,107250,Cash,Distributor
6956,2026-09-13,C2075,Mobile,Electronics,South,10,25061,250610,Debit Card,Store
6957,2026-09-26,C2771,Monitor,Electronics,South,4,19168,76672,UPI,Online
6958,2026-10-10,C1075,Keyboard,Accessories,West,8,2836,22688,Cash,Online
6959,2026-11-02,C1138,Mouse,Accessories,East,7,1511,10577,Debit Card,Store
6960,2026-06-21,C2587,Monitor,Electronics,Northeast,5,18273,91365,Cash,Store
6961,2026-06-06,C2955,Mobile,Electronics,North,8,23421,187368,Net Banking,Online
6962,2026-11-10,C2792,Headphones,Accessories,West,9,3902,35118,Credit Card,Distributor
6963,2026-09-18,C1838,Tablet,Electronics,West,8,32978,263824,Cash,Store
6964,2026-09-14,C1144,Desk,Furniture,West,5,15305,76525,Cash,Distributor
6965,2026-02-24,C2183,Monitor,Electronics,Northeast,7,20937,146559,Cash,Store
6966,2026-08-17,C1860,Office Chair,Furniture,East,8,9023,72184,Debit Card,Distributor
6967,2026-11-11,C1747,Keyboard,Accessories,South,1,2782,2782,Cash,Distributor
6968,2026-07-02,C2766,Headphones,Accessories,West,1,3745,3745,UPI,Distributor
6969,2026-02-22,C1734,Laptop,Electronics,East,6,58949,353694,UPI,Distributor
6970,2026-12-08,C1815,Mobile,Electronics,South,2,25495,50990,Net Banking,Online
6971,2026-08-10,C1002,Mobile,Electronics,West,9,24743,222687,Cash,Store
6972,2026-12-12,C1238,Mouse,Accessories,South,3,1605,4815,Debit Card,Online
6973,2026-08-15,C2108,Mouse,Accessories,East,7,1373,9611,Cash,Distributor
6974,2026-05-25,C1108,Mouse,Accessories,South,5,1610,8050,Debit Card,Store
6975,2026-10-08,C2245,Mobile,Electronics,Central,6,24295,145770,Cash,Distributor
6976,2026-11-07,C2849,Printer,Office,North,4,11806,47224,Cash,Distributor
6977,2026-12-12,C2122,Office Chair,Furniture,South,9,9456,85104,Credit Card,Store
6978,2026-07-07,C2444,Keyboard,Accessories,Northeast,5,2943,14715,UPI,Online
6979,2026-01-02,C1406,Mouse,Accessories,North,2,1435,2870,Debit Card,Distributor
6980,2026-04-20,C1073,Laptop,Electronics,Central,6,56634,339804,Cash,Online
6981,2026-03-27,C2523,Tablet,Electronics,West,6,30859,185154,Credit Card,Distributor
6982,2026-05-14,C1943,Mouse,Accessories,East,8,1546,12368,Debit Card,Online
6983,2026-06-05,C2072,Mouse,Accessories,Northeast,9,1551,13959,Net Banking,Distributor
6984,2026-01-21,C1616,Printer,Office,North,3,12685,38055,Credit Card,Distributor
6985,2026-06-07,C2039,Headphones,Accessories,Central,6,4244,25464,Net Banking,Online
6986,2026-03-16,C2273,Desk,Furniture,East,8,14621,116968,Debit Card,Online
6987,2026-08-31,C2063,Mobile,Electronics,West,6,26485,158910,Debit Card,Distributor
6988,2026-09-07,C1460,Printer,Office,East,7,12906,90342,Debit Card,Store
6989,2026-10-27,C2063,Tablet,Electronics,Northeast,3,31188,93564,Cash,Store
6990,2026-08-16,C2143,Headphones,Accessories,South,5,4388,21940,Net Banking,Store
6991,2026-10-03,C2579,Office Chair,Furniture,North,10,9184,91840,Cash,Store
6992,2026-05-29,C1214,Laptop,Electronics,East,7,60187,421309,Debit Card,Distributor
6993,2026-12-09,C1161,Printer,Office,East,9,12698,114282,Net Banking,Online
6994,2026-01-06,C2925,Mouse,Accessories,Northeast,8,1552,12416,Net Banking,Online
6995,2026-07-17,C1402,Keyboard,Accessories,Central,1,3031,3031,Credit Card,Online
6996,2026-04-19,C1066,Monitor,Electronics,East,1,19497,19497,Net Banking,Store
6997,2026-02-09,C2735,Tablet,Electronics,South,9,28957,260613,Cash,Store
6998,2026-03-07,C2904,Mobile,Electronics,North,6,24929,149574,UPI,Store
6999,2026-11-12,C2559,Keyboard,Accessories,South,1,3149,3149,Net Banking,Online
7000,2026-10-12,C1336,Laptop,Electronics,East,4,57436,229744,Debit Card,Distributor
7001,2026-12-17,C2669,Laptop,Electronics,West,10,57634,576340,UPI,Store
7002,2026-02-28,C2625,Headphones,Accessories,West,5,3699,18495,Debit Card,Distributor
7003,2026-04-29,C2291,Headphones,Accessories,Northeast,7,3729,26103,UPI,Online
7004,2026-09-22,C1358,Tablet,Electronics,East,9,30313,272817,Cash,Distributor
7005,2026-05-27,C1131,Mobile,Electronics,South,6,23589,141534,Debit Card,Distributor
7006,2026-11-18,C1097,Office Chair,Furniture,North,5,10301,51505,Debit Card,Distributor
7007,2026-03-11,C1945,Printer,Office,South,3,12146,36438,UPI,Online
7008,2026-12-20,C2324,Keyboard,Accessories,West,7,2712,18984,Cash,Distributor
7009,2026-10-23,C1717,Headphones,Accessories,Northeast,8,4053,32424,Cash,Store
7010,2026-10-16,C1972,Laptop,Electronics,North,2,54108,108216,Credit Card,Store
7011,2026-09-06,C2806,Tablet,Electronics,East,1,29292,29292,UPI,Store
7012,2026-09-25,C2996,Monitor,Electronics,East,8,19443,155544,Net Banking,Store
7013,2026-04-15,C2758,Monitor,Electronics,North,2,18102,36204,UPI,Distributor
7014,2026-10-25,C1161,Mouse,Accessories,East,4,1450,5800,Debit Card,Distributor
7015,2026-08-19,C1188,Headphones,Accessories,Northeast,4,4285,17140,Credit Card,Distributor
7016,2026-06-06,C2925,Headphones,Accessories,West,6,4064,24384,Credit Card,Store
7017,2026-10-19,C1623,Mouse,Accessories,South,2,1400,2800,UPI,Online
7018,2026-05-30,C1063,Office Chair,Furniture,Central,3,10428,31284,Cash,Online
7019,2026-01-28,C1907,Mobile,Electronics,East,8,22569,180552,Debit Card,Online
7020,2026-09-15,C1607,Mobile,Electronics,West,3,24968,74904,Debit Card,Distributor
7021,2026-06-11,C2288,Headphones,Accessories,South,10,3755,37550,Credit Card,Distributor
7022,2026-04-21,C1007,Office Chair,Furniture,West,5,9496,47480,Debit Card,Online
7023,2026-11-23,C2012,Tablet,Electronics,West,2,29956,59912,Debit Card,Distributor
7024,2026-12-14,C2417,Laptop,Electronics,West,2,62642,125284,UPI,Distributor
7025,2026-04-04,C1897,Laptop,Electronics,North,4,60447,241788,Cash,Store
7026,2026-11-28,C2322,Mouse,Accessories,Northeast,1,1558,1558,Net Banking,Online
7027,2026-03-19,C2390,Laptop,Electronics,Northeast,3,62959,188877,Credit Card,Store
7028,2026-01-05,C2217,Tablet,Electronics,Northeast,8,31906,255248,Cash,Online
7029,2026-02-01,C2519,Printer,Office,North,1,11633,11633,Cash,Distributor
7030,2026-10-14,C2347,Keyboard,Accessories,East,5,2978,14890,UPI,Distributor
7031,2026-12-23,C1293,Tablet,Electronics,West,3,32232,96696,UPI,Online
7032,2026-05-09,C2402,Monitor,Electronics,East,2,19698,39396,Credit Card,Distributor
7033,2026-08-11,C1680,Printer,Office,Central,5,11391,56955,Debit Card,Online
7034,2026-10-03,C1521,Monitor,Electronics,South,8,20946,167568,UPI,Store
7035,2026-11-29,C2273,Desk,Furniture,Northeast,2,16106,32212,Credit Card,Distributor
7036,2026-07-19,C1864,Headphones,Accessories,Central,10,3618,36180,Credit Card,Distributor
7037,2026-04-25,C2377,Monitor,Electronics,East,8,18690,149520,Net Banking,Store
7038,2026-10-11,C2546,Keyboard,Accessories,Central,2,3183,6366,Net Banking,Distributor
7039,2026-05-25,C2629,Mouse,Accessories,North,3,1583,4749,Net Banking,Store
7040,2026-06-20,C2974,Tablet,Electronics,North,7,29227,204589,Credit Card,Store
7041,2026-10-28,C1849,Mouse,Accessories,East,3,1520,4560,Credit Card,Distributor
7042,2026-06-09,C2447,Mouse,Accessories,East,3,1463,4389,Cash,Store
7043,2026-09-22,C2159,Tablet,Electronics,Northeast,6,28425,170550,UPI,Distributor
7044,2026-01-25,C2881,Office Chair,Furniture,North,8,10982,87856,Cash,Store
7045,2026-12-30,C1786,Tablet,Electronics,South,7,28401,198807,Cash,Online
7046,2026-04-03,C1414,Office Chair,Furniture,South,6,10126,60756,Credit Card,Distributor
7047,2026-02-02,C2701,Headphones,Accessories,Northeast,5,3894,19470,Net Banking,Distributor
7048,2026-01-06,C1947,Mobile,Electronics,North,4,26355,105420,Cash,Online
7049,2026-04-08,C1020,Desk,Furniture,South,7,15963,111741,Debit Card,Store
7050,2026-09-29,C1556,Desk,Furniture,South,4,15249,60996,Debit Card,Distributor
7051,2026-04-21,C2838,Monitor,Electronics,East,7,19102,133714,UPI,Distributor
7052,2026-08-25,C1938,Monitor,Electronics,East,5,19718,98590,Net Banking,Store
7053,2026-01-11,C1954,Headphones,Accessories,Northeast,5,3611,18055,Credit Card,Distributor
7054,2026-11-10,C2237,Office Chair,Furniture,Northeast,6,10075,60450,UPI,Store
7055,2026-07-24,C2369,Headphones,Accessories,North,9,3823,34407,Net Banking,Online
7056,2026-08-11,C2093,Monitor,Electronics,Central,1,19732,19732,Net Banking,Online
7057,2026-08-03,C1947,Desk,Furniture,East,9,16214,145926,UPI,Distributor
7058,2026-01-29,C1498,Mobile,Electronics,West,6,22692,136152,Credit Card,Online
7059,2026-03-25,C1212,Mobile,Electronics,Central,10,22905,229050,Debit Card,Store
7060,2026-08-30,C2717,Tablet,Electronics,North,2,27901,55802,Credit Card,Online
7061,2026-08-17,C2307,Tablet,Electronics,Northeast,6,30528,183168,Net Banking,Store
7062,2026-02-23,C1490,Office Chair,Furniture,South,3,9666,28998,Debit Card,Distributor
7063,2026-10-08,C1694,Mobile,Electronics,Central,4,25002,100008,Credit Card,Store
7064,2026-01-27,C2244,Mobile,Electronics,Central,6,24575,147450,Debit Card,Store
7065,2026-04-16,C1404,Laptop,Electronics,East,2,60577,121154,Cash,Distributor
7066,2026-06-20,C1442,Office Chair,Furniture,South,5,9164,45820,Debit Card,Store
7067,2026-11-03,C1367,Desk,Furniture,North,1,14995,14995,Credit Card,Store
7068,2026-01-04,C2076,Mouse,Accessories,Central,5,1595,7975,Credit Card,Distributor
7069,2026-04-09,C1998,Mobile,Electronics,South,2,23141,46282,Credit Card,Store
7070,2026-09-01,C2257,Keyboard,Accessories,Northeast,4,3278,13112,Credit Card,Online
7071,2026-02-12,C1088,Headphones,Accessories,North,8,3709,29672,Cash,Store
7072,2026-05-26,C1294,Laptop,Electronics,Northeast,10,60859,608590,Debit Card,Distributor
7073,2026-10-07,C1751,Monitor,Electronics,South,1,18591,18591,Credit Card,Store
7074,2026-07-07,C2765,Office Chair,Furniture,South,8,10424,83392,Net Banking,Store
7075,2026-06-30,C1525,Tablet,Electronics,Central,10,32961,329610,Cash,Online
7076,2026-02-10,C2246,Office Chair,Furniture,Central,7,9871,69097,Net Banking,Online
7077,2026-05-09,C1781,Office Chair,Furniture,West,7,10592,74144,UPI,Distributor
7078,2026-07-01,C2421,Laptop,Electronics,North,8,57196,457568,Credit Card,Store
7079,2026-03-15,C1773,Headphones,Accessories,Northeast,5,3639,18195,Credit Card,Online
7080,2026-04-26,C2252,Tablet,Electronics,West,7,30480,213360,Credit Card,Distributor
7081,2026-01-27,C1655,Tablet,Electronics,South,3,28350,85050,Cash,Online
7082,2026-03-30,C2201,Laptop,Electronics,East,9,55201,496809,Credit Card,Store
7083,2026-04-04,C2351,Desk,Furniture,Northeast,10,16296,162960,Net Banking,Store
7084,2026-10-29,C1571,Monitor,Electronics,North,8,21029,168232,Debit Card,Online
7085,2026-02-15,C1097,Mobile,Electronics,South,8,26278,210224,UPI,Store
7086,2026-05-31,C2128,Office Chair,Furniture,North,7,9708,67956,Cash,Online
7087,2026-10-07,C1708,Office Chair,Furniture,West,7,10126,70882,UPI,Online
7088,2026-12-05,C1690,Office Chair,Furniture,Northeast,2,10694,21388,Debit Card,Distributor
7089,2026-02-22,C1048,Desk,Furniture,Central,6,13997,83982,Credit Card,Store
7090,2026-06-28,C1616,Monitor,Electronics,West,2,19188,38376,Debit Card,Distributor
7091,2026-03-18,C1113,Laptop,Electronics,Northeast,2,64235,128470,UPI,Online
7092,2026-09-30,C2887,Laptop,Electronics,North,8,56776,454208,Cash,Distributor
7093,2026-08-29,C2111,Printer,Office,North,10,12164,121640,Credit Card,Distributor
7094,2026-08-27,C2686,Keyboard,Accessories,West,10,3028,30280,Cash,Distributor
7095,2026-05-09,C2172,Headphones,Accessories,North,10,4251,42510,UPI,Store
7096,2026-03-05,C2178,Keyboard,Accessories,East,5,2809,14045,Debit Card,Distributor
7097,2026-02-10,C2596,Keyboard,Accessories,West,1,3264,3264,UPI,Online
7098,2026-09-27,C2390,Office Chair,Furniture,Central,2,9929,19858,Credit Card,Online
7099,2026-08-12,C1393,Mobile,Electronics,West,5,26708,133540,Net Banking,Distributor
7100,2026-07-25,C2935,Printer,Office,South,4,11703,46812,Cash,Online
7101,2026-04-16,C1079,Laptop,Electronics,Northeast,7,60652,424564,Cash,Store
7102,2026-06-01,C1413,Desk,Furniture,East,8,13538,108304,UPI,Distributor
7103,2026-11-07,C1617,Mouse,Accessories,West,3,1566,4698,Cash,Online
7104,2026-03-12,C2916,Desk,Furniture,East,4,15547,62188,Cash,Distributor
7105,2026-08-13,C2612,Tablet,Electronics,West,8,29127,233016,Net Banking,Online
7106,2026-04-13,C2281,Keyboard,Accessories,West,4,2948,11792,Debit Card,Store
7107,2026-09-02,C2110,Office Chair,Furniture,West,7,9476,66332,Net Banking,Distributor
7108,2026-01-25,C1071,Mobile,Electronics,Northeast,8,26769,214152,Net Banking,Store
7109,2026-12-06,C2991,Desk,Furniture,North,10,14836,148360,Credit Card,Distributor
7110,2026-10-24,C1569,Laptop,Electronics,North,3,54031,162093,Credit Card,Distributor
7111,2026-10-02,C2277,Mobile,Electronics,East,6,24373,146238,Cash,Distributor
7112,2026-12-07,C2232,Headphones,Accessories,South,9,3692,33228,UPI,Online
7113,2026-07-01,C2616,Headphones,Accessories,West,2,4313,8626,Credit Card,Distributor
7114,2026-06-19,C2680,Headphones,Accessories,West,7,4286,30002,Net Banking,Online
7115,2026-08-23,C1040,Tablet,Electronics,South,1,29514,29514,UPI,Store
7116,2026-03-20,C2408,Monitor,Electronics,Central,5,19377,96885,Cash,Store
7117,2026-01-13,C1594,Keyboard,Accessories,South,9,3117,28053,Debit Card,Distributor
7118,2026-08-20,C1908,Monitor,Electronics,West,8,20714,165712,Debit Card,Online
7119,2026-05-14,C2936,Office Chair,Furniture,Northeast,9,10483,94347,Credit Card,Distributor
7120,2026-05-15,C2157,Office Chair,Furniture,South,6,10938,65628,Net Banking,Online
7121,2026-05-15,C2789,Laptop,Electronics,East,2,62492,124984,UPI,Online
7122,2026-07-31,C2237,Printer,Office,Northeast,3,11626,34878,Cash,Store
7123,2026-10-15,C2098,Laptop,Electronics,Central,4,65867,263468,Net Banking,Store
7124,2026-01-02,C1090,Tablet,Electronics,Central,5,32905,164525,Net Banking,Online
7125,2026-11-12,C1168,Mouse,Accessories,West,2,1394,2788,UPI,Online
7126,2026-09-17,C2365,Desk,Furniture,East,10,14317,143170,Net Banking,Distributor
7127,2026-04-18,C1120,Mouse,Accessories,North,2,1368,2736,Cash,Online
7128,2026-02-14,C1702,Laptop,Electronics,Northeast,2,54389,108778,Credit Card,Online
7129,2026-06-10,C2760,Printer,Office,North,9,11508,103572,Cash,Distributor
7130,2026-11-01,C1537,Keyboard,Accessories,West,9,3114,28026,Cash,Distributor
7131,2026-12-30,C1875,Printer,Office,Central,9,10868,97812,Net Banking,Store
7132,2026-11-02,C1285,Desk,Furniture,Central,9,15199,136791,Net Banking,Store
7133,2026-07-03,C2355,Monitor,Electronics,West,6,19264,115584,Credit Card,Online
7134,2026-05-12,C2540,Tablet,Electronics,East,2,30734,61468,Cash,Online
7135,2026-05-12,C2710,Desk,Furniture,West,6,15691,94146,UPI,Distributor
7136,2026-09-01,C1057,Laptop,Electronics,Northeast,4,64341,257364,Credit Card,Online
7137,2026-09-20,C2898,Printer,Office,East,1,12959,12959,Cash,Distributor
7138,2026-01-29,C2796,Headphones,Accessories,North,2,3999,7998,Credit Card,Online
7139,2026-01-31,C1539,Desk,Furniture,South,1,13953,13953,Cash,Distributor
7140,2026-05-11,C1039,Office Chair,Furniture,North,10,10481,104810,UPI,Distributor
7141,2026-09-09,C1636,Headphones,Accessories,Northeast,6,3680,22080,Cash,Distributor
7142,2026-06-05,C2364,Laptop,Electronics,North,9,56265,506385,Cash,Online
7143,2026-01-28,C2522,Printer,Office,Central,9,12116,109044,Cash,Distributor
7144,2026-11-12,C2157,Desk,Furniture,Northeast,1,14450,14450,Debit Card,Distributor
7145,2026-12-17,C1097,Monitor,Electronics,South,1,21130,21130,Credit Card,Distributor
7146,2026-04-23,C1615,Desk,Furniture,South,4,16309,65236,Net Banking,Store
7147,2026-01-28,C1678,Headphones,Accessories,North,7,3684,25788,Cash,Store
7148,2026-06-02,C2554,Printer,Office,Central,3,12832,38496,UPI,Distributor
7149,2026-07-10,C1767,Mobile,Electronics,Northeast,3,24928,74784,Debit Card,Distributor
7150,2026-04-27,C1701,Tablet,Electronics,East,7,30978,216846,Cash,Store
7151,2026-09-18,C1449,Printer,Office,North,5,13022,65110,Cash,Online
7152,2026-01-20,C2644,Monitor,Electronics,East,6,20872,125232,Debit Card,Store
7153,2026-01-01,C1914,Office Chair,Furniture,West,7,10499,73493,Credit Card,Store
7154,2026-07-06,C2810,Office Chair,Furniture,Northeast,2,10203,20406,UPI,Online
7155,2026-01-22,C1496,Printer,Office,Central,2,11533,23066,UPI,Online
7156,2026-03-27,C1955,Office Chair,Furniture,Northeast,9,10725,96525,Credit Card,Distributor
7157,2026-05-16,C1383,Mouse,Accessories,East,1,1542,1542,Net Banking,Online
7158,2026-12-23,C1112,Desk,Furniture,Northeast,8,13893,111144,Credit Card,Distributor
7159,2026-09-10,C2234,Mobile,Electronics,West,10,25901,259010,UPI,Online
7160,2026-05-29,C1327,Keyboard,Accessories,East,1,2918,2918,UPI,Online
7161,2026-10-10,C2158,Office Chair,Furniture,North,2,9850,19700,Cash,Store
7162,2026-06-08,C2474,Monitor,Electronics,East,10,20462,204620,Credit Card,Store
7163,2026-03-16,C2151,Mouse,Accessories,East,1,1582,1582,Cash,Store
7164,2026-01-06,C2605,Tablet,Electronics,East,3,30245,90735,Net Banking,Store
7165,2026-03-09,C2142,Keyboard,Accessories,Northeast,7,3200,22400,Credit Card,Store
7166,2026-09-21,C2115,Mobile,Electronics,West,1,27089,27089,Debit Card,Store
7167,2026-06-01,C1254,Laptop,Electronics,Northeast,3,65894,197682,UPI,Store
7168,2026-07-12,C2714,Mobile,Electronics,East,7,24703,172921,Net Banking,Store
7169,2026-11-15,C1037,Laptop,Electronics,Central,8,58399,467192,Net Banking,Distributor
7170,2026-12-16,C1303,Laptop,Electronics,South,1,54321,54321,Net Banking,Online
7171,2026-12-19,C1796,Laptop,Electronics,Northeast,8,63427,507416,UPI,Online
7172,2026-05-22,C1168,Tablet,Electronics,South,2,32033,64066,UPI,Online
7173,2026-04-20,C1876,Mobile,Electronics,Central,5,23894,119470,Debit Card,Distributor
7174,2026-08-14,C1808,Mouse,Accessories,Northeast,8,1607,12856,Cash,Distributor
7175,2026-02-03,C2685,Laptop,Electronics,East,3,64996,194988,UPI,Distributor
7176,2026-02-08,C1757,Laptop,Electronics,East,3,56721,170163,Credit Card,Online
7177,2026-09-27,C1107,Monitor,Electronics,South,7,20494,143458,Cash,Store
7178,2026-01-22,C2661,Mouse,Accessories,West,8,1415,11320,Cash,Distributor
7179,2026-11-06,C1995,Printer,Office,East,3,12737,38211,Credit Card,Distributor
7180,2026-07-30,C1036,Printer,Office,West,6,10934,65604,Credit Card,Store
7181,2026-08-01,C2566,Mobile,Electronics,West,7,26666,186662,Debit Card,Store
7182,2026-01-03,C2685,Desk,Furniture,Central,6,14864,89184,Credit Card,Store
7183,2026-11-26,C1978,Mobile,Electronics,Central,3,23754,71262,Cash,Store
7184,2026-11-01,C2680,Laptop,Electronics,South,3,59161,177483,Net Banking,Store
7185,2026-07-12,C2245,Keyboard,Accessories,South,7,2807,19649,Debit Card,Distributor
7186,2026-12-05,C1373,Monitor,Electronics,West,3,18754,56262,Debit Card,Distributor
7187,2026-03-22,C2601,Desk,Furniture,West,4,14428,57712,Credit Card,Distributor
7188,2026-02-19,C2965,Desk,Furniture,West,6,15721,94326,UPI,Store
7189,2026-05-12,C1987,Headphones,Accessories,North,6,4299,25794,UPI,Online
7190,2026-12-24,C2727,Monitor,Electronics,Central,7,20487,143409,Credit Card,Distributor
7191,2026-06-05,C2270,Keyboard,Accessories,Central,1,2917,2917,Net Banking,Distributor
7192,2026-05-03,C1201,Tablet,Electronics,Central,4,28848,115392,UPI,Distributor
7193,2026-01-05,C2109,Mobile,Electronics,East,7,26661,186627,Credit Card,Distributor
7194,2026-02-16,C1183,Mobile,Electronics,South,10,24558,245580,Cash,Store
7195,2026-03-31,C1117,Mouse,Accessories,Northeast,2,1613,3226,Cash,Online
7196,2026-05-04,C2306,Printer,Office,Central,6,12094,72564,UPI,Online
7197,2026-06-26,C1866,Keyboard,Accessories,Central,4,2726,10904,UPI,Distributor
7198,2026-02-18,C2509,Keyboard,Accessories,East,1,2750,2750,Cash,Distributor
7199,2026-08-20,C2224,Headphones,Accessories,East,4,4259,17036,UPI,Online
7200,2026-10-21,C1575,Office Chair,Furniture,Northeast,7,9453,66171,Debit Card,Online
7201,2026-11-23,C1644,Monitor,Electronics,West,7,18726,131082,Net Banking,Store
7202,2026-01-12,C1143,Printer,Office,North,1,12328,12328,Cash,Online
7203,2026-04-26,C2148,Keyboard,Accessories,Central,10,3016,30160,Credit Card,Store
7204,2026-04-11,C2118,Office Chair,Furniture,North,9,9639,86751,Net Banking,Distributor
7205,2026-11-13,C2824,Mouse,Accessories,West,3,1519,4557,UPI,Distributor
7206,2026-02-10,C2696,Laptop,Electronics,East,7,57253,400771,UPI,Store
7207,2026-01-20,C1634,Laptop,Electronics,Central,2,55113,110226,UPI,Online
7208,2026-10-05,C2032,Office Chair,Furniture,East,3,9180,27540,Net Banking,Online
7209,2026-06-28,C2666,Office Chair,Furniture,Northeast,1,10579,10579,Cash,Store
7210,2026-08-22,C2310,Desk,Furniture,Central,6,14646,87876,Credit Card,Distributor
7211,2026-11-28,C2258,Desk,Furniture,South,1,13996,13996,UPI,Store
7212,2026-09-08,C2615,Office Chair,Furniture,East,5,9709,48545,Debit Card,Distributor
7213,2026-08-20,C1450,Mouse,Accessories,East,4,1426,5704,Net Banking,Store
7214,2026-11-27,C1324,Office Chair,Furniture,North,2,9676,19352,Net Banking,Online
7215,2026-03-23,C1679,Mouse,Accessories,West,10,1463,14630,Credit Card,Store
7216,2026-09-25,C2278,Monitor,Electronics,West,3,19581,58743,UPI,Distributor
7217,2026-10-05,C2014,Desk,Furniture,Central,10,16146,161460,Net Banking,Store
7218,2026-08-22,C1493,Mobile,Electronics,Northeast,8,25537,204296,Net Banking,Store
7219,2026-08-02,C2769,Laptop,Electronics,Northeast,1,63148,63148,UPI,Store
7220,2026-11-07,C1968,Laptop,Electronics,South,6,60433,362598,UPI,Store
7221,2026-03-15,C2510,Monitor,Electronics,West,3,19261,57783,Credit Card,Online
7222,2026-11-11,C2013,Monitor,Electronics,Central,2,19293,38586,Net Banking,Online
7223,2026-12-11,C1274,Office Chair,Furniture,Northeast,2,9701,19402,UPI,Online
7224,2026-01-29,C2553,Office Chair,Furniture,West,4,9382,37528,Debit Card,Distributor
7225,2026-03-16,C1445,Headphones,Accessories,South,8,4399,35192,UPI,Store
7226,2026-07-23,C1936,Tablet,Electronics,Northeast,4,28460,113840,Debit Card,Distributor
7227,2026-05-19,C2221,Mouse,Accessories,Central,9,1519,13671,UPI,Store
7228,2026-01-25,C2706,Monitor,Electronics,Northeast,9,21549,193941,UPI,Store
7229,2026-10-25,C1287,Printer,Office,West,8,11373,90984,Net Banking,Store
7230,2026-01-15,C2258,Tablet,Electronics,East,6,27718,166308,Cash,Distributor
7231,2026-04-08,C2446,Laptop,Electronics,Central,3,59623,178869,Net Banking,Distributor
7232,2026-08-26,C2411,Desk,Furniture,South,4,16312,65248,Credit Card,Store
7233,2026-05-14,C2797,Desk,Furniture,Central,5,16335,81675,Net Banking,Online
7234,2026-03-24,C1980,Laptop,Electronics,East,2,57950,115900,Credit Card,Online
7235,2026-12-09,C2714,Mobile,Electronics,Central,7,24177,169239,Net Banking,Online
7236,2026-09-17,C2115,Headphones,Accessories,Central,10,4279,42790,Cash,Distributor
7237,2026-04-02,C2962,Desk,Furniture,North,5,14673,73365,UPI,Distributor
7238,2026-01-30,C1457,Desk,Furniture,North,9,15954,143586,Cash,Online
7239,2026-01-14,C1476,Keyboard,Accessories,Northeast,1,2842,2842,UPI,Store
7240,2026-03-04,C2287,Laptop,Electronics,Central,6,61584,369504,Debit Card,Distributor
7241,2026-01-30,C2976,Laptop,Electronics,East,7,65260,456820,Net Banking,Store
7242,2026-01-31,C2750,Mobile,Electronics,West,9,25256,227304,Debit Card,Online
7243,2026-12-16,C1861,Keyboard,Accessories,Central,1,2991,2991,Cash,Store
7244,2026-08-23,C2977,Headphones,Accessories,South,8,3603,28824,Cash,Online
7245,2026-04-20,C2654,Monitor,Electronics,South,2,20984,41968,Net Banking,Store
7246,2026-12-10,C2321,Keyboard,Accessories,Northeast,6,2989,17934,Net Banking,Store
7247,2026-09-29,C2771,Laptop,Electronics,East,3,57349,172047,Debit Card,Store
7248,2026-09-08,C1425,Tablet,Electronics,Northeast,3,27704,83112,UPI,Store
7249,2026-01-21,C2612,Printer,Office,North,6,11010,66060,UPI,Store
7250,2026-08-26,C1036,Tablet,Electronics,East,8,28783,230264,Cash,Store
7251,2026-08-24,C1942,Desk,Furniture,East,7,16355,114485,Credit Card,Distributor
7252,2026-05-25,C2002,Monitor,Electronics,West,3,20457,61371,Credit Card,Distributor
7253,2026-05-16,C1377,Mouse,Accessories,West,6,1576,9456,UPI,Online
7254,2026-09-28,C2116,Printer,Office,North,2,11490,22980,Net Banking,Distributor
7255,2026-11-26,C1123,Monitor,Electronics,Northeast,8,19687,157496,Net Banking,Online
7256,2026-04-22,C2585,Laptop,Electronics,East,5,55200,276000,UPI,Online
7257,2026-09-04,C1993,Tablet,Electronics,Central,3,30874,92622,Net Banking,Distributor
7258,2026-05-02,C1664,Tablet,Electronics,Northeast,4,31507,126028,Net Banking,Distributor
7259,2026-02-18,C2769,Laptop,Electronics,West,3,55514,166542,Credit Card,Distributor
7260,2026-04-21,C1537,Desk,Furniture,North,6,13917,83502,Credit Card,Store
7261,2026-04-14,C1668,Office Chair,Furniture,Northeast,3,10052,30156,Cash,Online
7262,2026-01-06,C2507,Office Chair,Furniture,Central,10,10715,107150,Credit Card,Store
7263,2026-01-29,C1520,Monitor,Electronics,Central,3,20931,62793,Debit Card,Store
7264,2026-04-20,C1974,Printer,Office,East,10,12201,122010,Debit Card,Online
7265,2026-06-11,C1086,Mobile,Electronics,East,10,22871,228710,UPI,Store
7266,2026-02-09,C1377,Mobile,Electronics,Central,4,23529,94116,Cash,Store
7267,2026-07-25,C1152,Mobile,Electronics,Northeast,3,22712,68136,Credit Card,Distributor
7268,2026-02-07,C1044,Office Chair,Furniture,North,6,9681,58086,Debit Card,Store
7269,2026-10-03,C2270,Tablet,Electronics,Central,5,29686,148430,Credit Card,Store
7270,2026-06-06,C1066,Mobile,Electronics,Central,5,27163,135815,Credit Card,Online
7271,2026-08-25,C1444,Office Chair,Furniture,South,6,10725,64350,Cash,Online
7272,2026-08-14,C1696,Desk,Furniture,West,3,13628,40884,Debit Card,Online
7273,2026-05-29,C1307,Monitor,Electronics,Northeast,4,20263,81052,Credit Card,Store
7274,2026-08-09,C2582,Mobile,Electronics,South,2,25734,51468,Credit Card,Distributor
7275,2026-09-30,C2734,Mobile,Electronics,East,3,26696,80088,Debit Card,Store
7276,2026-12-13,C1757,Monitor,Electronics,Central,5,21001,105005,Cash,Store
7277,2026-08-06,C2745,Headphones,Accessories,Northeast,9,3774,33966,Credit Card,Distributor
7278,2026-06-16,C1303,Desk,Furniture,East,2,14272,28544,UPI,Online
7279,2026-10-03,C1292,Headphones,Accessories,South,8,4026,32208,Credit Card,Distributor
7280,2026-09-25,C1527,Monitor,Electronics,Northeast,9,19127,172143,Net Banking,Store
7281,2026-11-05,C2766,Mouse,Accessories,Northeast,6,1366,8196,Credit Card,Store
7282,2026-04-29,C2602,Laptop,Electronics,Northeast,2,54650,109300,UPI,Online
7283,2026-11-12,C1495,Headphones,Accessories,North,5,3733,18665,UPI,Store
7284,2026-09-30,C2031,Desk,Furniture,East,9,13757,123813,Net Banking,Online
7285,2026-03-13,C2677,Mouse,Accessories,Northeast,6,1489,8934,Cash,Distributor
7286,2026-06-18,C1066,Laptop,Electronics,North,6,55990,335940,Credit Card,Distributor
7287,2026-07-15,C2699,Office Chair,Furniture,East,5,10415,52075,Net Banking,Online
7288,2026-02-24,C1352,Headphones,Accessories,East,1,4167,4167,Cash,Store
7289,2026-11-24,C2367,Keyboard,Accessories,South,1,3219,3219,UPI,Store
7290,2026-06-24,C2262,Office Chair,Furniture,South,5,9698,48490,Debit Card,Distributor
7291,2026-01-23,C1315,Tablet,Electronics,East,6,28127,168762,Net Banking,Online
7292,2026-07-03,C2735,Printer,Office,South,10,11239,112390,Credit Card,Online
7293,2026-09-16,C2814,Monitor,Electronics,West,3,18213,54639,Cash,Online
7294,2026-05-15,C2349,Mouse,Accessories,Northeast,5,1451,7255,UPI,Online
7295,2026-09-30,C2367,Keyboard,Accessories,South,8,2701,21608,Cash,Online
7296,2026-07-05,C1245,Mouse,Accessories,Northeast,2,1391,2782,UPI,Distributor
7297,2026-01-26,C1721,Mouse,Accessories,South,4,1629,6516,Credit Card,Distributor
7298,2026-07-07,C2254,Keyboard,Accessories,West,6,2707,16242,Credit Card,Distributor
7299,2026-10-26,C1337,Laptop,Electronics,East,6,65495,392970,Net Banking,Store
7300,2026-12-20,C1966,Headphones,Accessories,South,2,3779,7558,Debit Card,Store
7301,2026-07-30,C2742,Tablet,Electronics,North,3,32739,98217,Credit Card,Online
7302,2026-05-29,C2357,Office Chair,Furniture,East,7,9049,63343,Debit Card,Online
7303,2026-10-22,C2353,Headphones,Accessories,Central,8,3973,31784,Debit Card,Store
7304,2026-02-22,C2604,Desk,Furniture,Northeast,7,15785,110495,UPI,Online
7305,2026-11-24,C2800,Monitor,Electronics,South,2,18966,37932,Credit Card,Online
7306,2026-10-08,C1197,Headphones,Accessories,West,1,4200,4200,Cash,Store
7307,2026-11-24,C2558,Mobile,Electronics,Central,10,24073,240730,Debit Card,Online
7308,2026-08-15,C2812,Laptop,Electronics,East,9,55397,498573,Debit Card,Distributor
7309,2026-06-14,C2815,Mouse,Accessories,Central,3,1565,4695,Debit Card,Online
7310,2026-05-10,C2078,Printer,Office,South,10,11251,112510,Credit Card,Online
7311,2026-10-20,C2426,Desk,Furniture,South,4,14590,58360,UPI,Online
7312,2026-11-19,C1717,Headphones,Accessories,Northeast,3,4133,12399,Cash,Online
7313,2026-06-08,C1763,Mobile,Electronics,West,7,26625,186375,Debit Card,Online
7314,2026-06-19,C1680,Headphones,Accessories,West,7,3945,27615,Credit Card,Store
7315,2026-03-23,C1612,Printer,Office,East,3,12863,38589,UPI,Distributor
7316,2026-08-27,C2653,Desk,Furniture,East,6,13934,83604,Cash,Online
7317,2026-04-19,C1743,Tablet,Electronics,South,2,29075,58150,Credit Card,Distributor
7318,2026-10-18,C2797,Headphones,Accessories,North,4,3798,15192,Cash,Distributor
7319,2026-02-10,C2797,Headphones,Accessories,East,10,4346,43460,Credit Card,Store
7320,2026-10-24,C1346,Tablet,Electronics,North,8,29152,233216,Net Banking,Online
7321,2026-08-16,C1371,Headphones,Accessories,Northeast,7,3754,26278,Cash,Distributor
7322,2026-12-04,C2942,Monitor,Electronics,Northeast,1,21206,21206,UPI,Store
7323,2026-09-05,C2391,Tablet,Electronics,East,3,32372,97116,UPI,Online
7324,2026-07-04,C2027,Keyboard,Accessories,Northeast,9,2996,26964,Cash,Store
7325,2026-07-30,C2434,Laptop,Electronics,East,7,61896,433272,Credit Card,Online
7326,2026-07-14,C2120,Desk,Furniture,Central,4,15053,60212,Credit Card,Store
7327,2026-05-14,C2728,Mouse,Accessories,West,5,1588,7940,Net Banking,Online
7328,2026-12-22,C1264,Office Chair,Furniture,Central,1,10202,10202,Credit Card,Online
7329,2026-06-04,C2796,Monitor,Electronics,North,9,20668,186012,Cash,Online
7330,2026-04-04,C1607,Mouse,Accessories,West,6,1637,9822,Net Banking,Store
7331,2026-07-17,C2784,Tablet,Electronics,West,1,28853,28853,Credit Card,Distributor
7332,2026-08-03,C1449,Office Chair,Furniture,West,8,9669,77352,Credit Card,Distributor
7333,2026-03-04,C1474,Headphones,Accessories,Central,10,3646,36460,Cash,Store
7334,2026-03-08,C1269,Mouse,Accessories,West,8,1387,11096,Cash,Distributor
7335,2026-10-17,C2830,Headphones,Accessories,East,7,3613,25291,Debit Card,Store
7336,2026-04-28,C1404,Mobile,Electronics,North,6,23613,141678,Net Banking,Store
7337,2026-06-09,C1759,Tablet,Electronics,North,4,29143,116572,Cash,Store
7338,2026-12-30,C1398,Laptop,Electronics,South,5,57892,289460,Debit Card,Store
7339,2026-04-22,C2901,Keyboard,Accessories,Northeast,5,2832,14160,UPI,Store
7340,2026-11-03,C1624,Desk,Furniture,Central,2,15017,30034,Net Banking,Store
7341,2026-12-23,C1114,Monitor,Electronics,North,3,19415,58245,Debit Card,Distributor
7342,2026-07-09,C1163,Monitor,Electronics,West,2,18858,37716,Debit Card,Store
7343,2026-05-31,C2513,Headphones,Accessories,West,2,4160,8320,Credit Card,Store
7344,2026-01-08,C1025,Laptop,Electronics,Central,1,59294,59294,Debit Card,Store
7345,2026-11-07,C1740,Keyboard,Accessories,East,7,2741,19187,Net Banking,Distributor
7346,2026-10-06,C2606,Mouse,Accessories,South,3,1387,4161,UPI,Store
7347,2026-05-30,C1951,Tablet,Electronics,Northeast,6,27863,167178,UPI,Store
7348,2026-11-14,C2522,Laptop,Electronics,East,5,55984,279920,UPI,Store
7349,2026-05-11,C1969,Mouse,Accessories,South,1,1378,1378,Credit Card,Distributor
7350,2026-11-10,C2524,Mobile,Electronics,South,4,24979,99916,Net Banking,Store
7351,2026-12-09,C1066,Desk,Furniture,Northeast,9,14942,134478,Debit Card,Distributor
7352,2026-09-04,C2067,Mouse,Accessories,Northeast,9,1489,13401,Cash,Distributor
7353,2026-03-07,C1413,Keyboard,Accessories,West,10,3205,32050,Debit Card,Online
7354,2026-04-25,C2665,Monitor,Electronics,North,6,20526,123156,Cash,Distributor
7355,2026-04-26,C1502,Mobile,Electronics,Central,1,22878,22878,Debit Card,Online
7356,2026-10-29,C2682,Keyboard,Accessories,East,9,3155,28395,Debit Card,Store
7357,2026-04-13,C2679,Office Chair,Furniture,Northeast,8,10359,82872,Credit Card,Store
7358,2026-06-06,C2484,Monitor,Electronics,South,8,21440,171520,UPI,Distributor
7359,2026-01-17,C1568,Mouse,Accessories,Northeast,3,1542,4626,Debit Card,Store
7360,2026-02-11,C1179,Keyboard,Accessories,West,9,2993,26937,UPI,Store
7361,2026-05-23,C2254,Laptop,Electronics,South,3,62418,187254,Credit Card,Online
7362,2026-09-27,C1327,Desk,Furniture,South,9,14932,134388,Net Banking,Store
7363,2026-06-21,C1500,Monitor,Electronics,West,1,19581,19581,UPI,Online
7364,2026-08-30,C2561,Office Chair,Furniture,Central,9,10522,94698,UPI,Distributor
7365,2026-09-20,C1117,Desk,Furniture,West,6,14487,86922,Credit Card,Online
7366,2026-01-13,C2448,Mobile,Electronics,South,5,24860,124300,UPI,Distributor
7367,2026-09-13,C2423,Office Chair,Furniture,East,5,9188,45940,Credit Card,Online
7368,2026-10-09,C2964,Tablet,Electronics,East,7,29362,205534,Debit Card,Store
7369,2026-03-09,C2652,Laptop,Electronics,North,10,60652,606520,Debit Card,Online
7370,2026-11-06,C2481,Mouse,Accessories,East,7,1549,10843,Net Banking,Store
7371,2026-08-12,C2712,Laptop,Electronics,Central,1,65715,65715,Debit Card,Store
7372,2026-07-24,C2262,Printer,Office,Central,6,13116,78696,UPI,Store
7373,2026-01-18,C1783,Keyboard,Accessories,East,1,2792,2792,Cash,Online
7374,2026-02-12,C2825,Keyboard,Accessories,East,8,2993,23944,Cash,Distributor
7375,2026-05-25,C1235,Office Chair,Furniture,North,5,9671,48355,UPI,Distributor
7376,2026-09-14,C3000,Printer,Office,North,3,11324,33972,Cash,Store
7377,2026-02-25,C2660,Office Chair,Furniture,East,5,10223,51115,Net Banking,Online
7378,2026-02-24,C1961,Office Chair,Furniture,East,4,9537,38148,UPI,Store
7379,2026-11-13,C2830,Desk,Furniture,South,8,14237,113896,UPI,Online
7380,2026-11-18,C1653,Monitor,Electronics,South,1,21950,21950,UPI,Distributor
7381,2026-09-07,C1335,Monitor,Electronics,Central,3,18055,54165,Debit Card,Online
7382,2026-10-15,C1118,Headphones,Accessories,East,3,3788,11364,Credit Card,Distributor
7383,2026-08-10,C1559,Printer,Office,Northeast,3,11392,34176,Net Banking,Distributor
7384,2026-07-21,C1245,Monitor,Electronics,East,6,20884,125304,Cash,Online
7385,2026-01-19,C1313,Office Chair,Furniture,Central,9,10890,98010,UPI,Store
7386,2026-08-07,C2527,Keyboard,Accessories,North,7,3010,21070,Credit Card,Distributor
7387,2026-11-01,C2178,Desk,Furniture,East,3,14707,44121,UPI,Store
7388,2026-06-06,C2471,Keyboard,Accessories,West,6,3143,18858,Debit Card,Distributor
7389,2026-12-09,C1537,Keyboard,Accessories,East,1,3185,3185,Debit Card,Online
7390,2026-04-13,C1210,Mouse,Accessories,East,10,1364,13640,Debit Card,Online
7391,2026-10-26,C2592,Printer,Office,South,3,11907,35721,Debit Card,Distributor
7392,2026-04-20,C2102,Desk,Furniture,Northeast,1,15978,15978,UPI,Store
7393,2026-09-25,C2751,Mouse,Accessories,North,6,1516,9096,Debit Card,Distributor
7394,2026-07-22,C2123,Keyboard,Accessories,West,8,2963,23704,Net Banking,Online
7395,2026-12-30,C2957,Office Chair,Furniture,South,9,9855,88695,Net Banking,Store
7396,2026-05-17,C2429,Mobile,Electronics,West,8,24908,199264,Credit Card,Store
7397,2026-08-16,C2782,Mouse,Accessories,West,1,1353,1353,Cash,Distributor
7398,2026-09-06,C1789,Keyboard,Accessories,West,8,3263,26104,Net Banking,Store
7399,2026-03-14,C2886,Mobile,Electronics,South,9,23332,209988,UPI,Distributor
7400,2026-09-12,C1418,Laptop,Electronics,Central,2,63771,127542,Credit Card,Distributor
7401,2026-06-14,C2629,Keyboard,Accessories,Northeast,4,2734,10936,Cash,Online
7402,2026-10-06,C2770,Mouse,Accessories,Northeast,8,1559,12472,Net Banking,Store
7403,2026-02-09,C2107,Printer,Office,West,6,12496,74976,Debit Card,Store
7404,2026-05-17,C1884,Desk,Furniture,Central,4,16304,65216,Cash,Online
7405,2026-05-05,C1373,Monitor,Electronics,Central,4,18898,75592,UPI,Online
7406,2026-01-10,C1963,Keyboard,Accessories,Central,2,2772,5544,UPI,Online
7407,2026-07-11,C2808,Laptop,Electronics,West,7,59394,415758,UPI,Online
7408,2026-12-12,C1862,Desk,Furniture,West,2,14434,28868,Net Banking,Online
7409,2026-02-08,C1919,Printer,Office,Central,6,11413,68478,Debit Card,Distributor
7410,2026-02-06,C2615,Tablet,Electronics,East,8,27277,218216,UPI,Store
7411,2026-11-11,C2965,Laptop,Electronics,Northeast,10,60745,607450,Cash,Store
7412,2026-07-04,C2957,Laptop,Electronics,Central,5,56887,284435,Net Banking,Distributor
7413,2026-03-07,C1878,Monitor,Electronics,North,4,19275,77100,Debit Card,Store
7414,2026-01-22,C2207,Headphones,Accessories,Northeast,10,4339,43390,Credit Card,Store
7415,2026-10-02,C1803,Office Chair,Furniture,Northeast,4,10080,40320,Cash,Distributor
7416,2026-06-22,C1240,Printer,Office,Central,6,12113,72678,UPI,Store
7417,2026-01-31,C1387,Desk,Furniture,West,4,13743,54972,Cash,Online
7418,2026-02-22,C2110,Tablet,Electronics,Northeast,6,28310,169860,Credit Card,Distributor
7419,2026-01-30,C2782,Desk,Furniture,North,8,14964,119712,UPI,Store
7420,2026-06-05,C2350,Desk,Furniture,North,4,14687,58748,Debit Card,Store
7421,2026-10-24,C1088,Keyboard,Accessories,South,3,3115,9345,UPI,Store
7422,2026-07-21,C2778,Mobile,Electronics,Northeast,1,27469,27469,Debit Card,Distributor
7423,2026-06-13,C2838,Headphones,Accessories,Central,2,4318,8636,Debit Card,Distributor
7424,2026-09-16,C1565,Monitor,Electronics,South,10,21564,215640,Cash,Online
7425,2026-07-07,C2397,Office Chair,Furniture,North,6,9538,57228,Debit Card,Store
7426,2026-07-02,C1189,Mobile,Electronics,South,1,24926,24926,Credit Card,Online
7427,2026-04-13,C2213,Desk,Furniture,South,3,13885,41655,Credit Card,Store
7428,2026-09-13,C1667,Tablet,Electronics,Central,1,28932,28932,Credit Card,Store
7429,2026-03-01,C2372,Keyboard,Accessories,East,4,3205,12820,Net Banking,Store
7430,2026-07-09,C1232,Laptop,Electronics,Northeast,8,65641,525128,Debit Card,Distributor
7431,2026-03-17,C1300,Office Chair,Furniture,South,5,9157,45785,Net Banking,Online
7432,2026-03-30,C2942,Keyboard,Accessories,East,4,2749,10996,UPI,Distributor
7433,2026-10-31,C2766,Desk,Furniture,South,3,14118,42354,Net Banking,Online
7434,2026-07-15,C1467,Keyboard,Accessories,North,2,3030,6060,Debit Card,Online
7435,2026-01-19,C2780,Keyboard,Accessories,West,5,3082,15410,Net Banking,Store
7436,2026-12-19,C1966,Laptop,Electronics,East,8,56916,455328,Debit Card,Online
7437,2026-10-15,C1627,Mouse,Accessories,Northeast,9,1414,12726,Credit Card,Distributor
7438,2026-10-15,C1405,Office Chair,Furniture,Northeast,3,10752,32256,Net Banking,Distributor
7439,2026-03-14,C1738,Desk,Furniture,East,3,14629,43887,Credit Card,Store
7440,2026-05-02,C2000,Laptop,Electronics,East,6,59543,357258,Net Banking,Online
7441,2026-11-17,C1179,Mouse,Accessories,East,1,1547,1547,Net Banking,Distributor
7442,2026-02-25,C2917,Tablet,Electronics,West,4,32147,128588,Cash,Distributor
7443,2026-04-12,C2684,Keyboard,Accessories,East,8,2742,21936,Debit Card,Distributor
7444,2026-05-28,C2549,Printer,Office,South,7,12449,87143,Credit Card,Online
7445,2026-10-28,C1047,Printer,Office,Central,2,11433,22866,Cash,Distributor
7446,2026-10-06,C1104,Printer,Office,East,6,11240,67440,Credit Card,Online
7447,2026-08-27,C1597,Office Chair,Furniture,Central,9,10201,91809,Debit Card,Distributor
7448,2026-03-06,C1066,Tablet,Electronics,West,5,28344,141720,Cash,Distributor
7449,2026-02-28,C1863,Laptop,Electronics,Central,8,59494,475952,Debit Card,Distributor
7450,2026-12-31,C2727,Tablet,Electronics,North,8,32362,258896,Debit Card,Store
7451,2026-12-21,C2057,Desk,Furniture,East,1,13561,13561,Credit Card,Online
7452,2026-02-16,C1267,Office Chair,Furniture,Northeast,6,9705,58230,Credit Card,Distributor
7453,2026-01-24,C1106,Office Chair,Furniture,Northeast,5,10841,54205,Credit Card,Distributor
7454,2026-06-20,C1245,Printer,Office,West,3,11419,34257,Debit Card,Distributor
7455,2026-07-26,C1616,Keyboard,Accessories,West,4,2763,11052,Net Banking,Distributor
7456,2026-09-12,C1424,Mouse,Accessories,South,7,1426,9982,Debit Card,Distributor
7457,2026-12-13,C1791,Tablet,Electronics,East,10,32477,324770,UPI,Distributor
7458,2026-02-04,C2860,Keyboard,Accessories,Central,1,2761,2761,Net Banking,Distributor
7459,2026-01-08,C1080,Monitor,Electronics,East,10,18518,185180,Net Banking,Online
7460,2026-04-28,C1949,Monitor,Electronics,Northeast,3,20435,61305,Credit Card,Store
7461,2026-10-18,C1704,Monitor,Electronics,Northeast,5,20969,104845,UPI,Online
7462,2026-01-01,C2828,Desk,Furniture,West,2,14008,28016,Cash,Distributor
7463,2026-12-11,C1224,Monitor,Electronics,North,4,18055,72220,Net Banking,Store
7464,2026-02-06,C1979,Keyboard,Accessories,North,1,2772,2772,Credit Card,Distributor
7465,2026-05-26,C1198,Desk,Furniture,South,3,13799,41397,Debit Card,Distributor
7466,2026-01-11,C2036,Laptop,Electronics,North,3,59488,178464,Debit Card,Distributor
7467,2026-09-24,C2404,Laptop,Electronics,Central,1,64724,64724,Credit Card,Store
7468,2026-11-04,C2592,Mobile,Electronics,North,8,23533,188264,Cash,Store
7469,2026-06-10,C2217,Mobile,Electronics,West,8,23376,187008,Credit Card,Store
7470,2026-07-21,C1728,Laptop,Electronics,West,9,54657,491913,Credit Card,Online
7471,2026-12-20,C1154,Tablet,Electronics,West,7,29245,204715,UPI,Distributor
7472,2026-09-13,C1246,Desk,Furniture,West,8,15376,123008,Credit Card,Store
7473,2026-11-01,C2485,Office Chair,Furniture,Northeast,7,10415,72905,UPI,Distributor
7474,2026-09-05,C2707,Printer,Office,West,1,12135,12135,UPI,Distributor
7475,2026-06-10,C2127,Laptop,Electronics,West,10,58924,589240,Cash,Online
7476,2026-01-06,C2304,Keyboard,Accessories,East,8,2781,22248,Debit Card,Distributor
7477,2026-05-05,C1006,Office Chair,Furniture,North,10,10450,104500,UPI,Online
7478,2026-08-15,C2100,Office Chair,Furniture,South,1,9823,9823,Net Banking,Online
7479,2026-01-26,C1665,Desk,Furniture,North,1,14708,14708,UPI,Distributor
7480,2026-12-31,C2126,Headphones,Accessories,East,7,4350,30450,UPI,Distributor
7481,2026-07-05,C2701,Laptop,Electronics,Central,2,59255,118510,UPI,Distributor
7482,2026-09-29,C2271,Mouse,Accessories,Northeast,6,1499,8994,Cash,Online
7483,2026-11-21,C2529,Printer,Office,West,7,11555,80885,Credit Card,Online
7484,2026-07-10,C1688,Laptop,Electronics,Central,3,65336,196008,UPI,Store
7485,2026-08-25,C2205,Desk,Furniture,North,7,14692,102844,Credit Card,Online
7486,2026-06-14,C2488,Mobile,Electronics,East,10,22672,226720,Debit Card,Distributor
7487,2026-11-22,C1543,Monitor,Electronics,Central,1,18933,18933,Cash,Online
7488,2026-01-29,C1028,Keyboard,Accessories,South,9,2832,25488,Debit Card,Store
7489,2026-12-27,C2898,Tablet,Electronics,Central,2,27643,55286,Cash,Online
7490,2026-10-07,C2841,Office Chair,Furniture,West,1,10296,10296,Credit Card,Online
7491,2026-09-08,C1169,Laptop,Electronics,Northeast,8,61569,492552,UPI,Distributor
7492,2026-03-18,C2011,Desk,Furniture,South,7,15225,106575,UPI,Distributor
7493,2026-06-04,C1124,Headphones,Accessories,West,6,4247,25482,Credit Card,Distributor
7494,2026-02-21,C1389,Mouse,Accessories,East,7,1650,11550,UPI,Distributor
7495,2026-08-12,C2469,Mouse,Accessories,East,4,1383,5532,Credit Card,Distributor
7496,2026-01-07,C1549,Monitor,Electronics,Northeast,3,19930,59790,Debit Card,Store
7497,2026-11-11,C1883,Monitor,Electronics,West,4,20301,81204,Cash,Distributor
7498,2026-08-01,C1159,Monitor,Electronics,Central,6,21421,128526,Credit Card,Store
7499,2026-07-10,C1343,Tablet,Electronics,South,6,32800,196800,Debit Card,Online
7500,2026-10-29,C2680,Tablet,Electronics,Northeast,3,32154,96462,Net Banking,Store
7501,2026-11-21,C1208,Keyboard,Accessories,Central,1,3097,3097,Cash,Online
7502,2026-04-19,C2457,Keyboard,Accessories,South,8,2915,23320,Credit Card,Online
7503,2026-07-27,C1669,Headphones,Accessories,East,3,4055,12165,Debit Card,Store
7504,2026-03-27,C1887,Headphones,Accessories,Central,8,3732,29856,Credit Card,Distributor
7505,2026-08-07,C1657,Printer,Office,North,10,11068,110680,Credit Card,Online
7506,2026-02-28,C1001,Mouse,Accessories,West,3,1359,4077,UPI,Distributor
7507,2026-07-05,C2655,Printer,Office,East,7,12057,84399,UPI,Store
7508,2026-07-24,C1366,Tablet,Electronics,South,1,32911,32911,UPI,Online
7509,2026-07-22,C2231,Desk,Furniture,South,5,14733,73665,Debit Card,Online
7510,2026-06-12,C2626,Monitor,Electronics,Central,5,20644,103220,UPI,Store
7511,2026-10-11,C1262,Keyboard,Accessories,South,9,3206,28854,Credit Card,Online
7512,2026-05-21,C2485,Headphones,Accessories,West,3,3742,11226,Debit Card,Store
7513,2026-09-16,C2896,Laptop,Electronics,South,1,57939,57939,Debit Card,Store
7514,2026-03-14,C1290,Monitor,Electronics,West,4,21831,87324,UPI,Distributor
7515,2026-05-12,C1478,Monitor,Electronics,North,2,19287,38574,Credit Card,Distributor
7516,2026-05-11,C1119,Printer,Office,Northeast,10,12278,122780,UPI,Distributor
7517,2026-08-03,C2665,Desk,Furniture,East,7,15714,109998,Credit Card,Online
7518,2026-09-27,C2182,Keyboard,Accessories,Northeast,8,2830,22640,Net Banking,Distributor
7519,2026-02-06,C2969,Desk,Furniture,West,4,15955,63820,Cash,Distributor
7520,2026-11-19,C1387,Printer,Office,South,2,10851,21702,Debit Card,Online
7521,2026-06-25,C1082,Headphones,Accessories,South,9,3803,34227,UPI,Online
7522,2026-08-15,C2183,Laptop,Electronics,North,10,59034,590340,Cash,Store
7523,2026-07-09,C2961,Desk,Furniture,East,4,15110,60440,UPI,Store
7524,2026-04-11,C2119,Mobile,Electronics,West,10,26980,269800,Debit Card,Distributor
7525,2026-05-18,C2277,Printer,Office,South,6,13047,78282,Credit Card,Online
7526,2026-01-14,C2485,Headphones,Accessories,North,5,4095,20475,Net Banking,Distributor
7527,2026-01-19,C2399,Mobile,Electronics,North,5,26991,134955,Net Banking,Store
7528,2026-01-18,C2274,Monitor,Electronics,South,10,21285,212850,Credit Card,Distributor
7529,2026-09-07,C1761,Mobile,Electronics,Northeast,4,26368,105472,Debit Card,Distributor
7530,2026-05-27,C2954,Monitor,Electronics,North,10,21717,217170,Cash,Store
7531,2026-10-11,C1213,Mouse,Accessories,West,5,1547,7735,Credit Card,Online
7532,2026-11-25,C1338,Laptop,Electronics,Northeast,7,60670,424690,Debit Card,Online
7533,2026-03-01,C2594,Mouse,Accessories,Northeast,8,1359,10872,UPI,Online
7534,2026-01-06,C1644,Mobile,Electronics,Central,4,27299,109196,Cash,Distributor
7535,2026-05-25,C1841,Desk,Furniture,Northeast,9,14808,133272,Cash,Store
7536,2026-03-06,C2982,Office Chair,Furniture,Northeast,2,9541,19082,Cash,Online
7537,2026-05-31,C1543,Mobile,Electronics,East,4,27348,109392,Cash,Store
7538,2026-10-01,C2468,Headphones,Accessories,West,5,3938,19690,Cash,Distributor
7539,2026-06-09,C2003,Laptop,Electronics,South,1,58950,58950,Credit Card,Store
7540,2026-09-14,C2926,Laptop,Electronics,Northeast,3,64997,194991,Cash,Store
7541,2026-11-08,C2191,Mobile,Electronics,Central,2,23242,46484,Net Banking,Online
7542,2026-11-25,C1942,Mouse,Accessories,East,7,1505,10535,UPI,Store
7543,2026-05-24,C2735,Office Chair,Furniture,West,8,9780,78240,Net Banking,Store
7544,2026-07-16,C1248,Mouse,Accessories,East,1,1555,1555,Credit Card,Online
7545,2026-02-10,C2398,Monitor,Electronics,Central,10,18796,187960,Credit Card,Online
7546,2026-09-24,C2294,Desk,Furniture,Central,8,14419,115352,Net Banking,Store
7547,2026-12-17,C2888,Tablet,Electronics,Northeast,9,31039,279351,Credit Card,Distributor
7548,2026-11-16,C2838,Office Chair,Furniture,East,8,9217,73736,Cash,Distributor
7549,2026-10-25,C1020,Printer,Office,South,7,13142,91994,Net Banking,Distributor
7550,2026-06-20,C2644,Headphones,Accessories,West,10,4286,42860,UPI,Distributor
7551,2026-04-06,C2456,Office Chair,Furniture,South,2,10610,21220,Debit Card,Online
7552,2026-03-17,C1999,Keyboard,Accessories,Northeast,2,2961,5922,Credit Card,Store
7553,2026-12-09,C1492,Keyboard,Accessories,West,3,3149,9447,Credit Card,Distributor
7554,2026-02-14,C1334,Keyboard,Accessories,West,2,2780,5560,Net Banking,Store
7555,2026-08-02,C2686,Headphones,Accessories,South,4,4166,16664,Cash,Online
7556,2026-10-20,C2845,Laptop,Electronics,Northeast,7,56138,392966,Credit Card,Store
7557,2026-05-19,C2876,Tablet,Electronics,Central,6,28991,173946,UPI,Online
7558,2026-05-21,C2060,Printer,Office,Northeast,6,11910,71460,UPI,Online
7559,2026-12-06,C2051,Keyboard,Accessories,Northeast,2,3244,6488,Net Banking,Online
7560,2026-11-16,C1996,Mobile,Electronics,Northeast,4,24310,97240,Cash,Distributor
7561,2026-08-13,C1263,Keyboard,Accessories,North,10,2871,28710,Net Banking,Store
7562,2026-11-25,C2581,Office Chair,Furniture,West,7,9306,65142,Debit Card,Online
7563,2026-09-14,C1219,Laptop,Electronics,North,5,59640,298200,Net Banking,Online
7564,2026-12-16,C1506,Mouse,Accessories,Northeast,10,1600,16000,Net Banking,Distributor
7565,2026-11-22,C1038,Printer,Office,Central,4,11275,45100,Debit Card,Online
7566,2026-03-14,C1714,Mobile,Electronics,East,2,25707,51414,Credit Card,Online
7567,2026-10-01,C2313,Office Chair,Furniture,Northeast,5,10250,51250,Net Banking,Online
7568,2026-07-04,C1030,Monitor,Electronics,South,10,21583,215830,Debit Card,Online
7569,2026-08-31,C2339,Printer,Office,West,4,10860,43440,UPI,Online
7570,2026-11-17,C2633,Office Chair,Furniture,West,10,9154,91540,Credit Card,Online
7571,2026-11-14,C2231,Office Chair,Furniture,North,4,10656,42624,Net Banking,Online
7572,2026-06-30,C2154,Mobile,Electronics,East,2,24255,48510,UPI,Online
7573,2026-07-08,C1321,Office Chair,Furniture,North,8,9445,75560,UPI,Store
7574,2026-10-21,C2494,Office Chair,Furniture,North,6,9862,59172,UPI,Store
7575,2026-05-18,C2155,Mobile,Electronics,North,4,26891,107564,Credit Card,Store
7576,2026-08-27,C1265,Monitor,Electronics,Northeast,4,18856,75424,Cash,Online
7577,2026-12-05,C2542,Mouse,Accessories,Northeast,4,1554,6216,Credit Card,Distributor
7578,2026-06-22,C1206,Headphones,Accessories,Central,1,4121,4121,Debit Card,Store
7579,2026-05-01,C2958,Keyboard,Accessories,Northeast,5,3080,15400,Credit Card,Online
7580,2026-11-27,C1333,Tablet,Electronics,South,8,27301,218408,UPI,Distributor
7581,2026-03-16,C2169,Tablet,Electronics,East,5,31210,156050,UPI,Distributor
7582,2026-04-15,C2813,Printer,Office,West,9,11435,102915,Net Banking,Online
7583,2026-07-03,C1018,Monitor,Electronics,North,5,20867,104335,UPI,Online
7584,2026-11-02,C2297,Mobile,Electronics,West,1,27161,27161,UPI,Store
7585,2026-12-23,C1229,Tablet,Electronics,Northeast,5,32011,160055,Debit Card,Online
7586,2026-06-16,C1017,Tablet,Electronics,South,7,32169,225183,Debit Card,Online
7587,2026-11-09,C2579,Printer,Office,Central,8,11675,93400,Debit Card,Store
7588,2026-12-22,C1863,Printer,Office,Central,2,12530,25060,Cash,Online
7589,2026-02-24,C1846,Monitor,Electronics,East,5,20643,103215,Cash,Distributor
7590,2026-03-09,C1157,Mouse,Accessories,East,10,1492,14920,Debit Card,Online
7591,2026-12-25,C1604,Monitor,Electronics,Northeast,4,20987,83948,Credit Card,Store
7592,2026-03-30,C2020,Mouse,Accessories,Central,4,1495,5980,Cash,Online
7593,2026-01-05,C1814,Tablet,Electronics,South,4,29586,118344,UPI,Online
7594,2026-10-26,C1101,Printer,Office,Central,1,11213,11213,Cash,Distributor
7595,2026-04-24,C2992,Mouse,Accessories,West,4,1531,6124,Cash,Store
7596,2026-02-19,C2728,Printer,Office,West,4,10910,43640,Net Banking,Online
7597,2026-10-14,C2429,Printer,Office,South,4,12933,51732,Debit Card,Online
7598,2026-03-17,C2279,Keyboard,Accessories,Northeast,2,2704,5408,Cash,Store
7599,2026-08-16,C2634,Mobile,Electronics,Northeast,9,23708,213372,Cash,Store
7600,2026-11-18,C1499,Office Chair,Furniture,South,7,9225,64575,Cash,Distributor
7601,2026-09-28,C1218,Headphones,Accessories,West,10,4190,41900,Debit Card,Store
7602,2026-04-25,C2216,Headphones,Accessories,Central,7,3652,25564,Net Banking,Online
7603,2026-03-02,C2734,Tablet,Electronics,Northeast,8,27037,216296,Cash,Store
7604,2026-07-29,C2640,Tablet,Electronics,Central,7,29349,205443,Net Banking,Online
7605,2026-01-09,C2291,Mobile,Electronics,East,4,25387,101548,Net Banking,Distributor
7606,2026-11-15,C2202,Laptop,Electronics,East,4,62036,248144,Debit Card,Distributor
7607,2026-05-15,C1090,Desk,Furniture,South,9,14244,128196,Credit Card,Store
7608,2026-11-05,C1978,Tablet,Electronics,West,1,28666,28666,Credit Card,Store
7609,2026-06-02,C1957,Office Chair,Furniture,East,6,9432,56592,Cash,Distributor
7610,2026-11-15,C1142,Tablet,Electronics,North,8,27463,219704,Net Banking,Store
7611,2026-10-01,C1241,Keyboard,Accessories,West,6,3242,19452,UPI,Online
7612,2026-06-09,C2268,Desk,Furniture,East,7,15259,106813,Net Banking,Store
7613,2026-02-21,C2844,Printer,Office,North,9,11008,99072,Net Banking,Online
7614,2026-03-30,C2443,Mouse,Accessories,South,5,1497,7485,Debit Card,Online
7615,2026-10-20,C1023,Printer,Office,South,1,11828,11828,UPI,Online
7616,2026-12-11,C2796,Laptop,Electronics,North,4,62768,251072,Credit Card,Store
7617,2026-12-20,C1611,Monitor,Electronics,South,1,20517,20517,Net Banking,Distributor
7618,2026-01-31,C2459,Mobile,Electronics,Central,3,22593,67779,Net Banking,Distributor
7619,2026-03-13,C2158,Laptop,Electronics,South,10,64306,643060,Net Banking,Online
7620,2026-08-25,C1326,Keyboard,Accessories,East,6,2955,17730,Debit Card,Store
7621,2026-06-07,C1767,Printer,Office,East,3,11909,35727,UPI,Online
7622,2026-09-17,C1569,Monitor,Electronics,Northeast,8,18803,150424,UPI,Distributor
7623,2026-09-28,C2130,Desk,Furniture,North,6,16285,97710,Cash,Distributor
7624,2026-04-16,C1975,Tablet,Electronics,East,5,32213,161065,UPI,Online
7625,2026-10-13,C1133,Keyboard,Accessories,Northeast,6,3245,19470,UPI,Store
7626,2026-04-10,C1823,Tablet,Electronics,North,8,28557,228456,UPI,Online
7627,2026-11-16,C2274,Desk,Furniture,East,1,16173,16173,Debit Card,Store
7628,2026-12-10,C2216,Printer,Office,Central,10,10913,109130,Credit Card,Store
7629,2026-08-26,C2794,Printer,Office,South,7,11378,79646,Credit Card,Store
7630,2026-09-24,C2327,Desk,Furniture,Central,2,14130,28260,Debit Card,Distributor
7631,2026-05-13,C2716,Laptop,Electronics,West,8,59394,475152,Debit Card,Distributor
7632,2026-10-05,C1714,Headphones,Accessories,East,3,3629,10887,Credit Card,Store
7633,2026-11-12,C2519,Tablet,Electronics,West,9,30742,276678,Cash,Online
7634,2026-09-10,C2440,Printer,Office,North,8,11912,95296,Net Banking,Online
7635,2026-05-05,C1323,Keyboard,Accessories,Central,8,2782,22256,Debit Card,Distributor
7636,2026-08-14,C1910,Laptop,Electronics,Central,8,60926,487408,Debit Card,Distributor
7637,2026-10-01,C1271,Office Chair,Furniture,North,10,9936,99360,Cash,Distributor
7638,2026-01-06,C2635,Mobile,Electronics,North,8,23570,188560,Net Banking,Online
7639,2026-05-31,C1359,Desk,Furniture,Central,8,14501,116008,Credit Card,Distributor
7640,2026-09-19,C2107,Monitor,Electronics,West,10,18102,181020,Debit Card,Online
7641,2026-05-21,C1276,Headphones,Accessories,Central,10,4157,41570,Debit Card,Distributor
7642,2026-11-05,C2954,Mouse,Accessories,East,10,1569,15690,UPI,Store
7643,2026-04-30,C1443,Office Chair,Furniture,South,2,9811,19622,Credit Card,Store
7644,2026-10-01,C2847,Desk,Furniture,West,4,14989,59956,Net Banking,Store
7645,2026-03-11,C1205,Printer,Office,North,7,10931,76517,UPI,Store
7646,2026-09-26,C1854,Keyboard,Accessories,Central,2,2896,5792,Credit Card,Online
7647,2026-03-29,C1327,Laptop,Electronics,North,3,55181,165543,Net Banking,Store
7648,2026-11-15,C2150,Tablet,Electronics,South,7,31960,223720,Debit Card,Store
7649,2026-03-28,C1610,Mobile,Electronics,South,10,25617,256170,Credit Card,Store
7650,2026-12-24,C1713,Tablet,Electronics,West,3,28821,86463,Cash,Online
7651,2026-03-30,C2318,Printer,Office,Northeast,3,10840,32520,Cash,Online
7652,2026-03-20,C2371,Tablet,Electronics,Central,1,27825,27825,UPI,Online
7653,2026-04-23,C1797,Headphones,Accessories,South,5,3626,18130,Net Banking,Online
7654,2026-01-17,C1878,Keyboard,Accessories,South,7,3252,22764,Credit Card,Distributor
7655,2026-02-15,C1963,Tablet,Electronics,West,5,28542,142710,Credit Card,Online
7656,2026-09-24,C2715,Monitor,Electronics,Central,1,21731,21731,Cash,Store
7657,2026-01-25,C1387,Keyboard,Accessories,South,7,3136,21952,UPI,Store
7658,2026-08-11,C1177,Desk,Furniture,North,4,15370,61480,Cash,Store
7659,2026-03-23,C1146,Monitor,Electronics,North,10,18215,182150,Debit Card,Store
7660,2026-10-22,C1103,Tablet,Electronics,South,8,29648,237184,Credit Card,Store
7661,2026-02-03,C1480,Mouse,Accessories,Northeast,3,1380,4140,Credit Card,Distributor
7662,2026-11-19,C1436,Tablet,Electronics,North,3,32249,96747,Debit Card,Online
7663,2026-03-23,C2369,Printer,Office,Northeast,7,13180,92260,UPI,Distributor
7664,2026-11-13,C2420,Mobile,Electronics,East,7,26302,184114,Debit Card,Online
7665,2026-12-05,C1345,Laptop,Electronics,Central,1,65036,65036,UPI,Distributor
7666,2026-12-13,C2714,Keyboard,Accessories,Central,8,3197,25576,Cash,Store
7667,2026-07-07,C1939,Desk,Furniture,North,7,13601,95207,Debit Card,Distributor
7668,2026-07-17,C1297,Laptop,Electronics,South,9,55064,495576,Cash,Store
7669,2026-12-31,C2655,Keyboard,Accessories,West,6,3044,18264,Debit Card,Store
7670,2026-12-07,C1665,Printer,Office,South,3,11188,33564,Debit Card,Distributor
7671,2026-03-18,C1972,Monitor,Electronics,East,2,18786,37572,Net Banking,Online
7672,2026-01-12,C1510,Office Chair,Furniture,Northeast,3,9813,29439,Cash,Store
7673,2026-04-03,C2935,Monitor,Electronics,West,5,19086,95430,UPI,Store
7674,2026-04-25,C2807,Laptop,Electronics,South,6,63169,379014,Net Banking,Online
7675,2026-07-26,C2787,Mobile,Electronics,West,5,26836,134180,Debit Card,Store
7676,2026-11-30,C2337,Printer,Office,Northeast,1,13007,13007,Debit Card,Store
7677,2026-06-24,C2168,Tablet,Electronics,West,9,30495,274455,Credit Card,Distributor
7678,2026-10-01,C1664,Mouse,Accessories,West,9,1539,13851,UPI,Store
7679,2026-12-12,C2740,Laptop,Electronics,Northeast,7,59426,415982,Debit Card,Online
7680,2026-03-16,C1808,Mobile,Electronics,West,10,24671,246710,UPI,Store
7681,2026-06-17,C1123,Mouse,Accessories,South,3,1450,4350,Debit Card,Distributor
7682,2026-01-28,C1075,Tablet,Electronics,Northeast,7,32372,226604,Net Banking,Store
7683,2026-04-23,C2642,Desk,Furniture,West,5,14408,72040,Debit Card,Distributor
7684,2026-06-15,C2332,Mouse,Accessories,Central,1,1393,1393,UPI,Online
7685,2026-01-07,C2692,Printer,Office,Northeast,2,11339,22678,Credit Card,Distributor
7686,2026-06-11,C1481,Monitor,Electronics,Central,1,21363,21363,Net Banking,Online
7687,2026-07-25,C1437,Monitor,Electronics,Northeast,1,21196,21196,UPI,Online
7688,2026-02-08,C2438,Mobile,Electronics,West,10,25126,251260,UPI,Store
7689,2026-09-13,C1427,Keyboard,Accessories,Northeast,3,3246,9738,Cash,Online
7690,2026-05-05,C2665,Tablet,Electronics,West,9,27039,243351,Debit Card,Online
7691,2026-08-03,C2790,Tablet,Electronics,Central,7,31301,219107,Debit Card,Store
7692,2026-08-17,C2187,Monitor,Electronics,South,8,20399,163192,Credit Card,Online
7693,2026-05-17,C2644,Monitor,Electronics,South,3,19274,57822,Credit Card,Store
7694,2026-02-17,C1951,Tablet,Electronics,Northeast,6,30196,181176,Cash,Store
7695,2026-11-23,C2391,Printer,Office,South,3,11969,35907,UPI,Store
7696,2026-08-25,C2034,Desk,Furniture,Central,3,13717,41151,Debit Card,Online
7697,2026-01-07,C1489,Mouse,Accessories,North,5,1367,6835,Cash,Store
7698,2026-07-16,C1595,Mobile,Electronics,South,8,26484,211872,Cash,Online
7699,2026-09-26,C2372,Tablet,Electronics,South,6,27134,162804,Credit Card,Online
7700,2026-06-08,C2399,Tablet,Electronics,Northeast,2,27158,54316,Net Banking,Online
7701,2026-03-10,C1009,Tablet,Electronics,South,8,28128,225024,Debit Card,Distributor
7702,2026-07-15,C2598,Keyboard,Accessories,East,4,2827,11308,Cash,Online
7703,2026-08-09,C1052,Monitor,Electronics,Northeast,3,21367,64101,UPI,Online
7704,2026-04-05,C1262,Monitor,Electronics,West,5,19645,98225,Credit Card,Online
7705,2026-11-03,C2010,Tablet,Electronics,North,3,30155,90465,Net Banking,Online
7706,2026-03-27,C2021,Laptop,Electronics,Northeast,9,59609,536481,Debit Card,Store
7707,2026-11-21,C1693,Mouse,Accessories,Central,8,1583,12664,Cash,Store
7708,2026-05-02,C1052,Desk,Furniture,Northeast,1,15693,15693,Credit Card,Distributor
7709,2026-04-07,C1882,Headphones,Accessories,South,9,3624,32616,Debit Card,Online
7710,2026-03-05,C1275,Keyboard,Accessories,Central,2,3064,6128,Net Banking,Distributor
7711,2026-03-01,C2361,Desk,Furniture,West,9,15479,139311,Cash,Distributor
7712,2026-01-04,C2168,Headphones,Accessories,West,8,4261,34088,Net Banking,Store
7713,2026-04-27,C2281,Printer,Office,Central,2,11499,22998,UPI,Online
7714,2026-06-14,C2141,Printer,Office,East,10,12475,124750,Credit Card,Online
7715,2026-11-16,C2251,Office Chair,Furniture,South,2,10778,21556,Cash,Distributor
7716,2026-10-28,C2890,Laptop,Electronics,Northeast,3,59285,177855,Debit Card,Store
7717,2026-09-08,C1077,Monitor,Electronics,North,2,20931,41862,UPI,Store
7718,2026-04-27,C2299,Laptop,Electronics,Northeast,3,59356,178068,Net Banking,Online
7719,2026-10-24,C2429,Laptop,Electronics,West,6,65719,394314,Debit Card,Store
7720,2026-03-08,C2440,Printer,Office,North,7,11596,81172,Debit Card,Distributor
7721,2026-01-05,C1520,Tablet,Electronics,Northeast,4,30799,123196,Net Banking,Distributor
7722,2026-01-05,C2019,Printer,Office,Central,6,11650,69900,Net Banking,Store
7723,2026-06-13,C1283,Desk,Furniture,North,1,14828,14828,Debit Card,Store
7724,2026-03-17,C1710,Tablet,Electronics,South,2,31489,62978,Net Banking,Distributor
7725,2026-10-12,C2048,Headphones,Accessories,Central,9,3964,35676,Debit Card,Distributor
7726,2026-02-05,C2022,Mouse,Accessories,Northeast,1,1394,1394,Debit Card,Distributor
7727,2026-01-25,C2980,Mobile,Electronics,North,9,27218,244962,Net Banking,Distributor
7728,2026-09-28,C2535,Office Chair,Furniture,West,4,10137,40548,Cash,Online
7729,2026-11-05,C1290,Keyboard,Accessories,South,9,3085,27765,Net Banking,Store
7730,2026-08-02,C1468,Keyboard,Accessories,North,4,2842,11368,UPI,Store
7731,2026-11-24,C1733,Mouse,Accessories,Northeast,10,1521,15210,Credit Card,Store
7732,2026-03-14,C2422,Keyboard,Accessories,West,9,3019,27171,Net Banking,Online
7733,2026-04-04,C1735,Mouse,Accessories,South,9,1361,12249,Debit Card,Store
7734,2026-11-22,C1805,Desk,Furniture,North,6,15254,91524,UPI,Online
7735,2026-12-27,C1966,Printer,Office,South,1,12162,12162,Credit Card,Store
7736,2026-09-26,C1756,Mouse,Accessories,South,6,1612,9672,UPI,Store
7737,2026-04-24,C2638,Printer,Office,West,10,12393,123930,Net Banking,Store
7738,2026-11-19,C2312,Mouse,Accessories,South,9,1548,13932,Cash,Distributor
7739,2026-04-18,C2882,Office Chair,Furniture,West,8,10893,87144,Cash,Online
7740,2026-06-12,C1657,Printer,Office,Northeast,10,11405,114050,Debit Card,Store
7741,2026-01-04,C1979,Mobile,Electronics,Central,1,23356,23356,Net Banking,Online
7742,2026-10-25,C2196,Printer,Office,South,4,12806,51224,Debit Card,Distributor
7743,2026-03-10,C2747,Monitor,Electronics,West,6,19290,115740,UPI,Store
7744,2026-12-22,C2464,Keyboard,Accessories,Central,7,3243,22701,Credit Card,Store
7745,2026-05-18,C2695,Desk,Furniture,North,5,14179,70895,Debit Card,Online
7746,2026-12-17,C1532,Headphones,Accessories,North,6,3856,23136,Net Banking,Store
7747,2026-09-08,C1300,Tablet,Electronics,Northeast,1,30451,30451,Net Banking,Distributor
7748,2026-02-20,C1559,Printer,Office,North,10,12228,122280,UPI,Store
7749,2026-07-11,C1224,Headphones,Accessories,North,9,4315,38835,UPI,Online
7750,2026-05-20,C1511,Tablet,Electronics,North,9,29869,268821,Credit Card,Store
7751,2026-10-26,C2733,Desk,Furniture,South,8,15646,125168,Debit Card,Store
7752,2026-11-27,C2409,Mouse,Accessories,West,4,1412,5648,Debit Card,Store
7753,2026-12-18,C1869,Headphones,Accessories,North,1,4334,4334,Debit Card,Online
7754,2026-12-26,C1491,Mouse,Accessories,West,9,1625,14625,Cash,Distributor
7755,2026-10-14,C2948,Desk,Furniture,West,4,14494,57976,Net Banking,Distributor
7756,2026-01-14,C1640,Mobile,Electronics,South,10,22607,226070,Net Banking,Distributor
7757,2026-02-24,C1956,Mouse,Accessories,East,3,1611,4833,Debit Card,Online
7758,2026-10-22,C1408,Headphones,Accessories,South,8,3774,30192,Credit Card,Online
7759,2026-01-08,C2369,Printer,Office,South,3,11013,33039,Cash,Online
7760,2026-12-20,C1133,Keyboard,Accessories,West,4,3196,12784,Debit Card,Online
7761,2026-01-03,C2698,Printer,Office,South,5,11193,55965,Credit Card,Distributor
7762,2026-12-08,C1866,Mobile,Electronics,West,3,22674,68022,Debit Card,Distributor
7763,2026-01-13,C2137,Mouse,Accessories,West,4,1646,6584,Cash,Distributor
7764,2026-05-14,C2909,Keyboard,Accessories,East,3,3019,9057,Credit Card,Distributor
7765,2026-02-14,C2310,Headphones,Accessories,Northeast,4,4256,17024,Credit Card,Distributor
7766,2026-12-11,C1650,Office Chair,Furniture,West,1,9834,9834,Cash,Store
7767,2026-07-05,C2318,Keyboard,Accessories,North,9,2920,26280,Credit Card,Online
7768,2026-06-05,C1263,Headphones,Accessories,Northeast,8,4069,32552,Debit Card,Store
7769,2026-07-01,C2434,Desk,Furniture,Northeast,3,15340,46020,UPI,Online
7770,2026-03-20,C2034,Mouse,Accessories,Northeast,6,1472,8832,Credit Card,Store
7771,2026-08-05,C1863,Desk,Furniture,East,5,15334,76670,Debit Card,Distributor
7772,2026-06-10,C2141,Tablet,Electronics,Central,4,32017,128068,Credit Card,Online
7773,2026-02-21,C2016,Keyboard,Accessories,West,10,3288,32880,Debit Card,Distributor
7774,2026-06-12,C2733,Mobile,Electronics,North,1,25199,25199,UPI,Distributor
7775,2026-06-15,C1833,Keyboard,Accessories,South,2,2757,5514,UPI,Store
7776,2026-02-16,C2451,Laptop,Electronics,North,9,57608,518472,Debit Card,Online
7777,2026-10-13,C2359,Headphones,Accessories,East,2,3782,7564,Debit Card,Distributor
7778,2026-06-02,C1719,Mouse,Accessories,East,7,1435,10045,UPI,Online
7779,2026-12-11,C2798,Tablet,Electronics,South,1,31381,31381,UPI,Distributor
7780,2026-03-04,C1203,Desk,Furniture,West,7,15620,109340,Credit Card,Distributor
7781,2026-08-01,C2757,Mobile,Electronics,East,5,25119,125595,Debit Card,Store
7782,2026-07-13,C1682,Mobile,Electronics,South,3,25406,76218,Credit Card,Distributor
7783,2026-09-23,C2463,Mobile,Electronics,East,8,24854,198832,Cash,Online
7784,2026-02-18,C1151,Laptop,Electronics,South,2,55218,110436,Net Banking,Distributor
7785,2026-12-17,C1396,Mobile,Electronics,Central,9,22737,204633,Debit Card,Store
7786,2026-08-17,C1877,Monitor,Electronics,North,3,18516,55548,Net Banking,Store
7787,2026-03-09,C1584,Mobile,Electronics,West,10,22999,229990,Net Banking,Distributor
7788,2026-10-19,C2373,Mobile,Electronics,Central,2,23513,47026,Cash,Online
7789,2026-01-26,C2057,Laptop,Electronics,Northeast,6,58831,352986,Credit Card,Store
7790,2026-04-04,C2226,Office Chair,Furniture,East,9,10778,97002,UPI,Distributor
7791,2026-11-06,C1594,Mouse,Accessories,West,7,1503,10521,UPI,Online
7792,2026-06-04,C1249,Desk,Furniture,Northeast,2,15596,31192,Net Banking,Online
7793,2026-02-21,C2817,Keyboard,Accessories,North,3,2863,8589,Cash,Online
7794,2026-05-11,C2192,Laptop,Electronics,West,2,61471,122942,Debit Card,Distributor
7795,2026-07-03,C1728,Monitor,Electronics,Central,5,20660,103300,Net Banking,Distributor
7796,2026-08-10,C2905,Keyboard,Accessories,East,7,2700,18900,Debit Card,Online
7797,2026-11-16,C1031,Printer,Office,South,5,11476,57380,Credit Card,Distributor
7798,2026-11-30,C2943,Keyboard,Accessories,Central,9,2887,25983,Cash,Online
7799,2026-06-26,C2883,Keyboard,Accessories,North,9,2914,26226,UPI,Distributor
7800,2026-08-07,C2022,Monitor,Electronics,North,8,21923,175384,Net Banking,Store
7801,2026-11-06,C1115,Mobile,Electronics,West,3,23417,70251,Net Banking,Distributor
7802,2026-01-27,C1256,Office Chair,Furniture,Northeast,9,9056,81504,Cash,Distributor
7803,2026-04-05,C1453,Mouse,Accessories,West,1,1544,1544,UPI,Store
7804,2026-10-04,C2607,Mouse,Accessories,South,6,1407,8442,UPI,Online
7805,2026-09-29,C2064,Office Chair,Furniture,Central,6,9676,58056,UPI,Store
7806,2026-10-08,C1555,Desk,Furniture,Northeast,10,15753,157530,Cash,Distributor
7807,2026-09-25,C1518,Mouse,Accessories,Central,6,1592,9552,Credit Card,Online
7808,2026-05-27,C2891,Mobile,Electronics,North,8,26274,210192,Net Banking,Distributor
7809,2026-03-13,C2699,Mobile,Electronics,Central,3,26177,78531,Net Banking,Online
7810,2026-05-16,C1976,Keyboard,Accessories,North,6,3128,18768,Net Banking,Distributor
7811,2026-09-17,C2355,Monitor,Electronics,North,9,18209,163881,Debit Card,Distributor
7812,2026-03-07,C2522,Mobile,Electronics,Northeast,1,27460,27460,Debit Card,Distributor
7813,2026-06-01,C1494,Keyboard,Accessories,West,3,3209,9627,UPI,Distributor
7814,2026-09-02,C2515,Mobile,Electronics,South,1,23770,23770,Credit Card,Store
7815,2026-02-17,C1682,Desk,Furniture,Central,8,16424,131392,Cash,Distributor
7816,2026-07-07,C1266,Laptop,Electronics,West,2,54902,109804,Debit Card,Distributor
7817,2026-04-26,C2065,Office Chair,Furniture,Central,1,9831,9831,Cash,Online
7818,2026-12-24,C2355,Keyboard,Accessories,North,3,2909,8727,UPI,Distributor
7819,2026-11-11,C2168,Tablet,Electronics,South,5,31836,159180,Net Banking,Store
7820,2026-11-19,C1311,Tablet,Electronics,East,9,31239,281151,Debit Card,Store
7821,2026-12-11,C2984,Printer,Office,East,8,11293,90344,Net Banking,Distributor
7822,2026-09-05,C1209,Keyboard,Accessories,Central,2,3070,6140,Credit Card,Online
7823,2026-04-14,C2400,Keyboard,Accessories,North,7,2955,20685,Debit Card,Online
7824,2026-04-14,C1088,Office Chair,Furniture,Northeast,2,9258,18516,Net Banking,Store
7825,2026-07-24,C1910,Headphones,Accessories,North,6,4141,24846,Debit Card,Online
7826,2026-06-05,C1274,Mobile,Electronics,West,3,26715,80145,Debit Card,Distributor
7827,2026-04-11,C1126,Tablet,Electronics,North,2,32168,64336,Debit Card,Distributor
7828,2026-09-20,C2359,Desk,Furniture,North,7,15294,107058,Cash,Online
7829,2026-02-27,C2976,Mouse,Accessories,West,8,1481,11848,Debit Card,Store
7830,2026-04-04,C1474,Tablet,Electronics,East,9,30868,277812,UPI,Distributor
7831,2026-11-06,C1533,Mouse,Accessories,East,8,1392,11136,UPI,Online
7832,2026-02-14,C2946,Office Chair,Furniture,Northeast,9,9146,82314,UPI,Store
7833,2026-09-17,C1624,Office Chair,Furniture,Northeast,4,10637,42548,Credit Card,Distributor
7834,2026-04-07,C2433,Office Chair,Furniture,West,2,10243,20486,UPI,Online
7835,2026-01-31,C1754,Headphones,Accessories,East,5,3739,18695,Cash,Distributor
7836,2026-09-05,C2258,Monitor,Electronics,North,7,21181,148267,Credit Card,Distributor
7837,2026-04-02,C1648,Keyboard,Accessories,North,9,2715,24435,Net Banking,Distributor
7838,2026-03-19,C2223,Tablet,Electronics,West,7,30469,213283,Cash,Online
7839,2026-10-16,C1876,Keyboard,Accessories,Northeast,8,3107,24856,Net Banking,Online
7840,2026-07-16,C1988,Monitor,Electronics,Northeast,5,18298,91490,UPI,Distributor
7841,2026-10-14,C1859,Office Chair,Furniture,Northeast,1,10530,10530,Net Banking,Store
7842,2026-05-19,C1732,Mouse,Accessories,East,1,1442,1442,Debit Card,Distributor
7843,2026-05-16,C1560,Mouse,Accessories,North,9,1464,13176,Cash,Online
7844,2026-12-05,C2468,Monitor,Electronics,Central,9,21079,189711,UPI,Online
7845,2026-12-23,C1833,Mouse,Accessories,Central,2,1573,3146,Net Banking,Store
7846,2026-08-22,C1060,Headphones,Accessories,East,5,3742,18710,Credit Card,Online
7847,2026-10-26,C2560,Headphones,Accessories,East,1,3845,3845,Debit Card,Store
7848,2026-07-18,C1361,Headphones,Accessories,North,7,3742,26194,Credit Card,Store
7849,2026-07-30,C1407,Tablet,Electronics,Central,9,29336,264024,Credit Card,Distributor
7850,2026-05-10,C1057,Desk,Furniture,East,9,15785,142065,UPI,Distributor
7851,2026-01-26,C2291,Laptop,Electronics,Central,5,60194,300970,Debit Card,Distributor
7852,2026-04-09,C2987,Printer,Office,East,10,12153,121530,Credit Card,Store
7853,2026-10-04,C2945,Keyboard,Accessories,South,6,2734,16404,Cash,Distributor
7854,2026-09-05,C1324,Desk,Furniture,West,3,16430,49290,Cash,Distributor
7855,2026-10-18,C1734,Mouse,Accessories,East,6,1587,9522,Net Banking,Online
7856,2026-08-19,C2037,Keyboard,Accessories,East,9,3263,29367,Cash,Distributor
7857,2026-12-12,C2484,Mouse,Accessories,Central,2,1646,3292,Net Banking,Online
7858,2026-10-27,C2206,Office Chair,Furniture,East,5,10641,53205,UPI,Online
7859,2026-02-24,C2165,Laptop,Electronics,Central,10,61209,612090,UPI,Online
7860,2026-02-28,C2896,Office Chair,Furniture,Central,8,10785,86280,UPI,Online
7861,2026-10-06,C2508,Desk,Furniture,West,5,14986,74930,UPI,Distributor
7862,2026-09-25,C2401,Keyboard,Accessories,Northeast,10,2976,29760,Credit Card,Distributor
7863,2026-07-11,C1881,Tablet,Electronics,West,7,27945,195615,UPI,Store
7864,2026-06-13,C1072,Tablet,Electronics,Northeast,3,27146,81438,UPI,Online
7865,2026-06-05,C1822,Tablet,Electronics,East,5,27448,137240,Cash,Online
7866,2026-12-28,C2929,Office Chair,Furniture,West,4,9403,37612,Debit Card,Online
7867,2026-02-23,C2093,Monitor,Electronics,South,3,19011,57033,Net Banking,Store
7868,2026-10-24,C1097,Tablet,Electronics,Central,5,30132,150660,Net Banking,Store
7869,2026-04-04,C1204,Keyboard,Accessories,Northeast,1,3026,3026,Cash,Online
7870,2026-08-16,C1540,Keyboard,Accessories,West,5,3087,15435,UPI,Store
7871,2026-07-13,C2488,Laptop,Electronics,West,8,62628,501024,Credit Card,Store
7872,2026-12-09,C1090,Headphones,Accessories,South,2,3674,7348,Debit Card,Store
7873,2026-07-23,C1464,Keyboard,Accessories,West,7,3177,22239,Debit Card,Online
7874,2026-08-18,C2160,Printer,Office,West,7,10984,76888,Credit Card,Online
7875,2026-02-11,C2500,Office Chair,Furniture,East,1,9367,9367,Cash,Store
7876,2026-03-26,C1843,Mobile,Electronics,West,8,25939,207512,Credit Card,Online
7877,2026-11-17,C1390,Mouse,Accessories,Central,4,1619,6476,Credit Card,Distributor
7878,2026-01-19,C2320,Mouse,Accessories,East,2,1548,3096,Credit Card,Distributor
7879,2026-08-07,C2726,Office Chair,Furniture,Central,9,10768,96912,Debit Card,Online
7880,2026-07-04,C2282,Keyboard,Accessories,Central,10,3278,32780,Debit Card,Online
7881,2026-12-13,C1663,Headphones,Accessories,North,7,4149,29043,Debit Card,Store
7882,2026-01-27,C1414,Desk,Furniture,West,4,16112,64448,Debit Card,Distributor
7883,2026-05-20,C1325,Keyboard,Accessories,West,1,2780,2780,Credit Card,Store
7884,2026-01-06,C2347,Keyboard,Accessories,East,8,3099,24792,Net Banking,Store
7885,2026-07-17,C2924,Printer,Office,West,3,11118,33354,Cash,Store
7886,2026-06-01,C1040,Monitor,Electronics,South,5,18002,90010,Net Banking,Online
7887,2026-05-03,C2562,Printer,Office,Northeast,2,12740,25480,Credit Card,Distributor
7888,2026-03-18,C1830,Printer,Office,North,9,13077,117693,UPI,Online
7889,2026-01-28,C1973,Mouse,Accessories,Central,4,1485,5940,Debit Card,Store
7890,2026-10-29,C1462,Printer,Office,South,4,11688,46752,Cash,Online
7891,2026-10-13,C2483,Keyboard,Accessories,Northeast,6,2961,17766,Net Banking,Online
7892,2026-04-01,C2721,Keyboard,Accessories,East,9,3255,29295,Credit Card,Distributor
7893,2026-05-04,C1221,Printer,Office,Central,7,12492,87444,Cash,Store
7894,2026-04-18,C2927,Laptop,Electronics,South,10,57691,576910,Credit Card,Store
7895,2026-07-27,C2895,Printer,Office,North,6,11082,66492,Net Banking,Store
7896,2026-02-23,C2803,Tablet,Electronics,Northeast,6,29756,178536,Cash,Distributor
7897,2026-11-11,C1207,Office Chair,Furniture,East,6,9489,56934,Credit Card,Store
7898,2026-05-31,C2791,Mouse,Accessories,East,10,1416,14160,Net Banking,Distributor
7899,2026-12-11,C2766,Desk,Furniture,South,8,16300,130400,Cash,Store
7900,2026-06-12,C1296,Laptop,Electronics,South,7,54544,381808,Credit Card,Online
7901,2026-09-12,C2167,Printer,Office,Northeast,7,11003,77021,Debit Card,Online
7902,2026-10-30,C1672,Mouse,Accessories,East,5,1490,7450,Debit Card,Distributor
7903,2026-05-27,C2447,Desk,Furniture,Northeast,3,13779,41337,Credit Card,Online
7904,2026-12-21,C1397,Desk,Furniture,Northeast,5,15483,77415,Net Banking,Distributor
7905,2026-03-28,C2870,Mobile,Electronics,Central,7,26222,183554,Credit Card,Store
7906,2026-01-03,C2921,Mouse,Accessories,Northeast,2,1440,2880,UPI,Distributor
7907,2026-02-06,C1517,Mobile,Electronics,Central,6,23627,141762,Cash,Online
7908,2026-03-03,C1655,Desk,Furniture,North,9,16336,147024,Net Banking,Distributor
7909,2026-03-06,C1050,Laptop,Electronics,East,2,61837,123674,UPI,Distributor
7910,2026-06-10,C2460,Laptop,Electronics,North,6,62039,372234,Debit Card,Online
7911,2026-05-05,C1004,Monitor,Electronics,West,1,19938,19938,Net Banking,Store
7912,2026-01-25,C2683,Desk,Furniture,South,6,15228,91368,Debit Card,Distributor
7913,2026-12-28,C1571,Laptop,Electronics,South,2,61329,122658,Credit Card,Online
7914,2026-02-24,C1789,Laptop,Electronics,North,2,62747,125494,Cash,Store
7915,2026-03-09,C2091,Office Chair,Furniture,North,5,10029,50145,UPI,Distributor
7916,2026-08-29,C2745,Desk,Furniture,Northeast,6,16356,98136,UPI,Online
7917,2026-01-23,C2058,Mobile,Electronics,North,6,24916,149496,Debit Card,Store
7918,2026-03-23,C1669,Laptop,Electronics,West,8,62585,500680,UPI,Online
7919,2026-11-13,C2491,Keyboard,Accessories,Northeast,2,3164,6328,UPI,Store
7920,2026-09-27,C1857,Desk,Furniture,East,5,13881,69405,Credit Card,Online
7921,2026-07-04,C1357,Mouse,Accessories,South,9,1435,12915,Cash,Store
7922,2026-09-24,C1574,Monitor,Electronics,Northeast,9,21120,190080,Credit Card,Online
7923,2026-05-04,C2153,Keyboard,Accessories,Northeast,9,2935,26415,Debit Card,Store
7924,2026-01-30,C1437,Mobile,Electronics,East,1,26621,26621,UPI,Distributor
7925,2026-11-16,C2036,Office Chair,Furniture,East,3,10556,31668,Net Banking,Store
7926,2026-08-22,C1237,Laptop,Electronics,East,5,58414,292070,Debit Card,Online
7927,2026-03-22,C1200,Headphones,Accessories,Central,1,4386,4386,Net Banking,Store
7928,2026-05-25,C1491,Monitor,Electronics,West,10,21629,216290,Debit Card,Store
7929,2026-10-24,C2336,Office Chair,Furniture,Northeast,10,10899,108990,Credit Card,Online
7930,2026-05-11,C1838,Tablet,Electronics,North,4,30451,121804,Cash,Distributor
7931,2026-04-24,C1840,Headphones,Accessories,North,4,4157,16628,UPI,Online
7932,2026-02-17,C1977,Office Chair,Furniture,Northeast,3,10634,31902,UPI,Distributor
7933,2026-08-23,C2281,Office Chair,Furniture,North,9,10375,93375,Cash,Online
7934,2026-12-02,C2186,Office Chair,Furniture,West,7,9364,65548,Cash,Store
7935,2026-11-25,C1174,Tablet,Electronics,South,9,30701,276309,Debit Card,Store
7936,2026-07-18,C2310,Office Chair,Furniture,Northeast,10,9726,97260,Cash,Distributor
7937,2026-12-09,C1846,Laptop,Electronics,East,5,64695,323475,Debit Card,Store
7938,2026-03-29,C1388,Headphones,Accessories,South,4,3711,14844,Cash,Store
7939,2026-09-01,C2985,Monitor,Electronics,North,3,20616,61848,UPI,Distributor
7940,2026-09-10,C2935,Mouse,Accessories,Central,8,1572,12576,Credit Card,Online
7941,2026-04-18,C2384,Mouse,Accessories,South,8,1513,12104,UPI,Store
7942,2026-01-30,C1781,Tablet,Electronics,West,1,30999,30999,Cash,Online
7943,2026-08-24,C2455,Printer,Office,South,8,11209,89672,Net Banking,Store
7944,2026-06-25,C1795,Desk,Furniture,North,6,15929,95574,Net Banking,Distributor
7945,2026-07-03,C1018,Tablet,Electronics,South,7,30803,215621,Credit Card,Store
7946,2026-08-17,C2838,Printer,Office,West,9,11426,102834,UPI,Store
7947,2026-02-26,C2766,Mouse,Accessories,West,1,1383,1383,Debit Card,Store
7948,2026-04-18,C2142,Office Chair,Furniture,East,2,10028,20056,UPI,Distributor
7949,2026-06-19,C1008,Tablet,Electronics,South,3,29068,87204,Credit Card,Online
7950,2026-12-30,C1185,Desk,Furniture,Northeast,9,14352,129168,Net Banking,Online
7951,2026-12-09,C1170,Printer,Office,Central,5,13087,65435,Net Banking,Online
7952,2026-02-08,C1072,Mouse,Accessories,Northeast,3,1521,4563,Cash,Online
7953,2026-12-19,C2242,Monitor,Electronics,Central,4,20361,81444,Debit Card,Store
7954,2026-08-18,C2036,Printer,Office,North,7,12913,90391,Credit Card,Distributor
7955,2026-04-08,C2105,Mouse,Accessories,Northeast,2,1435,2870,Credit Card,Online
7956,2026-10-09,C2242,Office Chair,Furniture,East,2,10139,20278,Credit Card,Store
7957,2026-11-29,C2356,Laptop,Electronics,East,9,56432,507888,Credit Card,Distributor
7958,2026-11-09,C1039,Laptop,Electronics,Central,1,59890,59890,Net Banking,Distributor
7959,2026-10-11,C2226,Headphones,Accessories,Northeast,4,4224,16896,Credit Card,Store
7960,2026-03-09,C2609,Printer,Office,South,2,10833,21666,Debit Card,Online
7961,2026-10-18,C2892,Headphones,Accessories,East,4,4145,16580,Cash,Online
7962,2026-05-09,C1841,Printer,Office,Northeast,2,13088,26176,Debit Card,Store
7963,2026-04-10,C1357,Office Chair,Furniture,South,5,10586,52930,Cash,Store
7964,2026-07-21,C1163,Office Chair,Furniture,South,7,9944,69608,Net Banking,Online
7965,2026-10-22,C2153,Mouse,Accessories,North,7,1619,11333,UPI,Online
7966,2026-05-16,C2570,Printer,Office,Central,9,13136,118224,Cash,Distributor
7967,2026-05-10,C2709,Monitor,Electronics,North,10,18669,186690,Debit Card,Distributor
7968,2026-01-10,C1170,Printer,Office,Central,4,11189,44756,Debit Card,Distributor
7969,2026-10-21,C1775,Office Chair,Furniture,West,7,9161,64127,UPI,Store
7970,2026-07-22,C1782,Office Chair,Furniture,West,9,9926,89334,Net Banking,Store
7971,2026-11-23,C1567,Laptop,Electronics,Central,8,56346,450768,Cash,Online
7972,2026-06-19,C2507,Printer,Office,North,8,11214,89712,UPI,Online
7973,2026-08-28,C2035,Laptop,Electronics,Northeast,3,65622,196866,Cash,Distributor
7974,2026-06-10,C2677,Mobile,Electronics,East,4,25608,102432,UPI,Store
7975,2026-10-02,C1138,Printer,Office,Central,1,11436,11436,Credit Card,Store
7976,2026-03-25,C1627,Desk,Furniture,West,1,16384,16384,Debit Card,Distributor
7977,2026-03-08,C2022,Keyboard,Accessories,West,7,3157,22099,Cash,Store
7978,2026-06-10,C2077,Mobile,Electronics,Central,3,25994,77982,Credit Card,Online
7979,2026-02-23,C1079,Mobile,Electronics,Northeast,8,22813,182504,Debit Card,Distributor
7980,2026-05-15,C2630,Tablet,Electronics,North,6,29631,177786,Net Banking,Distributor
7981,2026-08-13,C2939,Printer,Office,North,7,11518,80626,UPI,Online
7982,2026-01-22,C2779,Keyboard,Accessories,Central,3,2846,8538,Cash,Online
7983,2026-09-19,C1778,Mobile,Electronics,West,9,27360,246240,UPI,Store
7984,2026-12-07,C1261,Tablet,Electronics,East,3,31796,95388,Debit Card,Online
7985,2026-10-05,C2405,Keyboard,Accessories,Central,4,2988,11952,Cash,Store
7986,2026-10-02,C2864,Mobile,Electronics,Northeast,5,25768,128840,Credit Card,Store
7987,2026-04-09,C1069,Office Chair,Furniture,East,6,10590,63540,Debit Card,Online
7988,2026-12-10,C2193,Laptop,Electronics,Central,7,59812,418684,Credit Card,Store
7989,2026-01-26,C2236,Tablet,Electronics,North,7,29055,203385,Net Banking,Store
7990,2026-04-13,C2495,Tablet,Electronics,South,4,32759,131036,Net Banking,Store
7991,2026-02-22,C1824,Mouse,Accessories,East,3,1593,4779,Cash,Store
7992,2026-11-24,C2111,Tablet,Electronics,Northeast,10,31175,311750,Debit Card,Store
7993,2026-05-21,C2961,Mouse,Accessories,Central,5,1389,6945,UPI,Distributor
7994,2026-05-28,C1621,Office Chair,Furniture,West,1,10771,10771,UPI,Online
7995,2026-08-23,C2715,Desk,Furniture,South,10,13735,137350,UPI,Distributor
7996,2026-05-05,C1953,Headphones,Accessories,East,6,3638,21828,Credit Card,Distributor
7997,2026-11-03,C1023,Printer,Office,West,9,11504,103536,UPI,Online
7998,2026-09-25,C1314,Printer,Office,North,9,11323,101907,Debit Card,Store
7999,2026-05-16,C1154,Mouse,Accessories,Central,4,1457,5828,Net Banking,Online
8000,2026-08-01,C2002,Headphones,Accessories,Central,6,3869,23214,Credit Card,Distributor
8001,2026-06-18,C2290,Keyboard,Accessories,North,7,2984,20888,Cash,Online
8002,2026-03-18,C2172,Keyboard,Accessories,East,1,2851,2851,Credit Card,Store
8003,2026-03-29,C2345,Tablet,Electronics,West,5,28126,140630,UPI,Store
8004,2026-03-14,C1900,Printer,Office,Central,1,12214,12214,Cash,Distributor
8005,2026-05-14,C1136,Tablet,Electronics,West,10,29101,291010,UPI,Online
8006,2026-11-01,C1910,Monitor,Electronics,East,4,21717,86868,Net Banking,Distributor
8007,2026-03-05,C2191,Mouse,Accessories,East,6,1601,9606,Net Banking,Online
8008,2026-01-24,C1053,Keyboard,Accessories,North,1,2924,2924,Cash,Online
8009,2026-12-04,C2500,Mobile,Electronics,South,5,24433,122165,Debit Card,Distributor
8010,2026-04-06,C2915,Tablet,Electronics,Northeast,4,30419,121676,Cash,Online
8011,2026-12-02,C1636,Office Chair,Furniture,South,9,9158,82422,Net Banking,Online
8012,2026-02-16,C2410,Printer,Office,North,9,12614,113526,Debit Card,Distributor
8013,2026-03-07,C1975,Printer,Office,West,9,11497,103473,Net Banking,Distributor
8014,2026-01-15,C2372,Laptop,Electronics,North,2,59967,119934,Net Banking,Store
8015,2026-02-04,C1561,Office Chair,Furniture,South,8,10025,80200,Net Banking,Online
8016,2026-10-22,C2009,Laptop,Electronics,North,6,64385,386310,Net Banking,Store
8017,2026-10-08,C1341,Mouse,Accessories,South,3,1548,4644,Cash,Online
8018,2026-08-15,C2310,Printer,Office,West,10,11611,116110,Credit Card,Distributor
8019,2026-07-20,C1023,Tablet,Electronics,West,9,27132,244188,Cash,Store
8020,2026-09-30,C2765,Monitor,Electronics,East,7,21947,153629,Debit Card,Online
8021,2026-04-14,C2286,Tablet,Electronics,West,7,32169,225183,Cash,Online
8022,2026-06-06,C2842,Keyboard,Accessories,East,1,3170,3170,Credit Card,Distributor
8023,2026-09-05,C2750,Mouse,Accessories,South,3,1629,4887,UPI,Online
8024,2026-02-17,C1019,Printer,Office,Northeast,4,13078,52312,UPI,Distributor
8025,2026-04-23,C1705,Office Chair,Furniture,Northeast,1,9308,9308,UPI,Distributor
8026,2026-05-30,C1863,Office Chair,Furniture,East,6,9745,58470,Cash,Online
8027,2026-03-27,C1343,Printer,Office,West,2,12630,25260,Cash,Distributor
8028,2026-10-07,C1488,Laptop,Electronics,South,6,56817,340902,Cash,Store
8029,2026-01-28,C2728,Printer,Office,East,1,12168,12168,UPI,Store
8030,2026-01-19,C1121,Headphones,Accessories,North,8,3748,29984,UPI,Distributor
8031,2026-12-12,C2322,Mouse,Accessories,South,3,1359,4077,Credit Card,Store
8032,2026-12-20,C1845,Printer,Office,West,2,11249,22498,Debit Card,Store
8033,2026-03-05,C2384,Headphones,Accessories,Central,3,3867,11601,Cash,Store
8034,2026-09-18,C1610,Keyboard,Accessories,North,3,2825,8475,Credit Card,Online
8035,2026-04-30,C1953,Keyboard,Accessories,East,7,3234,22638,Net Banking,Store
8036,2026-02-25,C2617,Tablet,Electronics,Northeast,8,29840,238720,Debit Card,Distributor
8037,2026-05-24,C2213,Monitor,Electronics,East,5,18305,91525,UPI,Store
8038,2026-02-06,C2954,Monitor,Electronics,North,8,18865,150920,Net Banking,Distributor
8039,2026-06-27,C1575,Desk,Furniture,Central,1,15748,15748,Cash,Distributor
8040,2026-01-27,C1950,Laptop,Electronics,North,7,55256,386792,Debit Card,Store
8041,2026-05-06,C2799,Mobile,Electronics,North,2,26033,52066,Debit Card,Store
8042,2026-02-14,C1055,Mouse,Accessories,North,2,1528,3056,Net Banking,Online
8043,2026-09-10,C2596,Mouse,Accessories,West,8,1580,12640,UPI,Online
8044,2026-10-12,C2569,Desk,Furniture,North,3,13629,40887,UPI,Online
8045,2026-02-02,C1803,Printer,Office,North,2,11751,23502,Cash,Store
8046,2026-02-26,C2288,Laptop,Electronics,Northeast,4,55104,220416,Credit Card,Online
8047,2026-06-18,C2795,Keyboard,Accessories,North,9,3195,28755,Debit Card,Store
8048,2026-06-29,C1211,Office Chair,Furniture,Central,7,10850,75950,Credit Card,Distributor
8049,2026-07-10,C1810,Keyboard,Accessories,East,2,2736,5472,Net Banking,Distributor
8050,2026-01-21,C2001,Mobile,Electronics,West,9,25318,227862,UPI,Store
8051,2026-12-11,C1963,Headphones,Accessories,South,6,3760,22560,Credit Card,Distributor
8052,2026-09-10,C2871,Mouse,Accessories,Northeast,9,1386,12474,Cash,Online
8053,2026-12-20,C2881,Mouse,Accessories,West,8,1633,13064,Credit Card,Online
8054,2026-02-25,C2362,Printer,Office,South,8,11496,91968,Cash,Distributor
8055,2026-03-26,C1636,Mouse,Accessories,West,6,1629,9774,Net Banking,Distributor
8056,2026-10-04,C1171,Laptop,Electronics,Central,8,62335,498680,Debit Card,Distributor
8057,2026-12-01,C2326,Office Chair,Furniture,Northeast,4,10236,40944,Credit Card,Store
8058,2026-03-09,C2175,Office Chair,Furniture,Central,6,10505,63030,Net Banking,Online
8059,2026-03-22,C2989,Printer,Office,East,5,10964,54820,UPI,Distributor
8060,2026-08-13,C2694,Printer,Office,North,2,12465,24930,Net Banking,Online
8061,2026-11-01,C2335,Laptop,Electronics,Central,8,62640,501120,UPI,Online
8062,2026-09-17,C2910,Monitor,Electronics,East,3,21993,65979,Cash,Store
8063,2026-04-19,C2728,Office Chair,Furniture,East,5,9798,48990,Debit Card,Online
8064,2026-10-31,C1857,Laptop,Electronics,South,1,60421,60421,Cash,Online
8065,2026-03-14,C2427,Mobile,Electronics,South,4,26529,106116,UPI,Online
8066,2026-01-06,C1945,Headphones,Accessories,Central,1,4226,4226,Cash,Online
8067,2026-03-28,C1415,Mouse,Accessories,South,3,1455,4365,UPI,Online
8068,2026-02-15,C1137,Desk,Furniture,South,6,13506,81036,Credit Card,Distributor
8069,2026-10-19,C2724,Tablet,Electronics,East,8,31622,252976,Cash,Distributor
8070,2026-05-07,C1671,Monitor,Electronics,West,8,20236,161888,UPI,Store
8071,2026-08-13,C2975,Tablet,Electronics,Central,6,32785,196710,UPI,Online
8072,2026-07-02,C1277,Desk,Furniture,Central,5,15429,77145,Credit Card,Online
8073,2026-04-30,C1894,Keyboard,Accessories,North,6,3076,18456,Net Banking,Distributor
8074,2026-11-17,C2738,Office Chair,Furniture,West,5,10981,54905,Cash,Distributor
8075,2026-01-01,C1272,Monitor,Electronics,South,2,20036,40072,Credit Card,Distributor
8076,2026-03-17,C2932,Office Chair,Furniture,Central,7,10136,70952,Credit Card,Distributor
8077,2026-10-14,C1444,Desk,Furniture,West,1,15960,15960,Net Banking,Distributor
8078,2026-06-30,C1212,Headphones,Accessories,North,4,3714,14856,Debit Card,Store
8079,2026-12-25,C1006,Mobile,Electronics,Central,6,23407,140442,Net Banking,Online
8080,2026-02-28,C2774,Desk,Furniture,Northeast,6,14895,89370,Net Banking,Distributor
8081,2026-05-02,C1140,Laptop,Electronics,Northeast,2,65692,131384,Cash,Distributor
8082,2026-06-30,C2426,Laptop,Electronics,South,1,56853,56853,Cash,Distributor
8083,2026-12-09,C2419,Mobile,Electronics,West,2,24979,49958,Cash,Distributor
8084,2026-09-20,C2105,Printer,Office,East,6,11520,69120,Cash,Store
8085,2026-03-30,C2381,Monitor,Electronics,West,9,20936,188424,Cash,Online
8086,2026-05-04,C2613,Tablet,Electronics,Northeast,2,28125,56250,UPI,Store
8087,2026-12-09,C1392,Mobile,Electronics,West,5,23857,119285,Debit Card,Online
8088,2026-10-23,C1191,Monitor,Electronics,West,9,19552,175968,Debit Card,Online
8089,2026-03-31,C1445,Tablet,Electronics,South,2,27649,55298,UPI,Store
8090,2026-05-03,C2598,Keyboard,Accessories,West,2,3070,6140,Debit Card,Online
8091,2026-06-19,C2677,Printer,Office,East,4,12610,50440,UPI,Online
8092,2026-04-21,C2242,Monitor,Electronics,Northeast,4,21189,84756,Cash,Store
8093,2026-05-18,C2510,Desk,Furniture,Northeast,10,15751,157510,Credit Card,Online
8094,2026-04-10,C2429,Tablet,Electronics,Central,7,30827,215789,Net Banking,Online
8095,2026-06-09,C2697,Keyboard,Accessories,Northeast,3,3156,9468,Debit Card,Store
8096,2026-03-17,C1489,Keyboard,Accessories,Northeast,7,3246,22722,Cash,Store
8097,2026-11-26,C2938,Desk,Furniture,South,6,13673,82038,UPI,Distributor
8098,2026-02-08,C1851,Office Chair,Furniture,West,8,10952,87616,Debit Card,Online
8099,2026-12-10,C1616,Keyboard,Accessories,South,2,2902,5804,Credit Card,Store
8100,2026-01-29,C1732,Laptop,Electronics,Central,1,59774,59774,Net Banking,Distributor
8101,2026-01-28,C1116,Mouse,Accessories,Central,2,1593,3186,Cash,Distributor
8102,2026-03-03,C1661,Office Chair,Furniture,Northeast,7,10134,70938,Credit Card,Store
8103,2026-06-08,C1169,Mobile,Electronics,South,7,27175,190225,Cash,Online
8104,2026-07-26,C2681,Laptop,Electronics,East,5,65419,327095,Debit Card,Distributor
8105,2026-07-28,C1479,Tablet,Electronics,Northeast,9,32722,294498,Cash,Store
8106,2026-07-19,C1353,Mobile,Electronics,Northeast,2,24847,49694,Credit Card,Online
8107,2026-08-27,C1564,Keyboard,Accessories,Central,9,2959,26631,Debit Card,Online
8108,2026-12-07,C1017,Printer,Office,West,5,11588,57940,Debit Card,Store
8109,2026-03-18,C1459,Mobile,Electronics,West,3,23287,69861,Debit Card,Distributor
8110,2026-10-01,C2435,Office Chair,Furniture,Central,9,10089,90801,Credit Card,Online
8111,2026-08-30,C2327,Mobile,Electronics,West,8,23908,191264,Cash,Store
8112,2026-01-02,C1823,Mobile,Electronics,Northeast,3,26807,80421,Cash,Online
8113,2026-06-21,C1180,Monitor,Electronics,East,5,21819,109095,Net Banking,Distributor
8114,2026-08-03,C2114,Desk,Furniture,South,9,13884,124956,Debit Card,Store
8115,2026-01-11,C1696,Tablet,Electronics,South,1,27727,27727,Cash,Online
8116,2026-06-26,C2186,Headphones,Accessories,South,2,3813,7626,Debit Card,Store
8117,2026-10-19,C2428,Laptop,Electronics,Central,3,61608,184824,UPI,Store
8118,2026-01-02,C2504,Monitor,Electronics,East,3,20566,61698,Debit Card,Store
8119,2026-04-14,C1143,Mouse,Accessories,North,3,1474,4422,Cash,Distributor
8120,2026-10-30,C2573,Office Chair,Furniture,Central,9,9865,88785,Net Banking,Online
8121,2026-07-10,C1593,Mouse,Accessories,East,4,1581,6324,Debit Card,Store
8122,2026-05-06,C2969,Mobile,Electronics,Central,3,24861,74583,Credit Card,Store
8123,2026-11-04,C2364,Tablet,Electronics,Central,4,30896,123584,UPI,Online
8124,2026-10-06,C1855,Mobile,Electronics,North,9,26208,235872,Cash,Online
8125,2026-02-14,C2541,Mobile,Electronics,West,8,24812,198496,Cash,Online
8126,2026-04-16,C1379,Laptop,Electronics,West,10,56085,560850,Debit Card,Distributor
8127,2026-10-18,C1781,Mouse,Accessories,East,3,1493,4479,UPI,Distributor
8128,2026-04-17,C1526,Mobile,Electronics,South,1,24837,24837,Debit Card,Distributor
8129,2026-06-11,C1572,Keyboard,Accessories,Central,2,2869,5738,Cash,Online
8130,2026-09-07,C1454,Desk,Furniture,Central,4,14617,58468,Debit Card,Online
8131,2026-12-30,C2222,Desk,Furniture,East,3,15440,46320,Cash,Distributor
8132,2026-03-23,C1020,Printer,Office,Northeast,4,13172,52688,Debit Card,Store
8133,2026-02-09,C1846,Headphones,Accessories,Central,4,4290,17160,Cash,Distributor
8134,2026-12-17,C1606,Mouse,Accessories,West,1,1515,1515,UPI,Online
8135,2026-04-24,C2231,Laptop,Electronics,East,9,63039,567351,Cash,Store
8136,2026-03-18,C1516,Tablet,Electronics,East,9,29485,265365,Debit Card,Online
8137,2026-04-02,C2133,Office Chair,Furniture,Central,10,9843,98430,Debit Card,Online
8138,2026-10-05,C2992,Headphones,Accessories,North,2,4117,8234,Cash,Distributor
8139,2026-03-22,C2951,Headphones,Accessories,North,2,3950,7900,Cash,Store
8140,2026-02-12,C1023,Office Chair,Furniture,West,7,10638,74466,Net Banking,Store
8141,2026-12-05,C1472,Office Chair,Furniture,Northeast,2,10520,21040,Net Banking,Online
8142,2026-01-06,C2366,Laptop,Electronics,West,1,59187,59187,Credit Card,Distributor
8143,2026-02-19,C1783,Mobile,Electronics,Northeast,6,24634,147804,UPI,Online
8144,2026-07-30,C1861,Mobile,Electronics,East,6,23748,142488,Credit Card,Distributor
8145,2026-11-22,C2045,Office Chair,Furniture,Central,5,9412,47060,UPI,Distributor
8146,2026-10-05,C2717,Monitor,Electronics,Central,8,18344,146752,Net Banking,Online
8147,2026-09-11,C2856,Mouse,Accessories,South,4,1628,6512,Cash,Store
8148,2026-11-26,C2037,Desk,Furniture,Northeast,2,13749,27498,Debit Card,Distributor
8149,2026-09-09,C2102,Monitor,Electronics,East,10,20049,200490,Debit Card,Distributor
8150,2026-08-21,C2513,Headphones,Accessories,Central,9,4305,38745,UPI,Distributor
8151,2026-02-22,C1315,Tablet,Electronics,North,7,31514,220598,Debit Card,Distributor
8152,2026-12-21,C1105,Monitor,Electronics,East,1,20068,20068,Net Banking,Online
8153,2026-08-18,C1747,Laptop,Electronics,North,3,58049,174147,Net Banking,Store
8154,2026-10-31,C2061,Printer,Office,Central,1,13137,13137,UPI,Store
8155,2026-11-27,C2408,Mouse,Accessories,South,5,1568,7840,UPI,Online
8156,2026-04-12,C1005,Office Chair,Furniture,Northeast,8,10979,87832,Debit Card,Store
8157,2026-07-06,C1746,Office Chair,Furniture,East,5,9284,46420,UPI,Store
8158,2026-06-27,C1356,Keyboard,Accessories,Northeast,9,2765,24885,Credit Card,Store
8159,2026-03-18,C1361,Desk,Furniture,East,10,14761,147610,Debit Card,Online
8160,2026-06-13,C2824,Monitor,Electronics,East,5,20990,104950,Credit Card,Store
8161,2026-03-03,C2138,Printer,Office,Northeast,6,12209,73254,Credit Card,Store
8162,2026-06-06,C2746,Desk,Furniture,East,4,16195,64780,Debit Card,Online
8163,2026-03-11,C2844,Office Chair,Furniture,South,6,10842,65052,Credit Card,Store
8164,2026-10-10,C2835,Headphones,Accessories,East,10,3679,36790,UPI,Distributor
8165,2026-01-09,C1751,Mouse,Accessories,South,10,1373,13730,Debit Card,Store
8166,2026-02-24,C1676,Mouse,Accessories,North,2,1564,3128,UPI,Distributor
8167,2026-10-30,C1352,Laptop,Electronics,East,3,63116,189348,UPI,Online
8168,2026-12-23,C2297,Laptop,Electronics,East,1,62277,62277,Debit Card,Online
8169,2026-03-30,C2150,Printer,Office,South,4,11814,47256,Net Banking,Online
8170,2026-09-19,C2257,Keyboard,Accessories,West,3,3225,9675,Cash,Store
8171,2026-02-18,C1665,Laptop,Electronics,Central,5,65752,328760,UPI,Online
8172,2026-02-14,C1297,Tablet,Electronics,North,6,32762,196572,Debit Card,Online
8173,2026-06-12,C1522,Monitor,Electronics,East,5,18492,92460,Cash,Online
8174,2026-03-08,C2774,Printer,Office,North,4,12688,50752,Cash,Online
8175,2026-03-07,C2475,Mobile,Electronics,West,9,23982,215838,UPI,Online
8176,2026-08-27,C2801,Headphones,Accessories,West,4,3837,15348,Cash,Store
8177,2026-10-22,C2322,Headphones,Accessories,East,3,4025,12075,UPI,Online
8178,2026-09-18,C2964,Monitor,Electronics,South,2,18967,37934,UPI,Online
8179,2026-07-14,C1691,Office Chair,Furniture,Northeast,10,10449,104490,Net Banking,Distributor
8180,2026-10-26,C2130,Keyboard,Accessories,South,9,3289,29601,Debit Card,Store
8181,2026-01-19,C1266,Office Chair,Furniture,North,8,10917,87336,Net Banking,Distributor
8182,2026-03-23,C2974,Mouse,Accessories,Central,8,1454,11632,Credit Card,Store
8183,2026-09-07,C2393,Mouse,Accessories,Northeast,6,1378,8268,Debit Card,Online
8184,2026-12-29,C2111,Tablet,Electronics,East,2,30065,60130,Cash,Distributor
8185,2026-01-07,C1703,Monitor,Electronics,South,6,19783,118698,Debit Card,Store
8186,2026-01-31,C2987,Mouse,Accessories,West,2,1417,2834,UPI,Distributor
8187,2026-01-17,C2009,Printer,Office,East,7,12371,86597,UPI,Online
8188,2026-12-29,C2143,Headphones,Accessories,East,2,4129,8258,Cash,Distributor
8189,2026-08-26,C1755,Mobile,Electronics,West,9,26114,235026,UPI,Online
8190,2026-03-25,C2629,Laptop,Electronics,Northeast,9,54290,488610,UPI,Store
8191,2026-07-21,C2076,Tablet,Electronics,South,1,30883,30883,Cash,Online
8192,2026-07-01,C2889,Mouse,Accessories,Central,3,1607,4821,Net Banking,Online
8193,2026-05-01,C1999,Keyboard,Accessories,Northeast,7,2947,20629,Credit Card,Store
8194,2026-07-15,C1481,Keyboard,Accessories,Northeast,6,2729,16374,UPI,Distributor
8195,2026-11-16,C1378,Keyboard,Accessories,West,2,3241,6482,Debit Card,Store
8196,2026-11-25,C2351,Keyboard,Accessories,Northeast,2,3102,6204,Cash,Distributor
8197,2026-07-20,C2938,Printer,Office,Northeast,2,11155,22310,UPI,Online
8198,2026-10-20,C1795,Mobile,Electronics,North,10,24751,247510,Cash,Store
8199,2026-04-03,C1840,Laptop,Electronics,South,3,63955,191865,UPI,Distributor
8200,2026-07-04,C2820,Keyboard,Accessories,North,4,3032,12128,Debit Card,Online
8201,2026-10-08,C1420,Monitor,Electronics,Central,2,18219,36438,Cash,Store
8202,2026-07-06,C2404,Office Chair,Furniture,East,3,9192,27576,Net Banking,Store
8203,2026-07-19,C1139,Desk,Furniture,East,2,13503,27006,Debit Card,Online
8204,2026-01-12,C2508,Laptop,Electronics,North,7,63680,445760,UPI,Store
8205,2026-11-17,C2204,Desk,Furniture,North,6,15213,91278,Credit Card,Distributor
8206,2026-02-12,C2396,Headphones,Accessories,South,10,3968,39680,UPI,Store
8207,2026-12-16,C1403,Monitor,Electronics,North,6,21212,127272,Net Banking,Online
8208,2026-02-19,C1649,Office Chair,Furniture,West,3,10904,32712,Credit Card,Distributor
8209,2026-01-24,C2710,Keyboard,Accessories,Northeast,4,3103,12412,Debit Card,Distributor
8210,2026-02-25,C2470,Tablet,Electronics,West,4,32103,128412,Cash,Online
8211,2026-10-23,C2466,Mouse,Accessories,East,9,1620,14580,Cash,Distributor
8212,2026-08-06,C1982,Headphones,Accessories,North,1,4073,4073,Debit Card,Store
8213,2026-02-01,C2549,Laptop,Electronics,North,1,64694,64694,Credit Card,Distributor
8214,2026-09-14,C1140,Keyboard,Accessories,Central,10,3068,30680,Net Banking,Store
8215,2026-02-16,C2604,Tablet,Electronics,Central,4,28944,115776,Cash,Store
8216,2026-10-21,C2718,Keyboard,Accessories,East,1,2942,2942,Cash,Online
8217,2026-10-26,C1996,Monitor,Electronics,Northeast,6,20045,120270,Credit Card,Distributor
8218,2026-09-28,C2559,Tablet,Electronics,Northeast,3,32866,98598,Net Banking,Store
8219,2026-11-02,C2389,Mouse,Accessories,West,4,1477,5908,Net Banking,Store
8220,2026-07-15,C2408,Printer,Office,South,3,10882,32646,Debit Card,Distributor
8221,2026-02-22,C2963,Tablet,Electronics,Northeast,8,32117,256936,Net Banking,Online
8222,2026-03-13,C2240,Office Chair,Furniture,South,6,10317,61902,Cash,Distributor
8223,2026-03-15,C2634,Keyboard,Accessories,South,1,3205,3205,Credit Card,Distributor
8224,2026-08-03,C2386,Tablet,Electronics,Northeast,2,29396,58792,UPI,Online
8225,2026-11-17,C1852,Office Chair,Furniture,South,1,10267,10267,UPI,Online
8226,2026-12-24,C1617,Headphones,Accessories,West,9,4116,37044,Net Banking,Store
8227,2026-05-08,C1001,Office Chair,Furniture,South,8,10295,82360,Credit Card,Distributor
8228,2026-10-28,C1926,Mobile,Electronics,East,6,24912,149472,UPI,Store
8229,2026-03-10,C2038,Printer,Office,Northeast,2,13089,26178,Debit Card,Store
8230,2026-11-21,C1475,Keyboard,Accessories,South,7,2866,20062,Net Banking,Store
8231,2026-07-16,C1867,Office Chair,Furniture,West,1,9888,9888,Debit Card,Distributor
8232,2026-06-01,C1405,Monitor,Electronics,Northeast,10,18286,182860,Debit Card,Distributor
8233,2026-09-05,C2885,Headphones,Accessories,Central,3,4237,12711,Credit Card,Store
8234,2026-08-25,C1952,Printer,Office,Northeast,6,11538,69228,Cash,Online
8235,2026-04-02,C2795,Mouse,Accessories,West,6,1521,9126,Net Banking,Store
8236,2026-06-22,C1564,Headphones,Accessories,West,6,4248,25488,Credit Card,Distributor
8237,2026-12-29,C1502,Mobile,Electronics,North,1,25994,25994,Credit Card,Store
8238,2026-10-20,C1414,Headphones,Accessories,Northeast,10,3621,36210,UPI,Store
8239,2026-08-10,C1931,Mobile,Electronics,South,7,26212,183484,UPI,Online
8240,2026-09-16,C1319,Desk,Furniture,East,4,15571,62284,Net Banking,Online
8241,2026-06-01,C2846,Mouse,Accessories,Central,5,1577,7885,UPI,Distributor
8242,2026-08-09,C1991,Laptop,Electronics,Central,1,64793,64793,Net Banking,Distributor
8243,2026-08-04,C2090,Keyboard,Accessories,Northeast,4,2755,11020,UPI,Store
8244,2026-05-31,C1445,Office Chair,Furniture,West,9,9217,82953,Credit Card,Online
8245,2026-04-05,C2030,Office Chair,Furniture,Northeast,2,9629,19258,Net Banking,Online
8246,2026-04-10,C2187,Desk,Furniture,North,6,16230,97380,Cash,Distributor
8247,2026-10-30,C2518,Monitor,Electronics,Northeast,8,18703,149624,Cash,Store
8248,2026-04-20,C1231,Keyboard,Accessories,Central,1,3255,3255,Net Banking,Store
8249,2026-02-05,C2126,Keyboard,Accessories,Northeast,8,2919,23352,UPI,Store
8250,2026-04-30,C2716,Keyboard,Accessories,West,10,3045,30450,Debit Card,Distributor
8251,2026-04-15,C2093,Mobile,Electronics,Northeast,9,26881,241929,Debit Card,Distributor
8252,2026-08-28,C1991,Mobile,Electronics,Northeast,7,25947,181629,Debit Card,Online
8253,2026-06-15,C2341,Mouse,Accessories,Northeast,7,1551,10857,Cash,Online
8254,2026-11-10,C2758,Mobile,Electronics,North,5,25590,127950,UPI,Online
8255,2026-02-11,C1472,Office Chair,Furniture,Central,6,10717,64302,Cash,Online
8256,2026-07-21,C1851,Headphones,Accessories,West,7,3693,25851,Net Banking,Distributor
8257,2026-04-03,C2484,Laptop,Electronics,South,7,59585,417095,Credit Card,Online
8258,2026-09-08,C2835,Printer,Office,East,8,12490,99920,Net Banking,Store
8259,2026-08-24,C2961,Monitor,Electronics,North,10,21506,215060,Credit Card,Store
8260,2026-08-19,C2524,Headphones,Accessories,North,3,3899,11697,UPI,Distributor
8261,2026-01-16,C2834,Desk,Furniture,North,4,14347,57388,UPI,Online
8262,2026-10-18,C2960,Printer,Office,East,4,11933,47732,Net Banking,Distributor
8263,2026-02-26,C2519,Monitor,Electronics,Northeast,4,20946,83784,Debit Card,Online
8264,2026-05-14,C2952,Monitor,Electronics,South,5,21209,106045,Credit Card,Distributor
8265,2026-08-20,C1207,Office Chair,Furniture,West,7,9451,66157,Credit Card,Store
8266,2026-01-12,C2222,Keyboard,Accessories,North,3,3043,9129,UPI,Store
8267,2026-05-04,C2414,Monitor,Electronics,South,10,18269,182690,Credit Card,Online
8268,2026-07-18,C2729,Desk,Furniture,East,2,15242,30484,Net Banking,Distributor
8269,2026-12-20,C1949,Printer,Office,Central,8,10941,87528,UPI,Store
8270,2026-09-07,C2609,Monitor,Electronics,Northeast,8,20063,160504,UPI,Online
8271,2026-02-27,C1116,Desk,Furniture,Northeast,7,14397,100779,Debit Card,Online
8272,2026-06-29,C1090,Monitor,Electronics,Central,2,19991,39982,Debit Card,Distributor
8273,2026-05-02,C2722,Monitor,Electronics,South,2,18439,36878,Debit Card,Distributor
8274,2026-05-06,C1331,Mobile,Electronics,Central,2,26311,52622,UPI,Distributor
8275,2026-03-24,C2741,Printer,Office,North,5,12258,61290,Credit Card,Distributor
8276,2026-03-26,C2650,Printer,Office,Central,3,12001,36003,Credit Card,Store
8277,2026-06-02,C2064,Mobile,Electronics,North,6,26682,160092,Net Banking,Store
8278,2026-06-21,C2160,Keyboard,Accessories,East,5,2958,14790,Debit Card,Online
8279,2026-01-11,C2640,Mouse,Accessories,West,8,1476,11808,Cash,Store
8280,2026-08-18,C1334,Desk,Furniture,Central,1,16453,16453,UPI,Online
8281,2026-05-02,C1191,Headphones,Accessories,East,2,3603,7206,Credit Card,Distributor
8282,2026-07-10,C2028,Tablet,Electronics,West,6,31562,189372,Net Banking,Online
8283,2026-08-18,C1806,Desk,Furniture,East,9,14128,127152,UPI,Online
8284,2026-07-16,C2021,Desk,Furniture,Northeast,4,14383,57532,Cash,Online
8285,2026-02-07,C2129,Monitor,Electronics,South,1,18329,18329,UPI,Store
8286,2026-06-03,C2048,Headphones,Accessories,Northeast,3,3746,11238,Debit Card,Store
8287,2026-02-17,C1287,Desk,Furniture,South,7,14699,102893,Net Banking,Online
8288,2026-04-20,C2886,Monitor,Electronics,Northeast,2,18294,36588,Net Banking,Distributor
8289,2026-07-15,C1700,Mouse,Accessories,West,1,1519,1519,Cash,Online
8290,2026-03-10,C2753,Office Chair,Furniture,East,1,10545,10545,Credit Card,Distributor
8291,2026-07-08,C2436,Mobile,Electronics,South,3,23094,69282,Net Banking,Distributor
8292,2026-06-15,C1748,Mouse,Accessories,North,10,1512,15120,UPI,Distributor
8293,2026-11-18,C2455,Laptop,Electronics,West,2,55899,111798,Cash,Distributor
8294,2026-12-18,C1941,Tablet,Electronics,Northeast,8,31676,253408,Debit Card,Distributor
8295,2026-03-08,C1935,Desk,Furniture,Northeast,5,14797,73985,Cash,Distributor
8296,2026-07-08,C1540,Tablet,Electronics,Northeast,10,28640,286400,Net Banking,Store
8297,2026-03-17,C2858,Tablet,Electronics,South,2,29387,58774,Cash,Online
8298,2026-05-11,C1628,Mobile,Electronics,East,6,24626,147756,Cash,Online
8299,2026-11-27,C2550,Desk,Furniture,South,4,15129,60516,Cash,Distributor
8300,2026-12-09,C2233,Office Chair,Furniture,Northeast,1,10851,10851,Cash,Online
8301,2026-04-10,C1979,Mobile,Electronics,West,2,27401,54802,Debit Card,Online
8302,2026-12-07,C1198,Mobile,Electronics,Central,3,24528,73584,UPI,Store
8303,2026-04-25,C1191,Mobile,Electronics,Northeast,5,25078,125390,UPI,Store
8304,2026-12-16,C2914,Mobile,Electronics,South,5,25657,128285,UPI,Store
8305,2026-12-21,C2377,Office Chair,Furniture,Central,6,9931,59586,Debit Card,Store
8306,2026-11-24,C1632,Tablet,Electronics,South,4,27346,109384,Net Banking,Online
8307,2026-11-14,C1113,Desk,Furniture,Central,4,13695,54780,Net Banking,Distributor
8308,2026-08-19,C2601,Printer,Office,West,9,10856,97704,Net Banking,Distributor
8309,2026-12-09,C1594,Monitor,Electronics,South,4,19489,77956,Credit Card,Distributor
8310,2026-02-16,C1499,Keyboard,Accessories,Central,2,2852,5704,Cash,Store
8311,2026-07-20,C2056,Laptop,Electronics,East,1,58553,58553,Debit Card,Online
8312,2026-03-01,C2683,Laptop,Electronics,Central,6,65313,391878,UPI,Online
8313,2026-09-06,C2321,Office Chair,Furniture,Central,1,10694,10694,Net Banking,Distributor
8314,2026-09-02,C1947,Mobile,Electronics,North,9,24992,224928,Debit Card,Online
8315,2026-03-16,C2867,Desk,Furniture,West,4,14190,56760,Net Banking,Online
8316,2026-02-26,C2029,Desk,Furniture,East,5,14524,72620,Cash,Store
8317,2026-12-23,C2191,Printer,Office,West,5,12714,63570,UPI,Store
8318,2026-10-23,C2198,Printer,Office,South,10,12865,128650,UPI,Distributor
8319,2026-02-25,C2957,Desk,Furniture,North,8,15724,125792,Debit Card,Store
8320,2026-12-06,C1460,Office Chair,Furniture,South,8,9176,73408,UPI,Distributor
8321,2026-05-17,C1051,Monitor,Electronics,East,6,18379,110274,Net Banking,Distributor
8322,2026-06-14,C1899,Mouse,Accessories,Central,8,1377,11016,Cash,Distributor
8323,2026-06-19,C2422,Desk,Furniture,South,3,14062,42186,Net Banking,Distributor
8324,2026-10-13,C1103,Desk,Furniture,West,3,14846,44538,Cash,Online
8325,2026-04-23,C2103,Office Chair,Furniture,Central,10,10815,108150,UPI,Store
8326,2026-02-25,C1569,Tablet,Electronics,South,9,31647,284823,Cash,Online
8327,2026-03-06,C1580,Mobile,Electronics,Central,2,26370,52740,Net Banking,Store
8328,2026-10-14,C1336,Laptop,Electronics,Central,1,59263,59263,Credit Card,Distributor
8329,2026-06-27,C1232,Printer,Office,East,4,10824,43296,UPI,Store
8330,2026-07-24,C1781,Tablet,Electronics,Central,2,30174,60348,Credit Card,Online
8331,2026-03-30,C1706,Mobile,Electronics,North,10,26865,268650,Credit Card,Distributor
8332,2026-08-16,C2864,Mobile,Electronics,North,6,23279,139674,Net Banking,Store
8333,2026-05-09,C2862,Monitor,Electronics,Central,10,18658,186580,Debit Card,Online
8334,2026-08-16,C2630,Headphones,Accessories,East,7,3757,26299,Debit Card,Distributor
8335,2026-09-05,C2359,Monitor,Electronics,North,3,21292,63876,Debit Card,Distributor
8336,2026-01-01,C2933,Mouse,Accessories,East,7,1570,10990,Net Banking,Distributor
8337,2026-08-03,C1330,Headphones,Accessories,South,10,3880,38800,Credit Card,Distributor
8338,2026-03-05,C1647,Headphones,Accessories,Northeast,6,3706,22236,Debit Card,Online
8339,2026-06-27,C1788,Laptop,Electronics,Northeast,9,55045,495405,Net Banking,Store
8340,2026-03-02,C2971,Desk,Furniture,South,3,15412,46236,Cash,Online
8341,2026-10-20,C1314,Printer,Office,North,9,13185,118665,Net Banking,Store
8342,2026-07-01,C1016,Monitor,Electronics,East,2,18565,37130,Debit Card,Store
8343,2026-02-20,C2085,Office Chair,Furniture,West,3,9219,27657,Cash,Distributor
8344,2026-06-07,C1854,Printer,Office,North,5,10880,54400,Debit Card,Store
8345,2026-06-02,C2199,Desk,Furniture,North,10,13851,138510,Debit Card,Store
8346,2026-04-15,C2709,Headphones,Accessories,South,5,4300,21500,Cash,Store
8347,2026-02-27,C1763,Printer,Office,East,7,11808,82656,Credit Card,Online
8348,2026-01-12,C1417,Laptop,Electronics,West,9,61926,557334,Credit Card,Online
8349,2026-11-23,C1929,Monitor,Electronics,North,4,20071,80284,Net Banking,Store
8350,2026-12-22,C1204,Keyboard,Accessories,North,10,3200,32000,Net Banking,Distributor
8351,2026-12-11,C2432,Monitor,Electronics,North,10,19872,198720,Cash,Store
8352,2026-12-22,C2702,Printer,Office,South,8,12429,99432,Credit Card,Online
8353,2026-02-14,C2116,Tablet,Electronics,South,6,27734,166404,Cash,Online
8354,2026-03-12,C2490,Desk,Furniture,West,3,16286,48858,Cash,Store
8355,2026-01-20,C1862,Desk,Furniture,West,1,14796,14796,Cash,Store
8356,2026-01-19,C2481,Printer,Office,Northeast,3,12317,36951,UPI,Store
8357,2026-02-25,C2049,Tablet,Electronics,South,9,28387,255483,Credit Card,Distributor
8358,2026-10-30,C2148,Keyboard,Accessories,South,2,2722,5444,Credit Card,Distributor
8359,2026-08-11,C2776,Tablet,Electronics,East,1,31136,31136,Credit Card,Online
8360,2026-06-20,C1715,Mouse,Accessories,South,8,1581,12648,Cash,Online
8361,2026-04-22,C2975,Office Chair,Furniture,North,8,10886,87088,Debit Card,Store
8362,2026-03-24,C2333,Tablet,Electronics,Northeast,6,27335,164010,UPI,Distributor
8363,2026-01-11,C1144,Mobile,Electronics,North,6,24639,147834,Net Banking,Online
8364,2026-04-12,C1366,Monitor,Electronics,South,4,18587,74348,UPI,Distributor
8365,2026-06-03,C1793,Keyboard,Accessories,Northeast,5,3077,15385,Net Banking,Distributor
8366,2026-08-01,C2770,Monitor,Electronics,West,6,21450,128700,Debit Card,Distributor
8367,2026-04-21,C1071,Mouse,Accessories,East,10,1463,14630,Net Banking,Distributor
8368,2026-12-17,C1052,Headphones,Accessories,Central,7,3876,27132,UPI,Distributor
8369,2026-10-21,C1736,Headphones,Accessories,Central,2,3895,7790,Debit Card,Distributor
8370,2026-03-24,C1482,Mouse,Accessories,North,10,1520,15200,Net Banking,Store
8371,2026-04-09,C2533,Headphones,Accessories,Central,10,3996,39960,Credit Card,Store
8372,2026-08-14,C1255,Headphones,Accessories,West,1,4158,4158,Debit Card,Store
8373,2026-05-11,C2287,Headphones,Accessories,Northeast,1,3638,3638,UPI,Store
8374,2026-12-08,C1589,Mouse,Accessories,East,4,1644,6576,Debit Card,Distributor
8375,2026-05-13,C2783,Monitor,Electronics,Northeast,9,21099,189891,Cash,Distributor
8376,2026-12-08,C1337,Laptop,Electronics,South,5,65095,325475,Cash,Distributor
8377,2026-10-19,C1718,Headphones,Accessories,South,2,3882,7764,Net Banking,Distributor
8378,2026-07-20,C1700,Keyboard,Accessories,West,2,2900,5800,UPI,Distributor
8379,2026-03-31,C1385,Keyboard,Accessories,West,3,3250,9750,Net Banking,Store
8380,2026-05-28,C2000,Desk,Furniture,North,4,15326,61304,Credit Card,Store
8381,2026-07-27,C1900,Laptop,Electronics,North,6,57366,344196,UPI,Store
8382,2026-04-07,C1023,Office Chair,Furniture,North,2,10656,21312,Net Banking,Distributor
8383,2026-05-13,C2197,Monitor,Electronics,Northeast,7,21659,151613,Credit Card,Store
8384,2026-05-01,C1467,Desk,Furniture,East,8,13656,109248,Net Banking,Store
8385,2026-02-16,C1709,Office Chair,Furniture,South,7,9858,69006,UPI,Online
8386,2026-06-15,C1368,Desk,Furniture,Central,8,16099,128792,Credit Card,Distributor
8387,2026-09-06,C1648,Mouse,Accessories,West,5,1593,7965,Credit Card,Distributor
8388,2026-07-18,C2070,Desk,Furniture,East,1,14829,14829,Net Banking,Store
8389,2026-06-12,C2896,Mobile,Electronics,West,4,24396,97584,Cash,Store
8390,2026-07-27,C1991,Keyboard,Accessories,Northeast,5,2723,13615,Credit Card,Store
8391,2026-07-06,C2771,Mobile,Electronics,West,8,25835,206680,Credit Card,Distributor
8392,2026-10-28,C2744,Headphones,Accessories,South,10,4365,43650,UPI,Online
8393,2026-12-19,C1017,Office Chair,Furniture,North,6,9743,58458,Debit Card,Distributor
8394,2026-08-12,C1432,Headphones,Accessories,Northeast,2,3881,7762,Cash,Store
8395,2026-03-21,C1934,Mobile,Electronics,West,6,26119,156714,Debit Card,Distributor
8396,2026-03-21,C2235,Headphones,Accessories,Central,10,4321,43210,UPI,Store
8397,2026-02-01,C2100,Laptop,Electronics,East,5,58955,294775,Net Banking,Distributor
8398,2026-01-21,C2647,Tablet,Electronics,East,2,28874,57748,Credit Card,Store
8399,2026-10-28,C2941,Mouse,Accessories,South,8,1373,10984,UPI,Store
8400,2026-04-13,C2539,Headphones,Accessories,North,1,3717,3717,Debit Card,Distributor
8401,2026-05-09,C1304,Office Chair,Furniture,Northeast,10,9812,98120,Net Banking,Store
8402,2026-11-08,C1518,Headphones,Accessories,East,4,3736,14944,Net Banking,Distributor
8403,2026-11-04,C1828,Keyboard,Accessories,South,1,2951,2951,UPI,Online
8404,2026-08-22,C2736,Keyboard,Accessories,South,8,3078,24624,Cash,Online
8405,2026-04-02,C2050,Mobile,Electronics,West,5,25822,129110,Debit Card,Distributor
8406,2026-11-18,C2101,Printer,Office,Central,4,11761,47044,UPI,Distributor
8407,2026-04-19,C1521,Keyboard,Accessories,South,7,2916,20412,UPI,Distributor
8408,2026-03-06,C2827,Printer,Office,Northeast,7,12213,85491,Cash,Distributor
8409,2026-03-19,C1001,Monitor,Electronics,Central,1,18390,18390,Net Banking,Distributor
8410,2026-10-18,C1821,Keyboard,Accessories,North,3,3028,9084,Debit Card,Online
8411,2026-12-04,C1754,Laptop,Electronics,South,4,59451,237804,Net Banking,Online
8412,2026-12-09,C2704,Headphones,Accessories,Northeast,10,4083,40830,UPI,Store
8413,2026-08-05,C2558,Printer,Office,West,8,11186,89488,Net Banking,Store
8414,2026-07-04,C1126,Tablet,Electronics,West,4,30276,121104,Cash,Distributor
8415,2026-11-30,C1973,Office Chair,Furniture,Central,5,9236,46180,UPI,Distributor
8416,2026-08-14,C2526,Mobile,Electronics,Northeast,2,23397,46794,Debit Card,Store
8417,2026-04-22,C2606,Desk,Furniture,West,2,16344,32688,Credit Card,Store
8418,2026-07-02,C1796,Headphones,Accessories,South,4,4132,16528,Credit Card,Distributor
8419,2026-01-11,C1447,Laptop,Electronics,East,8,59905,479240,Debit Card,Store
8420,2026-05-02,C2470,Mobile,Electronics,Northeast,1,25797,25797,Net Banking,Store
8421,2026-07-12,C1016,Printer,Office,South,3,12153,36459,Credit Card,Online
8422,2026-06-08,C1651,Monitor,Electronics,Northeast,6,19780,118680,Net Banking,Distributor
8423,2026-03-28,C1328,Monitor,Electronics,West,1,21300,21300,Credit Card,Online
8424,2026-06-16,C1471,Monitor,Electronics,West,1,19731,19731,UPI,Distributor
8425,2026-04-25,C1711,Headphones,Accessories,Northeast,10,4187,41870,Debit Card,Distributor
8426,2026-06-28,C1923,Mobile,Electronics,North,8,23957,191656,Debit Card,Online
8427,2026-02-13,C1756,Tablet,Electronics,East,6,29137,174822,Debit Card,Online
8428,2026-07-16,C2312,Mouse,Accessories,Northeast,3,1355,4065,UPI,Store
8429,2026-04-27,C2063,Printer,Office,West,9,11277,101493,Debit Card,Store
8430,2026-08-29,C2525,Laptop,Electronics,Northeast,3,55543,166629,Net Banking,Distributor
8431,2026-07-10,C1989,Tablet,Electronics,East,2,29285,58570,Net Banking,Store
8432,2026-05-09,C1777,Mouse,Accessories,East,7,1528,10696,Cash,Store
8433,2026-08-23,C2999,Desk,Furniture,South,5,14789,73945,Cash,Online
8434,2026-09-08,C2338,Laptop,Electronics,North,8,65328,522624,Credit Card,Online
8435,2026-10-13,C2004,Laptop,Electronics,South,2,58095,116190,Net Banking,Online
8436,2026-09-10,C1581,Printer,Office,Central,4,11518,46072,Net Banking,Store
8437,2026-11-01,C1400,Printer,Office,East,10,11328,113280,UPI,Online
8438,2026-10-22,C2677,Desk,Furniture,Northeast,3,14670,44010,UPI,Online
8439,2026-03-06,C2039,Desk,Furniture,North,6,16408,98448,Debit Card,Store
8440,2026-06-20,C1664,Printer,Office,South,3,12946,38838,Debit Card,Online
8441,2026-06-27,C2149,Headphones,Accessories,North,8,4101,32808,Net Banking,Store
8442,2026-06-07,C2693,Mobile,Electronics,Northeast,8,22953,183624,UPI,Store
8443,2026-11-03,C1395,Headphones,Accessories,West,8,4267,34136,Cash,Online
8444,2026-02-22,C2097,Monitor,Electronics,Northeast,4,19957,79828,Net Banking,Store
8445,2026-01-01,C1493,Desk,Furniture,Central,10,15683,156830,Cash,Store
8446,2026-12-19,C2976,Printer,Office,South,4,12198,48792,Net Banking,Online
8447,2026-12-07,C2362,Keyboard,Accessories,Central,1,3151,3151,UPI,Store
8448,2026-03-03,C2895,Headphones,Accessories,Northeast,8,4151,33208,UPI,Distributor
8449,2026-12-28,C2256,Tablet,Electronics,West,1,31723,31723,Net Banking,Online
8450,2026-10-18,C1171,Monitor,Electronics,East,3,20171,60513,Cash,Online
8451,2026-09-07,C1511,Laptop,Electronics,West,2,62695,125390,UPI,Distributor
8452,2026-09-14,C1499,Headphones,Accessories,East,7,4109,28763,Net Banking,Online
8453,2026-10-05,C1194,Tablet,Electronics,West,9,30908,278172,Credit Card,Online
8454,2026-05-04,C1615,Monitor,Electronics,North,7,19024,133168,Cash,Distributor
8455,2026-11-10,C1079,Printer,Office,Northeast,2,11416,22832,Credit Card,Online
8456,2026-05-19,C2277,Headphones,Accessories,Central,7,4085,28595,Cash,Store
8457,2026-02-17,C1740,Laptop,Electronics,West,10,55317,553170,UPI,Distributor
8458,2026-10-10,C2057,Mobile,Electronics,Central,7,27215,190505,Net Banking,Distributor
8459,2026-07-08,C1674,Printer,Office,North,9,12650,113850,UPI,Online
8460,2026-02-22,C1348,Monitor,Electronics,North,8,21506,172048,UPI,Distributor
8461,2026-12-03,C2718,Mobile,Electronics,Central,6,26145,156870,UPI,Online
8462,2026-09-04,C1390,Laptop,Electronics,Northeast,3,56608,169824,UPI,Online
8463,2026-05-27,C1679,Keyboard,Accessories,West,3,2864,8592,Credit Card,Store
8464,2026-07-12,C1283,Mouse,Accessories,Northeast,10,1534,15340,UPI,Online
8465,2026-08-18,C1113,Desk,Furniture,North,2,13659,27318,Debit Card,Store
8466,2026-12-06,C2246,Mobile,Electronics,North,3,25178,75534,Cash,Store
8467,2026-06-07,C1707,Desk,Furniture,North,10,15412,154120,Cash,Store
8468,2026-04-18,C2683,Office Chair,Furniture,West,2,10731,21462,Net Banking,Distributor
8469,2026-08-12,C2391,Monitor,Electronics,East,4,19067,76268,UPI,Online
8470,2026-09-25,C1546,Printer,Office,North,6,11059,66354,Net Banking,Store
8471,2026-07-22,C1282,Mobile,Electronics,South,5,26257,131285,UPI,Online
8472,2026-08-24,C1920,Mouse,Accessories,Central,10,1599,15990,UPI,Distributor
8473,2026-08-15,C1182,Tablet,Electronics,South,10,27857,278570,Net Banking,Online
8474,2026-11-22,C2628,Mobile,Electronics,Northeast,10,23053,230530,Net Banking,Distributor
8475,2026-06-28,C1176,Printer,Office,North,4,12473,49892,Credit Card,Store
8476,2026-06-22,C2518,Keyboard,Accessories,West,1,3086,3086,Credit Card,Store
8477,2026-03-16,C2437,Monitor,Electronics,Northeast,7,20654,144578,Debit Card,Distributor
8478,2026-09-19,C1413,Mouse,Accessories,West,3,1579,4737,Cash,Distributor
8479,2026-04-01,C1498,Laptop,Electronics,East,1,64755,64755,Debit Card,Store
8480,2026-04-22,C1075,Printer,Office,East,10,12651,126510,Net Banking,Distributor
8481,2026-10-27,C2288,Headphones,Accessories,West,5,3976,19880,Cash,Online
8482,2026-01-31,C1905,Mobile,Electronics,West,7,24154,169078,Credit Card,Online
8483,2026-02-01,C1305,Mobile,Electronics,East,4,27048,108192,Net Banking,Online
8484,2026-02-19,C2019,Desk,Furniture,Central,9,15834,142506,UPI,Distributor
8485,2026-05-10,C2138,Mobile,Electronics,Northeast,10,27496,274960,Net Banking,Distributor
8486,2026-01-20,C1451,Laptop,Electronics,West,1,58832,58832,Cash,Online
8487,2026-09-08,C2021,Mouse,Accessories,Northeast,10,1502,15020,Net Banking,Online
8488,2026-08-21,C2708,Monitor,Electronics,South,5,20261,101305,Credit Card,Store
8489,2026-02-27,C2001,Headphones,Accessories,Central,9,3940,35460,Credit Card,Online
8490,2026-09-15,C2222,Tablet,Electronics,Northeast,2,27709,55418,Net Banking,Online
8491,2026-05-28,C1778,Monitor,Electronics,West,2,18767,37534,Debit Card,Store
8492,2026-01-13,C2248,Desk,Furniture,Central,8,14785,118280,UPI,Online
8493,2026-08-16,C2765,Mouse,Accessories,East,8,1577,12616,Credit Card,Distributor
8494,2026-02-09,C1420,Headphones,Accessories,West,2,4368,8736,Credit Card,Store
8495,2026-04-09,C1653,Headphones,Accessories,Central,9,3705,33345,Credit Card,Store
8496,2026-03-26,C2445,Desk,Furniture,North,9,14461,130149,Net Banking,Distributor
8497,2026-01-06,C2007,Office Chair,Furniture,North,3,9350,28050,Debit Card,Online
8498,2026-02-19,C1196,Laptop,Electronics,Central,7,54201,379407,Credit Card,Store
8499,2026-09-29,C2722,Mouse,Accessories,North,2,1587,3174,Cash,Online
8500,2026-03-21,C1300,Tablet,Electronics,East,8,32303,258424,Net Banking,Online
8501,2026-06-24,C2663,Mouse,Accessories,East,2,1597,3194,Credit Card,Online
8502,2026-09-18,C1845,Keyboard,Accessories,East,9,2841,25569,Debit Card,Online
8503,2026-05-11,C2882,Tablet,Electronics,North,2,32568,65136,Credit Card,Online
8504,2026-03-28,C1183,Mobile,Electronics,Northeast,2,26768,53536,Debit Card,Store
8505,2026-03-21,C1710,Tablet,Electronics,Northeast,5,27373,136865,Net Banking,Store
8506,2026-02-14,C2516,Laptop,Electronics,East,7,57330,401310,UPI,Distributor
8507,2026-12-19,C2714,Mouse,Accessories,Central,9,1540,13860,Credit Card,Online
8508,2026-02-24,C1317,Keyboard,Accessories,North,1,2902,2902,UPI,Distributor
8509,2026-01-06,C2221,Keyboard,Accessories,East,1,2868,2868,Credit Card,Online
8510,2026-06-05,C2902,Keyboard,Accessories,West,8,2895,23160,Debit Card,Store
8511,2026-05-09,C2416,Laptop,Electronics,Northeast,9,54317,488853,UPI,Store
8512,2026-04-17,C1327,Office Chair,Furniture,West,7,10489,73423,UPI,Online
8513,2026-02-05,C1827,Mobile,Electronics,North,4,23432,93728,UPI,Distributor
8514,2026-10-19,C1690,Keyboard,Accessories,Central,6,2897,17382,Net Banking,Store
8515,2026-10-07,C1093,Desk,Furniture,South,8,15379,123032,UPI,Distributor
8516,2026-04-05,C2961,Mouse,Accessories,North,5,1642,8210,UPI,Store
8517,2026-10-16,C1534,Desk,Furniture,East,1,14904,14904,UPI,Online
8518,2026-01-08,C2720,Desk,Furniture,North,1,13918,13918,Cash,Store
8519,2026-12-12,C2662,Tablet,Electronics,North,1,27642,27642,Cash,Online
8520,2026-01-06,C2698,Office Chair,Furniture,South,1,10299,10299,UPI,Store
8521,2026-11-30,C1051,Desk,Furniture,East,8,13805,110440,Credit Card,Distributor
8522,2026-08-30,C2115,Printer,Office,Central,6,12063,72378,Cash,Online
8523,2026-01-01,C1137,Mobile,Electronics,North,1,26122,26122,Debit Card,Online
8524,2026-08-19,C1811,Tablet,Electronics,North,10,32307,323070,Debit Card,Online
8525,2026-05-21,C2705,Laptop,Electronics,South,6,54750,328500,Credit Card,Store
8526,2026-02-05,C1696,Monitor,Electronics,North,1,18629,18629,Debit Card,Store
8527,2026-04-03,C1145,Printer,Office,North,1,10845,10845,Debit Card,Store
8528,2026-12-09,C1318,Headphones,Accessories,West,10,3815,38150,Net Banking,Online
8529,2026-12-08,C1293,Office Chair,Furniture,Northeast,6,9611,57666,Cash,Online
8530,2026-03-28,C1546,Office Chair,Furniture,Northeast,4,9066,36264,UPI,Store
8531,2026-12-18,C1119,Printer,Office,South,6,12810,76860,Credit Card,Online
8532,2026-01-21,C2148,Tablet,Electronics,East,4,27483,109932,Net Banking,Distributor
8533,2026-07-07,C1778,Tablet,Electronics,West,2,28281,56562,UPI,Online
8534,2026-09-24,C1050,Mouse,Accessories,Northeast,1,1592,1592,Debit Card,Distributor
8535,2026-04-21,C2473,Monitor,Electronics,North,10,19774,197740,Cash,Store
8536,2026-11-28,C2170,Laptop,Electronics,West,6,56203,337218,Cash,Store
8537,2026-01-08,C2988,Printer,Office,Northeast,4,11096,44384,Credit Card,Store
8538,2026-03-20,C1561,Desk,Furniture,East,5,15135,75675,UPI,Store
8539,2026-12-17,C2167,Mouse,Accessories,Central,5,1375,6875,Credit Card,Store
8540,2026-05-31,C2676,Tablet,Electronics,South,10,30973,309730,UPI,Store
8541,2026-06-18,C1941,Office Chair,Furniture,Central,10,10036,100360,UPI,Online
8542,2026-06-09,C2417,Mobile,Electronics,North,9,26306,236754,Credit Card,Store
8543,2026-05-15,C2562,Office Chair,Furniture,West,2,9170,18340,Debit Card,Store
8544,2026-01-09,C1364,Printer,Office,West,9,12816,115344,Debit Card,Distributor
8545,2026-09-04,C2208,Mouse,Accessories,Central,8,1547,12376,Cash,Distributor
8546,2026-12-22,C1399,Office Chair,Furniture,Central,5,9146,45730,Net Banking,Store
8547,2026-06-13,C2566,Tablet,Electronics,Northeast,1,27286,27286,Net Banking,Distributor
8548,2026-07-02,C2463,Tablet,Electronics,East,8,31945,255560,Credit Card,Distributor
8549,2026-09-01,C2839,Mouse,Accessories,North,6,1418,8508,Credit Card,Distributor
8550,2026-09-24,C1788,Headphones,Accessories,South,3,4187,12561,Cash,Distributor
8551,2026-06-21,C2596,Mouse,Accessories,Central,5,1546,7730,Debit Card,Distributor
8552,2026-08-04,C2393,Tablet,Electronics,Central,10,32783,327830,Credit Card,Online
8553,2026-10-30,C1062,Mouse,Accessories,West,10,1492,14920,UPI,Online
8554,2026-05-05,C1788,Keyboard,Accessories,West,4,3150,12600,UPI,Online
8555,2026-07-26,C2642,Mouse,Accessories,East,9,1374,12366,UPI,Store
8556,2026-06-11,C1017,Printer,Office,South,1,13108,13108,Debit Card,Distributor
8557,2026-05-23,C1431,Printer,Office,South,6,11866,71196,Net Banking,Online
8558,2026-03-10,C2066,Office Chair,Furniture,Central,2,10123,20246,Cash,Distributor
8559,2026-11-21,C2939,Tablet,Electronics,East,10,28911,289110,Credit Card,Online
8560,2026-10-12,C2873,Headphones,Accessories,East,10,3828,38280,Debit Card,Store
8561,2026-05-31,C2401,Monitor,Electronics,South,4,18536,74144,Net Banking,Distributor
8562,2026-06-18,C1374,Office Chair,Furniture,East,4,10729,42916,Net Banking,Distributor
8563,2026-09-28,C2853,Printer,Office,South,4,11371,45484,Net Banking,Online
8564,2026-06-07,C1649,Tablet,Electronics,Central,8,32015,256120,Cash,Online
8565,2026-09-12,C2483,Printer,Office,West,5,11960,59800,Debit Card,Online
8566,2026-01-31,C1712,Laptop,Electronics,South,7,58271,407897,Net Banking,Distributor
8567,2026-06-05,C1996,Printer,Office,North,2,10986,21972,Net Banking,Distributor
8568,2026-03-06,C2824,Printer,Office,East,10,12957,129570,UPI,Distributor
8569,2026-05-08,C3000,Office Chair,Furniture,West,10,9407,94070,Credit Card,Online
8570,2026-08-08,C2205,Mouse,Accessories,North,5,1592,7960,UPI,Distributor
8571,2026-08-19,C1277,Headphones,Accessories,East,10,4234,42340,Net Banking,Store
8572,2026-10-29,C2513,Laptop,Electronics,West,3,54492,163476,Net Banking,Distributor
8573,2026-05-07,C1468,Mobile,Electronics,South,2,26429,52858,Credit Card,Online
8574,2026-10-09,C1721,Laptop,Electronics,West,7,65714,459998,Debit Card,Store
8575,2026-04-12,C2207,Laptop,Electronics,East,2,65384,130768,Net Banking,Distributor
8576,2026-06-08,C1791,Keyboard,Accessories,Northeast,4,3147,12588,Debit Card,Distributor
8577,2026-05-10,C2499,Laptop,Electronics,West,2,62008,124016,Credit Card,Online
8578,2026-01-11,C2012,Tablet,Electronics,Central,4,31084,124336,Debit Card,Store
8579,2026-12-23,C2494,Laptop,Electronics,East,2,56775,113550,Net Banking,Distributor
8580,2026-05-22,C1655,Keyboard,Accessories,West,2,2763,5526,Cash,Online
8581,2026-08-15,C1184,Laptop,Electronics,South,5,56238,281190,Cash,Store
8582,2026-01-11,C2898,Desk,Furniture,North,1,15174,15174,Debit Card,Online
8583,2026-06-03,C2454,Monitor,Electronics,West,4,20872,83488,UPI,Online
8584,2026-09-05,C2126,Keyboard,Accessories,East,1,3135,3135,UPI,Online
8585,2026-05-20,C2022,Mobile,Electronics,West,8,26498,211984,Net Banking,Distributor
8586,2026-02-03,C2554,Office Chair,Furniture,Central,3,10254,30762,Net Banking,Online
8587,2026-05-04,C1232,Tablet,Electronics,North,8,30438,243504,Debit Card,Online
8588,2026-06-24,C2665,Laptop,Electronics,North,7,64099,448693,Debit Card,Distributor
8589,2026-06-30,C2345,Desk,Furniture,Northeast,6,16473,98838,Net Banking,Online
8590,2026-03-24,C1557,Headphones,Accessories,Central,6,3845,23070,Net Banking,Distributor
8591,2026-11-26,C1347,Monitor,Electronics,South,3,19694,59082,Credit Card,Online
8592,2026-10-31,C1532,Headphones,Accessories,Northeast,1,3910,3910,UPI,Online
8593,2026-04-15,C2054,Keyboard,Accessories,North,6,3042,18252,Debit Card,Distributor
8594,2026-01-28,C1409,Keyboard,Accessories,West,9,2827,25443,Net Banking,Distributor
8595,2026-07-13,C2890,Keyboard,Accessories,Central,6,2870,17220,Cash,Online
8596,2026-10-03,C1296,Mobile,Electronics,Central,10,27434,274340,Cash,Store
8597,2026-06-04,C1738,Printer,Office,East,8,12409,99272,Net Banking,Distributor
8598,2026-08-19,C2750,Laptop,Electronics,Northeast,1,61379,61379,Net Banking,Online
8599,2026-08-04,C2582,Tablet,Electronics,North,9,31913,287217,Credit Card,Distributor
8600,2026-03-09,C2995,Monitor,Electronics,Central,10,20003,200030,UPI,Distributor
8601,2026-11-14,C2682,Printer,Office,South,8,13045,104360,Cash,Online
8602,2026-10-31,C1098,Office Chair,Furniture,East,9,10390,93510,Debit Card,Distributor
8603,2026-06-15,C2178,Desk,Furniture,Northeast,4,15179,60716,Credit Card,Online
8604,2026-10-02,C1442,Mouse,Accessories,South,7,1469,10283,UPI,Distributor
8605,2026-01-07,C2881,Monitor,Electronics,Northeast,9,20010,180090,Net Banking,Distributor
8606,2026-11-15,C1106,Tablet,Electronics,West,7,28268,197876,Cash,Store
8607,2026-09-22,C1829,Monitor,Electronics,Northeast,2,19728,39456,Cash,Online
8608,2026-10-11,C1631,Laptop,Electronics,North,9,57467,517203,Net Banking,Store
8609,2026-04-03,C1120,Office Chair,Furniture,Central,9,10222,91998,Debit Card,Store
8610,2026-12-27,C1551,Office Chair,Furniture,East,2,9077,18154,UPI,Distributor
8611,2026-01-06,C2728,Desk,Furniture,East,2,13614,27228,Cash,Store
8612,2026-10-23,C1103,Laptop,Electronics,North,6,65382,392292,Credit Card,Distributor
8613,2026-06-25,C1028,Tablet,Electronics,South,2,29520,59040,Credit Card,Distributor
8614,2026-12-04,C1642,Tablet,Electronics,Central,10,30370,303700,Credit Card,Store
8615,2026-04-11,C2451,Tablet,Electronics,North,2,28948,57896,Credit Card,Distributor
8616,2026-12-18,C1747,Monitor,Electronics,South,3,20023,60069,UPI,Online
8617,2026-08-15,C1339,Mobile,Electronics,South,6,23429,140574,Cash,Store
8618,2026-07-19,C2318,Headphones,Accessories,South,10,4167,41670,Debit Card,Distributor
8619,2026-10-07,C1988,Tablet,Electronics,Northeast,4,28897,115588,Debit Card,Distributor
8620,2026-07-12,C2392,Keyboard,Accessories,Central,2,3058,6116,Cash,Online
8621,2026-10-12,C1032,Monitor,Electronics,Central,5,18275,91375,Credit Card,Online
8622,2026-03-21,C2087,Laptop,Electronics,South,10,63664,636640,UPI,Distributor
8623,2026-10-31,C1582,Tablet,Electronics,Northeast,4,31225,124900,UPI,Online
8624,2026-10-18,C2951,Printer,Office,North,5,12664,63320,Cash,Online
8625,2026-10-28,C1551,Laptop,Electronics,East,1,59892,59892,Cash,Distributor
8626,2026-10-24,C2673,Keyboard,Accessories,South,7,2875,20125,Credit Card,Store
8627,2026-02-22,C2052,Desk,Furniture,East,3,13954,41862,Debit Card,Store
8628,2026-08-30,C2886,Desk,Furniture,East,2,13591,27182,Credit Card,Distributor
8629,2026-06-21,C2628,Keyboard,Accessories,Northeast,6,3019,18114,UPI,Store
8630,2026-10-05,C1606,Monitor,Electronics,Northeast,4,18976,75904,UPI,Online
8631,2026-06-20,C1723,Monitor,Electronics,South,3,21394,64182,Net Banking,Distributor
8632,2026-06-02,C1668,Headphones,Accessories,West,5,3664,18320,Debit Card,Distributor
8633,2026-05-04,C1607,Monitor,Electronics,Central,5,18483,92415,Debit Card,Distributor
8634,2026-03-08,C2355,Tablet,Electronics,East,7,28644,200508,UPI,Distributor
8635,2026-05-16,C2401,Desk,Furniture,Northeast,5,16013,80065,Net Banking,Distributor
8636,2026-01-17,C1477,Printer,Office,West,6,10911,65466,Net Banking,Distributor
8637,2026-07-09,C2128,Laptop,Electronics,Central,10,59125,591250,UPI,Distributor
8638,2026-05-10,C1436,Tablet,Electronics,North,5,32948,164740,Cash,Online
8639,2026-08-24,C2749,Mobile,Electronics,East,6,26498,158988,Debit Card,Online
8640,2026-07-01,C1392,Office Chair,Furniture,South,9,10354,93186,Net Banking,Online
8641,2026-03-05,C1613,Printer,Office,East,5,12469,62345,Credit Card,Store
8642,2026-08-03,C2641,Printer,Office,South,4,12584,50336,Credit Card,Store
8643,2026-06-06,C2628,Mobile,Electronics,West,7,25478,178346,Debit Card,Store
8644,2026-12-24,C2413,Monitor,Electronics,Northeast,10,19159,191590,Net Banking,Store
8645,2026-05-11,C1838,Headphones,Accessories,North,6,4168,25008,Credit Card,Online
8646,2026-11-03,C1184,Keyboard,Accessories,South,1,3188,3188,Credit Card,Store
8647,2026-06-28,C2249,Monitor,Electronics,West,2,19440,38880,UPI,Distributor
8648,2026-12-29,C1720,Office Chair,Furniture,South,3,10558,31674,Cash,Online
8649,2026-01-28,C1978,Headphones,Accessories,South,1,3629,3629,Net Banking,Online
8650,2026-03-06,C2480,Mobile,Electronics,Northeast,1,25497,25497,Net Banking,Store
8651,2026-08-13,C1775,Mouse,Accessories,Central,6,1468,8808,Net Banking,Store
8652,2026-01-15,C2134,Printer,Office,West,9,12185,109665,Net Banking,Online
8653,2026-12-16,C2811,Tablet,Electronics,Northeast,5,27419,137095,UPI,Distributor
8654,2026-11-14,C1943,Printer,Office,East,1,11351,11351,UPI,Distributor
8655,2026-12-19,C1132,Office Chair,Furniture,North,8,10419,83352,Net Banking,Store
8656,2026-02-04,C2700,Headphones,Accessories,East,6,4150,24900,UPI,Online
8657,2026-08-24,C2043,Laptop,Electronics,Central,1,64923,64923,Net Banking,Store
8658,2026-07-14,C1794,Monitor,Electronics,West,4,19103,76412,Credit Card,Store
8659,2026-06-13,C1098,Tablet,Electronics,South,5,32785,163925,Credit Card,Store
8660,2026-06-19,C1135,Headphones,Accessories,Northeast,6,4210,25260,UPI,Store
8661,2026-12-22,C1382,Desk,Furniture,Central,5,13606,68030,Credit Card,Store
8662,2026-09-15,C1538,Laptop,Electronics,Northeast,10,64616,646160,UPI,Store
8663,2026-06-01,C1501,Keyboard,Accessories,Northeast,8,2763,22104,Credit Card,Store
8664,2026-03-14,C1857,Headphones,Accessories,West,5,4279,21395,UPI,Online
8665,2026-08-19,C2123,Laptop,Electronics,North,5,60024,300120,UPI,Online
8666,2026-10-07,C2139,Tablet,Electronics,North,4,31874,127496,Net Banking,Store
8667,2026-06-19,C2690,Laptop,Electronics,North,9,65539,589851,Debit Card,Distributor
8668,2026-06-17,C1425,Printer,Office,Central,7,12541,87787,Credit Card,Online
8669,2026-12-27,C2547,Tablet,Electronics,South,1,29244,29244,Credit Card,Online
8670,2026-02-25,C2269,Tablet,Electronics,Central,3,29827,89481,Debit Card,Online
8671,2026-03-18,C2547,Laptop,Electronics,North,6,56083,336498,UPI,Store
8672,2026-09-16,C2478,Mobile,Electronics,East,5,23938,119690,Cash,Distributor
8673,2026-06-08,C2478,Mouse,Accessories,West,1,1648,1648,Credit Card,Online
8674,2026-04-22,C2404,Laptop,Electronics,South,4,63393,253572,Net Banking,Store
8675,2026-01-23,C2448,Printer,Office,Northeast,6,12129,72774,Cash,Distributor
8676,2026-11-03,C1445,Mobile,Electronics,Central,4,26649,106596,Cash,Store
8677,2026-02-08,C1559,Office Chair,Furniture,East,8,9373,74984,Net Banking,Distributor
8678,2026-01-23,C1327,Mobile,Electronics,West,2,23812,47624,Credit Card,Distributor
8679,2026-10-10,C1892,Printer,Office,Northeast,4,11621,46484,Credit Card,Online
8680,2026-05-13,C2593,Keyboard,Accessories,North,5,3143,15715,Credit Card,Online
8681,2026-09-10,C1719,Headphones,Accessories,West,4,3880,15520,Credit Card,Online
8682,2026-07-03,C1538,Laptop,Electronics,East,3,57480,172440,Cash,Online
8683,2026-06-28,C2897,Printer,Office,East,5,12658,63290,Net Banking,Online
8684,2026-07-15,C1828,Mobile,Electronics,Northeast,3,25126,75378,Debit Card,Distributor
8685,2026-11-12,C1438,Mouse,Accessories,West,10,1362,13620,Cash,Distributor
8686,2026-11-17,C1822,Mobile,Electronics,Central,2,22582,45164,Cash,Online
8687,2026-04-19,C1836,Printer,Office,North,9,12565,113085,Credit Card,Distributor
8688,2026-03-11,C1308,Monitor,Electronics,Northeast,5,19988,99940,Credit Card,Distributor
8689,2026-04-02,C1747,Keyboard,Accessories,Central,10,2817,28170,Cash,Distributor
8690,2026-12-19,C2641,Monitor,Electronics,Northeast,10,19207,192070,Debit Card,Distributor
8691,2026-03-30,C2384,Laptop,Electronics,North,3,64853,194559,Cash,Online
8692,2026-10-13,C2532,Keyboard,Accessories,East,5,2786,13930,Cash,Store
8693,2026-10-16,C2238,Headphones,Accessories,Central,3,3796,11388,UPI,Distributor
8694,2026-04-29,C2351,Mobile,Electronics,Central,9,22982,206838,Cash,Store
8695,2026-04-03,C2256,Mouse,Accessories,East,2,1540,3080,Credit Card,Online
8696,2026-03-17,C1531,Keyboard,Accessories,West,5,2764,13820,Credit Card,Distributor
8697,2026-11-27,C2901,Laptop,Electronics,Northeast,7,64422,450954,Debit Card,Distributor
8698,2026-06-04,C2161,Office Chair,Furniture,West,3,9410,28230,Debit Card,Online
8699,2026-02-03,C2523,Laptop,Electronics,East,6,63761,382566,Cash,Store
8700,2026-04-29,C2776,Laptop,Electronics,South,8,58096,464768,UPI,Distributor
8701,2026-01-21,C1829,Headphones,Accessories,North,1,3988,3988,Net Banking,Distributor
8702,2026-05-04,C1519,Headphones,Accessories,Northeast,8,3818,30544,Credit Card,Distributor
8703,2026-05-26,C1957,Office Chair,Furniture,Central,1,10171,10171,Net Banking,Distributor
8704,2026-12-28,C1850,Office Chair,Furniture,North,5,10565,52825,Credit Card,Store
8705,2026-01-03,C1273,Monitor,Electronics,West,3,18306,54918,Credit Card,Online
8706,2026-05-13,C1851,Mobile,Electronics,West,10,22641,226410,Credit Card,Online
8707,2026-01-16,C1421,Laptop,Electronics,Northeast,7,61412,429884,Cash,Online
8708,2026-07-17,C2992,Printer,Office,South,8,12885,103080,UPI,Online
8709,2026-07-29,C1602,Mouse,Accessories,North,9,1442,12978,Net Banking,Online
8710,2026-10-07,C1730,Mouse,Accessories,West,8,1592,12736,Debit Card,Distributor
8711,2026-06-13,C2430,Laptop,Electronics,West,5,58036,290180,Net Banking,Online
8712,2026-01-21,C1143,Laptop,Electronics,East,1,60908,60908,UPI,Store
8713,2026-01-08,C2448,Office Chair,Furniture,Central,9,10485,94365,UPI,Online
8714,2026-09-26,C1900,Office Chair,Furniture,West,5,10393,51965,Net Banking,Store
8715,2026-11-24,C1560,Mobile,Electronics,West,3,23919,71757,Cash,Store
8716,2026-06-03,C2942,Mobile,Electronics,East,4,26895,107580,Cash,Distributor
8717,2026-01-28,C1555,Office Chair,Furniture,North,7,9879,69153,Credit Card,Online
8718,2026-12-19,C2283,Headphones,Accessories,East,6,3986,23916,Credit Card,Online
8719,2026-05-16,C2946,Tablet,Electronics,Central,1,32285,32285,Net Banking,Store
8720,2026-11-09,C1777,Headphones,Accessories,Central,1,3885,3885,Cash,Online
8721,2026-02-26,C2267,Mobile,Electronics,Central,10,24327,243270,UPI,Online
8722,2026-04-29,C1221,Keyboard,Accessories,West,8,3038,24304,Cash,Online
8723,2026-04-10,C1431,Office Chair,Furniture,Central,10,9255,92550,Debit Card,Store
8724,2026-07-08,C1639,Printer,Office,Central,1,12876,12876,Net Banking,Distributor
8725,2026-01-18,C1601,Printer,Office,Northeast,3,12026,36078,Cash,Online
8726,2026-02-16,C2206,Tablet,Electronics,Northeast,2,28742,57484,Debit Card,Store
8727,2026-04-18,C1147,Laptop,Electronics,North,6,54273,325638,Credit Card,Distributor
8728,2026-06-17,C1864,Desk,Furniture,West,2,15910,31820,Net Banking,Online
8729,2026-05-09,C2450,Monitor,Electronics,West,4,18347,73388,Cash,Online
8730,2026-05-07,C2423,Mouse,Accessories,South,8,1566,12528,Credit Card,Online
8731,2026-08-11,C1374,Laptop,Electronics,South,6,62427,374562,Debit Card,Distributor
8732,2026-07-08,C2489,Mouse,Accessories,Central,1,1625,1625,Debit Card,Online
8733,2026-07-27,C1746,Headphones,Accessories,East,7,4158,29106,UPI,Store
8734,2026-12-04,C2497,Mouse,Accessories,East,1,1455,1455,Credit Card,Online
8735,2026-09-16,C1101,Monitor,Electronics,East,10,19052,190520,Debit Card,Online
8736,2026-03-06,C2928,Mobile,Electronics,Northeast,10,22981,229810,Credit Card,Distributor
8737,2026-01-13,C2106,Mouse,Accessories,East,4,1359,5436,Credit Card,Distributor
8738,2026-10-21,C2461,Headphones,Accessories,North,5,4396,21980,Credit Card,Store
8739,2026-06-22,C1246,Headphones,Accessories,North,9,3638,32742,Cash,Online
8740,2026-03-31,C1409,Monitor,Electronics,Central,5,20494,102470,UPI,Distributor
8741,2026-07-21,C2156,Office Chair,Furniture,Northeast,1,10374,10374,Credit Card,Store
8742,2026-02-25,C2852,Office Chair,Furniture,West,10,10065,100650,Debit Card,Store
8743,2026-08-02,C2704,Mobile,Electronics,North,1,22750,22750,Debit Card,Online
8744,2026-03-22,C1137,Mobile,Electronics,Central,7,23963,167741,UPI,Store
8745,2026-10-09,C1630,Mouse,Accessories,South,2,1496,2992,UPI,Online
8746,2026-11-17,C1478,Keyboard,Accessories,East,7,3276,22932,Net Banking,Distributor
8747,2026-02-19,C2119,Keyboard,Accessories,Central,2,3228,6456,UPI,Online
8748,2026-09-18,C2152,Office Chair,Furniture,West,7,10750,75250,Cash,Online
8749,2026-12-05,C1383,Desk,Furniture,West,7,13596,95172,Cash,Distributor
8750,2026-07-18,C1156,Keyboard,Accessories,West,1,3187,3187,Net Banking,Store
8751,2026-07-21,C2860,Laptop,Electronics,Northeast,8,60052,480416,UPI,Distributor
8752,2026-07-29,C1586,Monitor,Electronics,West,2,18633,37266,Credit Card,Online
8753,2026-08-27,C2875,Laptop,Electronics,South,9,63910,575190,Net Banking,Store
8754,2026-08-02,C1317,Keyboard,Accessories,West,8,3179,25432,Net Banking,Online
8755,2026-10-20,C2597,Desk,Furniture,South,8,16008,128064,Credit Card,Online
8756,2026-11-23,C2647,Laptop,Electronics,Northeast,10,62799,627990,Net Banking,Store
8757,2026-02-03,C2517,Desk,Furniture,Central,9,13886,124974,Cash,Store
8758,2026-10-03,C1026,Laptop,Electronics,West,6,63873,383238,Cash,Distributor
8759,2026-03-20,C2165,Desk,Furniture,North,3,13901,41703,Credit Card,Distributor
8760,2026-09-06,C1558,Keyboard,Accessories,South,8,3120,24960,Cash,Distributor
8761,2026-04-09,C1823,Desk,Furniture,West,1,13615,13615,Credit Card,Online
8762,2026-05-23,C2093,Headphones,Accessories,East,3,3991,11973,UPI,Distributor
8763,2026-05-07,C1932,Mobile,Electronics,East,9,23197,208773,Net Banking,Store
8764,2026-06-11,C1359,Office Chair,Furniture,South,3,10399,31197,UPI,Distributor
8765,2026-09-13,C1594,Office Chair,Furniture,Central,5,9044,45220,Debit Card,Distributor
8766,2026-09-12,C1333,Keyboard,Accessories,East,4,3221,12884,Debit Card,Distributor
8767,2026-05-01,C1114,Laptop,Electronics,East,1,59480,59480,Credit Card,Online
8768,2026-05-25,C1991,Office Chair,Furniture,Northeast,5,9376,46880,UPI,Distributor
8769,2026-08-05,C1710,Desk,Furniture,Central,9,15275,137475,Cash,Store
8770,2026-09-24,C1819,Office Chair,Furniture,East,3,10989,32967,UPI,Distributor
8771,2026-07-23,C2175,Headphones,Accessories,Northeast,9,4400,39600,Net Banking,Store
8772,2026-03-26,C2002,Tablet,Electronics,North,2,29084,58168,Cash,Store
8773,2026-12-06,C1943,Mobile,Electronics,Central,10,23602,236020,Cash,Online
8774,2026-08-09,C1291,Laptop,Electronics,Northeast,8,64575,516600,Net Banking,Online
8775,2026-07-14,C1608,Headphones,Accessories,Northeast,2,3725,7450,Cash,Online
8776,2026-06-30,C1338,Desk,Furniture,North,3,15404,46212,Debit Card,Online
8777,2026-01-28,C1154,Laptop,Electronics,East,8,61449,491592,Credit Card,Store
8778,2026-10-31,C1867,Headphones,Accessories,South,6,4136,24816,Cash,Online
8779,2026-12-17,C2814,Keyboard,Accessories,South,1,3245,3245,Net Banking,Distributor
8780,2026-08-03,C1756,Mouse,Accessories,North,3,1376,4128,Net Banking,Store
8781,2026-06-01,C1498,Tablet,Electronics,Central,5,31153,155765,Cash,Online
8782,2026-06-24,C1318,Laptop,Electronics,Central,1,56387,56387,Cash,Distributor
8783,2026-12-09,C2756,Monitor,Electronics,East,2,19248,38496,UPI,Online
8784,2026-02-14,C1065,Monitor,Electronics,East,7,20957,146699,Debit Card,Online
8785,2026-10-13,C2410,Monitor,Electronics,East,7,18464,129248,Cash,Distributor
8786,2026-11-30,C2614,Monitor,Electronics,West,3,20468,61404,Credit Card,Online
8787,2026-08-29,C1388,Office Chair,Furniture,North,3,10288,30864,Credit Card,Online
8788,2026-03-16,C2627,Desk,Furniture,West,6,15743,94458,Debit Card,Online
8789,2026-04-02,C2941,Office Chair,Furniture,South,10,10769,107690,Net Banking,Online
8790,2026-11-12,C2682,Keyboard,Accessories,West,2,2851,5702,UPI,Online
8791,2026-04-18,C2659,Mobile,Electronics,Central,7,24126,168882,Net Banking,Distributor
8792,2026-02-02,C1572,Mouse,Accessories,West,8,1509,12072,UPI,Distributor
8793,2026-05-30,C1299,Monitor,Electronics,West,10,20021,200210,UPI,Distributor
8794,2026-03-30,C1455,Office Chair,Furniture,Central,4,9786,39144,Debit Card,Online
8795,2026-07-31,C2562,Tablet,Electronics,North,10,32944,329440,Net Banking,Distributor
8796,2026-07-09,C2218,Laptop,Electronics,West,2,63878,127756,Net Banking,Distributor
8797,2026-12-10,C2868,Tablet,Electronics,Northeast,5,29862,149310,Net Banking,Online
8798,2026-04-30,C2979,Tablet,Electronics,South,7,29445,206115,Cash,Distributor
8799,2026-06-08,C2175,Laptop,Electronics,Central,10,55619,556190,Net Banking,Distributor
8800,2026-01-09,C1497,Office Chair,Furniture,North,1,10385,10385,Net Banking,Store
8801,2026-10-26,C2724,Tablet,Electronics,South,1,30283,30283,Cash,Online
8802,2026-05-23,C2241,Desk,Furniture,South,9,15778,142002,Net Banking,Distributor
8803,2026-03-18,C2275,Mouse,Accessories,Central,8,1380,11040,Net Banking,Store
8804,2026-11-23,C1961,Desk,Furniture,West,5,14770,73850,Net Banking,Online
8805,2026-01-28,C2551,Headphones,Accessories,East,2,3983,7966,Net Banking,Store
8806,2026-09-24,C2494,Monitor,Electronics,Central,8,18686,149488,UPI,Store
8807,2026-04-11,C2215,Mouse,Accessories,South,10,1621,16210,UPI,Store
8808,2026-11-19,C2621,Mobile,Electronics,South,5,26415,132075,Cash,Online
8809,2026-11-04,C2513,Headphones,Accessories,Central,2,3924,7848,Net Banking,Online
8810,2026-12-18,C2045,Mobile,Electronics,South,6,26857,161142,Cash,Distributor
8811,2026-05-16,C1305,Laptop,Electronics,Northeast,2,57066,114132,Cash,Distributor
8812,2026-08-15,C1331,Monitor,Electronics,West,2,19349,38698,UPI,Store
8813,2026-04-28,C1923,Tablet,Electronics,Central,1,31771,31771,UPI,Distributor
8814,2026-08-07,C1731,Printer,Office,Northeast,9,11997,107973,UPI,Online
8815,2026-10-04,C1904,Tablet,Electronics,North,9,29616,266544,Cash,Distributor
8816,2026-08-14,C1409,Desk,Furniture,Northeast,6,15205,91230,UPI,Store
8817,2026-10-19,C2125,Headphones,Accessories,West,10,3910,39100,Debit Card,Distributor
8818,2026-04-12,C2557,Laptop,Electronics,Northeast,9,55331,497979,Debit Card,Distributor
8819,2026-02-02,C1532,Keyboard,Accessories,North,3,3173,9519,UPI,Distributor
8820,2026-10-30,C1989,Monitor,Electronics,Central,10,18442,184420,Cash,Store
8821,2026-10-17,C1622,Monitor,Electronics,North,3,19484,58452,Cash,Distributor
8822,2026-07-28,C1120,Printer,Office,West,3,13025,39075,UPI,Distributor
8823,2026-11-13,C1147,Laptop,Electronics,South,1,60188,60188,Credit Card,Online
8824,2026-03-21,C1584,Office Chair,Furniture,North,5,10377,51885,Cash,Store
8825,2026-02-25,C1444,Desk,Furniture,Northeast,3,14462,43386,Debit Card,Store
8826,2026-03-20,C2317,Tablet,Electronics,East,6,27527,165162,Net Banking,Store
8827,2026-09-19,C2265,Laptop,Electronics,West,9,55228,497052,Cash,Online
8828,2026-04-11,C1782,Monitor,Electronics,Northeast,2,21851,43702,Net Banking,Store
8829,2026-05-11,C2429,Tablet,Electronics,North,2,31514,63028,Cash,Store
8830,2026-03-25,C2969,Printer,Office,Central,10,11883,118830,Cash,Store
8831,2026-04-22,C2489,Mobile,Electronics,East,9,25449,229041,Credit Card,Distributor
8832,2026-05-15,C1988,Keyboard,Accessories,Northeast,4,3231,12924,Cash,Online
8833,2026-02-23,C2813,Desk,Furniture,North,10,14323,143230,Credit Card,Distributor
8834,2026-05-31,C1936,Mouse,Accessories,North,6,1642,9852,Credit Card,Store
8835,2026-09-22,C1108,Mouse,Accessories,North,7,1416,9912,Net Banking,Store
8836,2026-04-04,C2527,Tablet,Electronics,Central,10,29732,297320,UPI,Store
8837,2026-10-08,C2874,Headphones,Accessories,East,9,4325,38925,Net Banking,Online
8838,2026-09-28,C2775,Keyboard,Accessories,South,9,2777,24993,Credit Card,Distributor
8839,2026-09-29,C2205,Office Chair,Furniture,North,8,9384,75072,Net Banking,Distributor
8840,2026-02-06,C2603,Keyboard,Accessories,South,10,3063,30630,Cash,Online
8841,2026-11-22,C1280,Printer,Office,South,2,10977,21954,UPI,Store
8842,2026-07-31,C1410,Mobile,Electronics,North,1,26744,26744,UPI,Online
8843,2026-11-25,C1156,Mobile,Electronics,West,3,26720,80160,Net Banking,Distributor
8844,2026-09-09,C2138,Headphones,Accessories,East,1,3642,3642,Net Banking,Online
8845,2026-08-22,C2631,Desk,Furniture,Northeast,1,13932,13932,Debit Card,Distributor
8846,2026-02-27,C1086,Office Chair,Furniture,West,7,9120,63840,Net Banking,Distributor
8847,2026-12-21,C2520,Office Chair,Furniture,Central,9,9298,83682,Cash,Online
8848,2026-12-06,C1532,Laptop,Electronics,West,9,61530,553770,UPI,Distributor
8849,2026-09-12,C2903,Mouse,Accessories,South,8,1448,11584,Net Banking,Distributor
8850,2026-01-18,C2511,Laptop,Electronics,North,7,57097,399679,Cash,Online
8851,2026-05-27,C2149,Office Chair,Furniture,West,10,10460,104600,Debit Card,Distributor
8852,2026-05-18,C1587,Printer,Office,North,5,12761,63805,Cash,Distributor
8853,2026-08-02,C1971,Mouse,Accessories,North,9,1411,12699,Credit Card,Online
8854,2026-03-09,C2625,Mouse,Accessories,Northeast,4,1442,5768,Net Banking,Online
8855,2026-06-11,C1989,Desk,Furniture,North,3,16463,49389,Cash,Store
8856,2026-03-21,C2935,Tablet,Electronics,East,9,29493,265437,Debit Card,Store
8857,2026-10-05,C2581,Monitor,Electronics,South,10,19871,198710,UPI,Distributor
8858,2026-04-19,C1998,Mouse,Accessories,South,10,1458,14580,UPI,Distributor
8859,2026-09-22,C2066,Tablet,Electronics,Northeast,10,27505,275050,UPI,Online
8860,2026-03-07,C2255,Keyboard,Accessories,North,5,2821,14105,UPI,Online
8861,2026-01-24,C1444,Keyboard,Accessories,Central,6,3266,19596,Cash,Store
8862,2026-09-08,C1763,Mouse,Accessories,Northeast,9,1362,12258,UPI,Online
8863,2026-11-06,C1827,Headphones,Accessories,East,5,3681,18405,Credit Card,Online
8864,2026-01-01,C1674,Mobile,Electronics,Northeast,7,26889,188223,Cash,Online
8865,2026-08-12,C1728,Laptop,Electronics,West,3,63151,189453,UPI,Online
8866,2026-10-12,C2744,Keyboard,Accessories,Central,1,3045,3045,Cash,Online
8867,2026-02-09,C1569,Monitor,Electronics,South,5,18811,94055,Credit Card,Distributor
8868,2026-06-27,C2184,Printer,Office,Central,1,11945,11945,UPI,Online
8869,2026-07-17,C2425,Tablet,Electronics,Central,5,28293,141465,Debit Card,Store
8870,2026-05-14,C1696,Keyboard,Accessories,West,6,2936,17616,Net Banking,Store
8871,2026-08-31,C1590,Printer,Office,Northeast,4,13072,52288,Net Banking,Store
8872,2026-10-31,C2904,Laptop,Electronics,Central,8,60218,481744,UPI,Distributor
8873,2026-01-06,C2090,Tablet,Electronics,East,5,32786,163930,Debit Card,Distributor
8874,2026-01-05,C1977,Office Chair,Furniture,East,5,9453,47265,Net Banking,Store
8875,2026-06-13,C2408,Keyboard,Accessories,Northeast,8,2706,21648,Credit Card,Store
8876,2026-10-30,C1680,Headphones,Accessories,South,4,3814,15256,Cash,Online
8877,2026-12-12,C1399,Tablet,Electronics,North,1,30125,30125,UPI,Store
8878,2026-11-10,C1392,Headphones,Accessories,East,2,4240,8480,UPI,Store
8879,2026-11-29,C1961,Monitor,Electronics,South,3,20652,61956,Cash,Store
8880,2026-08-06,C2314,Mobile,Electronics,Central,1,25960,25960,UPI,Distributor
8881,2026-12-10,C2363,Headphones,Accessories,Northeast,7,4067,28469,UPI,Online
8882,2026-03-03,C1566,Office Chair,Furniture,Central,10,9368,93680,UPI,Online
8883,2026-05-19,C2505,Office Chair,Furniture,Northeast,10,10467,104670,Credit Card,Distributor
8884,2026-11-30,C2230,Headphones,Accessories,West,1,4222,4222,Cash,Distributor
8885,2026-10-19,C2603,Headphones,Accessories,East,7,3865,27055,Debit Card,Distributor
8886,2026-12-17,C1497,Laptop,Electronics,West,4,60928,243712,UPI,Distributor
8887,2026-05-22,C1814,Printer,Office,Central,8,12871,102968,Cash,Online
8888,2026-08-08,C1587,Laptop,Electronics,South,2,57859,115718,Credit Card,Distributor
8889,2026-01-18,C2108,Printer,Office,West,4,10889,43556,Net Banking,Distributor
8890,2026-11-06,C1819,Desk,Furniture,Northeast,4,16284,65136,Cash,Distributor
8891,2026-10-12,C1777,Monitor,Electronics,East,5,19195,95975,Net Banking,Store
8892,2026-10-09,C1922,Headphones,Accessories,South,9,3776,33984,Cash,Online
8893,2026-08-03,C1137,Tablet,Electronics,Central,2,30905,61810,Net Banking,Online
8894,2026-03-22,C1636,Headphones,Accessories,Northeast,1,3652,3652,Net Banking,Distributor
8895,2026-05-12,C2358,Printer,Office,West,8,11729,93832,Credit Card,Store
8896,2026-07-21,C2330,Keyboard,Accessories,Central,3,3159,9477,Debit Card,Distributor
8897,2026-07-23,C2141,Printer,Office,Northeast,7,11498,80486,Net Banking,Online
8898,2026-01-28,C1672,Tablet,Electronics,Central,10,30678,306780,Credit Card,Online
8899,2026-04-09,C1494,Monitor,Electronics,South,10,19226,192260,Debit Card,Online
8900,2026-06-24,C2994,Office Chair,Furniture,North,3,9530,28590,Credit Card,Online
8901,2026-07-27,C2944,Printer,Office,West,9,12499,112491,Debit Card,Distributor
8902,2026-06-18,C2355,Keyboard,Accessories,Northeast,7,3129,21903,Debit Card,Online
8903,2026-05-20,C2141,Mobile,Electronics,Central,8,23518,188144,Credit Card,Online
8904,2026-01-12,C2080,Mobile,Electronics,South,5,22546,112730,Credit Card,Store
8905,2026-11-01,C1577,Desk,Furniture,Central,9,15901,143109,Debit Card,Store
8906,2026-04-21,C1605,Mouse,Accessories,South,9,1568,14112,UPI,Online
8907,2026-10-18,C1578,Laptop,Electronics,North,7,63672,445704,UPI,Online
8908,2026-02-22,C1174,Headphones,Accessories,North,6,4077,24462,Cash,Distributor
8909,2026-12-20,C1475,Mobile,Electronics,South,1,22747,22747,UPI,Store
8910,2026-03-11,C2341,Headphones,Accessories,North,10,4146,41460,Credit Card,Store
8911,2026-05-07,C1518,Printer,Office,North,3,11247,33741,Cash,Distributor
8912,2026-07-13,C1131,Tablet,Electronics,South,5,31206,156030,Debit Card,Store
8913,2026-07-22,C1422,Desk,Furniture,South,2,13740,27480,Debit Card,Distributor
8914,2026-06-15,C2223,Keyboard,Accessories,Central,2,2751,5502,UPI,Store
8915,2026-09-13,C1422,Mouse,Accessories,South,3,1500,4500,UPI,Distributor
8916,2026-07-22,C1220,Monitor,Electronics,Northeast,10,19063,190630,Cash,Store
8917,2026-10-17,C1801,Monitor,Electronics,Northeast,10,18915,189150,UPI,Store
8918,2026-07-18,C1803,Desk,Furniture,Central,9,15494,139446,Credit Card,Store
8919,2026-06-19,C2253,Mobile,Electronics,East,4,25278,101112,Net Banking,Store
8920,2026-08-22,C1575,Office Chair,Furniture,North,2,9626,19252,Credit Card,Distributor
8921,2026-10-15,C1945,Printer,Office,East,3,12025,36075,Cash,Distributor
8922,2026-03-13,C2358,Tablet,Electronics,West,7,32423,226961,UPI,Store
8923,2026-05-29,C2772,Keyboard,Accessories,Northeast,9,2744,24696,Debit Card,Store
8924,2026-09-20,C2492,Monitor,Electronics,North,6,20255,121530,Credit Card,Online
8925,2026-03-06,C2800,Mobile,Electronics,North,8,24901,199208,Net Banking,Online
8926,2026-02-17,C2032,Keyboard,Accessories,West,9,3233,29097,UPI,Online
8927,2026-10-18,C2150,Tablet,Electronics,South,2,32303,64606,Cash,Distributor
8928,2026-05-27,C2388,Desk,Furniture,Northeast,3,14402,43206,Debit Card,Distributor
8929,2026-11-02,C1125,Mouse,Accessories,Northeast,1,1453,1453,UPI,Online
8930,2026-07-04,C1667,Monitor,Electronics,South,5,20047,100235,Debit Card,Distributor
8931,2026-01-28,C2495,Keyboard,Accessories,North,10,3059,30590,UPI,Distributor
8932,2026-04-05,C2741,Desk,Furniture,West,7,14574,102018,Net Banking,Store
8933,2026-05-06,C2924,Keyboard,Accessories,East,7,3045,21315,Net Banking,Online
8934,2026-05-01,C2329,Tablet,Electronics,East,6,32290,193740,Credit Card,Distributor
8935,2026-10-20,C2284,Laptop,Electronics,North,1,57725,57725,Credit Card,Distributor
8936,2026-07-12,C1481,Mobile,Electronics,South,5,22874,114370,Credit Card,Distributor
8937,2026-06-22,C1139,Desk,Furniture,East,3,16138,48414,Credit Card,Store
8938,2026-04-25,C2364,Office Chair,Furniture,Northeast,7,9605,67235,Debit Card,Online
8939,2026-11-08,C2093,Mouse,Accessories,Central,7,1427,9989,UPI,Distributor
8940,2026-09-17,C2020,Laptop,Electronics,North,8,59272,474176,Credit Card,Distributor
8941,2026-06-25,C2770,Mouse,Accessories,South,7,1400,9800,Debit Card,Distributor
8942,2026-12-17,C2052,Mobile,Electronics,Central,6,27003,162018,Cash,Distributor
8943,2026-02-27,C1078,Tablet,Electronics,North,8,28460,227680,UPI,Store
8944,2026-08-30,C1642,Monitor,Electronics,Northeast,6,19827,118962,Credit Card,Online
8945,2026-08-27,C2283,Laptop,Electronics,West,1,56008,56008,Net Banking,Store
8946,2026-04-20,C2683,Office Chair,Furniture,North,7,10588,74116,Credit Card,Store
8947,2026-10-02,C2980,Monitor,Electronics,South,6,20912,125472,UPI,Distributor
8948,2026-10-05,C2938,Printer,Office,North,7,10977,76839,Net Banking,Distributor
8949,2026-01-22,C2180,Laptop,Electronics,Central,9,63557,572013,Net Banking,Distributor
8950,2026-01-13,C2291,Office Chair,Furniture,Central,3,10107,30321,Credit Card,Online
8951,2026-03-11,C1281,Desk,Furniture,East,4,15706,62824,Debit Card,Store
8952,2026-05-05,C1747,Mouse,Accessories,Central,7,1459,10213,Debit Card,Distributor
8953,2026-01-11,C1638,Desk,Furniture,North,3,14506,43518,Cash,Online
8954,2026-07-05,C1632,Printer,Office,North,3,12646,37938,Net Banking,Distributor
8955,2026-07-29,C2418,Monitor,Electronics,Central,10,21654,216540,Cash,Store
8956,2026-09-23,C1288,Printer,Office,South,1,11930,11930,Cash,Store
8957,2026-10-28,C2216,Printer,Office,West,9,13035,117315,Debit Card,Online
8958,2026-06-22,C2749,Monitor,Electronics,North,7,20975,146825,Cash,Online
8959,2026-11-19,C1305,Tablet,Electronics,East,9,31523,283707,Credit Card,Online
8960,2026-11-15,C1568,Printer,Office,North,2,11895,23790,UPI,Distributor
8961,2026-06-22,C2223,Monitor,Electronics,South,7,21919,153433,Cash,Online
8962,2026-11-29,C2819,Mouse,Accessories,North,3,1472,4416,UPI,Distributor
8963,2026-09-16,C1364,Tablet,Electronics,West,2,27162,54324,Cash,Online
8964,2026-03-13,C2125,Mouse,Accessories,West,7,1388,9716,Debit Card,Distributor
8965,2026-02-27,C2936,Mouse,Accessories,South,1,1570,1570,Cash,Distributor
8966,2026-12-27,C1408,Printer,Office,East,5,12697,63485,UPI,Online
8967,2026-04-05,C2551,Headphones,Accessories,North,6,3883,23298,Debit Card,Distributor
8968,2026-12-04,C1481,Keyboard,Accessories,West,10,3237,32370,Net Banking,Online
8969,2026-10-10,C1492,Office Chair,Furniture,East,4,9128,36512,Credit Card,Online
8970,2026-11-27,C2880,Keyboard,Accessories,Central,3,3159,9477,Cash,Store
8971,2026-08-30,C2804,Printer,Office,East,9,11311,101799,UPI,Distributor
8972,2026-04-05,C2743,Monitor,Electronics,East,1,21381,21381,Debit Card,Online
8973,2026-09-17,C2966,Tablet,Electronics,Central,7,32836,229852,Debit Card,Distributor
8974,2026-03-28,C1552,Monitor,Electronics,Central,1,18749,18749,Debit Card,Online
8975,2026-01-30,C1623,Laptop,Electronics,East,1,58628,58628,Credit Card,Online
8976,2026-10-14,C2983,Monitor,Electronics,Central,1,18602,18602,Credit Card,Store
8977,2026-12-24,C2683,Mobile,Electronics,North,5,27394,136970,Cash,Store
8978,2026-05-10,C1013,Monitor,Electronics,South,10,20241,202410,Debit Card,Store
8979,2026-04-20,C2465,Laptop,Electronics,South,7,65319,457233,Cash,Store
8980,2026-05-23,C1543,Keyboard,Accessories,South,8,3120,24960,Credit Card,Online
8981,2026-12-02,C1187,Tablet,Electronics,Northeast,4,31815,127260,Credit Card,Online
8982,2026-11-03,C2837,Keyboard,Accessories,North,2,2955,5910,Debit Card,Distributor
8983,2026-07-30,C1246,Office Chair,Furniture,East,1,10137,10137,UPI,Store
8984,2026-04-15,C1477,Printer,Office,North,1,11330,11330,UPI,Distributor
8985,2026-04-06,C1010,Printer,Office,North,10,12689,126890,UPI,Store
8986,2026-01-19,C1163,Laptop,Electronics,West,4,61907,247628,Cash,Store
8987,2026-12-21,C1886,Headphones,Accessories,South,5,3936,19680,Cash,Online
8988,2026-04-19,C1776,Mouse,Accessories,Central,7,1491,10437,Net Banking,Online
8989,2026-10-31,C1207,Laptop,Electronics,Central,4,64351,257404,UPI,Online
8990,2026-04-13,C1879,Tablet,Electronics,West,8,27818,222544,Net Banking,Online
8991,2026-12-27,C2507,Mobile,Electronics,Northeast,3,25253,75759,Credit Card,Store
8992,2026-10-09,C1965,Printer,Office,Central,8,11183,89464,Debit Card,Distributor
8993,2026-12-27,C1719,Printer,Office,East,8,11774,94192,Debit Card,Distributor
8994,2026-03-24,C1748,Headphones,Accessories,Northeast,1,4003,4003,Net Banking,Online
8995,2026-04-17,C1841,Desk,Furniture,Northeast,10,14074,140740,Net Banking,Distributor
8996,2026-06-01,C2709,Headphones,Accessories,East,9,3827,34443,Net Banking,Distributor
8997,2026-09-17,C1499,Keyboard,Accessories,Northeast,8,2810,22480,UPI,Online
8998,2026-07-09,C1359,Laptop,Electronics,East,7,55676,389732,Net Banking,Online
8999,2026-06-25,C2436,Laptop,Electronics,North,4,62106,248424,UPI,Online
9000,2026-03-07,C1844,Mouse,Accessories,West,10,1496,14960,UPI,Store
9001,2026-01-09,C1991,Mouse,Accessories,South,3,1468,4404,Credit Card,Online
9002,2026-03-28,C1518,Printer,Office,North,1,12613,12613,Credit Card,Store
9003,2026-08-05,C1122,Laptop,Electronics,West,8,56525,452200,Net Banking,Online
9004,2026-11-08,C2160,Mobile,Electronics,East,2,25911,51822,Debit Card,Distributor
9005,2026-10-08,C1717,Headphones,Accessories,Central,9,4063,36567,UPI,Online
9006,2026-11-01,C1817,Monitor,Electronics,Central,10,19077,190770,UPI,Store
9007,2026-11-04,C1217,Laptop,Electronics,Northeast,8,63336,506688,Debit Card,Distributor
9008,2026-01-03,C1672,Desk,Furniture,East,7,14915,104405,Net Banking,Online
9009,2026-01-24,C2498,Tablet,Electronics,West,8,28134,225072,Cash,Online
9010,2026-04-09,C1065,Headphones,Accessories,South,6,4075,24450,Debit Card,Online
9011,2026-01-20,C2433,Office Chair,Furniture,Central,3,9788,29364,Debit Card,Distributor
9012,2026-09-19,C1288,Printer,Office,South,6,12413,74478,Net Banking,Store
9013,2026-07-26,C1555,Keyboard,Accessories,West,8,2969,23752,Cash,Online
9014,2026-03-17,C1439,Desk,Furniture,Central,10,16496,164960,Credit Card,Store
9015,2026-06-14,C2579,Desk,Furniture,West,9,14583,131247,Debit Card,Online
9016,2026-12-17,C2940,Mobile,Electronics,Central,10,23510,235100,Debit Card,Distributor
9017,2026-08-20,C1395,Printer,Office,North,1,12395,12395,Credit Card,Store
9018,2026-05-10,C2083,Tablet,Electronics,South,1,29674,29674,Net Banking,Online
9019,2026-04-28,C1868,Keyboard,Accessories,West,2,3043,6086,Cash,Distributor
9020,2026-09-16,C2165,Printer,Office,Northeast,8,10929,87432,UPI,Online
9021,2026-07-05,C2654,Laptop,Electronics,Northeast,9,62436,561924,Credit Card,Online
9022,2026-10-04,C2417,Mobile,Electronics,Northeast,5,25041,125205,Debit Card,Distributor
9023,2026-08-02,C2713,Tablet,Electronics,East,2,28516,57032,Credit Card,Distributor
9024,2026-05-19,C2636,Tablet,Electronics,Northeast,6,29816,178896,Credit Card,Online
9025,2026-03-05,C2911,Keyboard,Accessories,West,7,3251,22757,Credit Card,Store
9026,2026-03-07,C2961,Tablet,Electronics,Central,7,27815,194705,Debit Card,Distributor
9027,2026-05-15,C1025,Monitor,Electronics,West,6,18753,112518,Credit Card,Distributor
9028,2026-04-20,C2152,Tablet,Electronics,Northeast,8,28956,231648,UPI,Store
9029,2026-10-08,C2750,Mouse,Accessories,North,10,1502,15020,Credit Card,Online
9030,2026-10-28,C2192,Keyboard,Accessories,North,8,3103,24824,Credit Card,Distributor
9031,2026-08-16,C1507,Headphones,Accessories,East,9,3680,33120,Debit Card,Store
9032,2026-08-01,C2103,Headphones,Accessories,South,7,3993,27951,Net Banking,Store
9033,2026-07-10,C2049,Laptop,Electronics,East,2,60279,120558,Credit Card,Online
9034,2026-05-06,C2461,Monitor,Electronics,Central,8,20356,162848,Cash,Online
9035,2026-08-26,C2674,Laptop,Electronics,Central,5,62259,311295,Credit Card,Distributor
9036,2026-09-22,C1534,Printer,Office,West,4,11853,47412,Debit Card,Online
9037,2026-09-19,C2983,Laptop,Electronics,West,5,59396,296980,Cash,Store
9038,2026-07-02,C1172,Headphones,Accessories,North,4,4132,16528,UPI,Store
9039,2026-01-04,C2941,Keyboard,Accessories,East,7,3287,23009,Debit Card,Distributor
9040,2026-04-09,C2014,Mobile,Electronics,South,3,26496,79488,Debit Card,Store
9041,2026-01-05,C1820,Desk,Furniture,North,4,13718,54872,Debit Card,Online
9042,2026-03-05,C1415,Printer,Office,Northeast,7,12984,90888,Debit Card,Online
9043,2026-12-09,C1366,Keyboard,Accessories,East,5,3102,15510,Cash,Distributor
9044,2026-03-05,C2852,Laptop,Electronics,South,10,64097,640970,UPI,Store
9045,2026-11-23,C2541,Desk,Furniture,Central,5,13999,69995,Cash,Online
9046,2026-11-09,C2345,Office Chair,Furniture,Central,9,10200,91800,Credit Card,Distributor
9047,2026-07-18,C2284,Mouse,Accessories,Northeast,10,1370,13700,Cash,Distributor
9048,2026-07-10,C2467,Mouse,Accessories,Northeast,4,1539,6156,Credit Card,Distributor
9049,2026-05-21,C2543,Mouse,Accessories,Northeast,7,1518,10626,Cash,Distributor
9050,2026-04-26,C2673,Keyboard,Accessories,Northeast,5,2946,14730,Net Banking,Store
9051,2026-01-02,C2779,Mobile,Electronics,North,2,25013,50026,Cash,Store
9052,2026-10-11,C2901,Office Chair,Furniture,North,10,10446,104460,Cash,Store
9053,2026-11-09,C2589,Headphones,Accessories,South,7,4376,30632,UPI,Distributor
9054,2026-02-10,C2284,Mobile,Electronics,Central,1,26403,26403,Net Banking,Store
9055,2026-12-14,C1998,Printer,Office,South,6,13059,78354,Cash,Online
9056,2026-12-30,C2960,Tablet,Electronics,South,10,30823,308230,Net Banking,Store
9057,2026-06-04,C1160,Headphones,Accessories,North,9,3686,33174,Net Banking,Online
9058,2026-07-25,C2959,Headphones,Accessories,Northeast,6,3947,23682,Debit Card,Online
9059,2026-04-13,C2029,Keyboard,Accessories,West,1,2890,2890,Cash,Online
9060,2026-04-19,C2567,Tablet,Electronics,West,1,28797,28797,UPI,Online
9061,2026-09-07,C2095,Keyboard,Accessories,Northeast,4,2747,10988,Cash,Online
9062,2026-01-31,C2186,Headphones,Accessories,East,4,4382,17528,Cash,Distributor
9063,2026-08-03,C2477,Printer,Office,East,7,11239,78673,UPI,Distributor
9064,2026-10-26,C1798,Printer,Office,North,4,11916,47664,UPI,Store
9065,2026-07-30,C1805,Laptop,Electronics,Northeast,9,62903,566127,Cash,Online
9066,2026-08-21,C1712,Mobile,Electronics,East,4,26387,105548,Credit Card,Store
9067,2026-12-20,C1306,Laptop,Electronics,Northeast,4,63748,254992,Cash,Store
9068,2026-04-24,C2743,Headphones,Accessories,North,10,3747,37470,Cash,Store
9069,2026-07-28,C2404,Mouse,Accessories,South,8,1473,11784,Credit Card,Online
9070,2026-02-05,C1163,Tablet,Electronics,Central,4,31831,127324,Cash,Distributor
9071,2026-01-22,C1152,Monitor,Electronics,Central,1,21969,21969,Net Banking,Store
9072,2026-06-29,C2950,Office Chair,Furniture,West,1,10429,10429,UPI,Distributor
9073,2026-02-17,C1872,Monitor,Electronics,Northeast,4,20193,80772,UPI,Distributor
9074,2026-12-12,C1689,Mobile,Electronics,Northeast,6,24100,144600,Net Banking,Store
9075,2026-09-11,C1950,Office Chair,Furniture,South,3,10855,32565,Cash,Online
9076,2026-04-13,C2989,Laptop,Electronics,North,3,56679,170037,Credit Card,Distributor
9077,2026-01-18,C2275,Printer,Office,West,9,11212,100908,Credit Card,Online
9078,2026-01-14,C2760,Headphones,Accessories,Northeast,1,3657,3657,Credit Card,Store
9079,2026-10-01,C2581,Mouse,Accessories,North,6,1515,9090,Credit Card,Online
9080,2026-08-29,C1909,Office Chair,Furniture,South,9,9634,86706,UPI,Store
9081,2026-11-02,C1094,Keyboard,Accessories,East,10,3196,31960,Net Banking,Distributor
9082,2026-04-17,C1298,Keyboard,Accessories,North,10,3256,32560,Net Banking,Distributor
9083,2026-03-09,C1518,Office Chair,Furniture,West,6,9976,59856,Credit Card,Online
9084,2026-04-05,C2557,Office Chair,Furniture,South,9,9740,87660,Cash,Store
9085,2026-03-30,C1070,Headphones,Accessories,West,6,4231,25386,Debit Card,Distributor
9086,2026-12-16,C2615,Laptop,Electronics,Central,3,64737,194211,Debit Card,Distributor
9087,2026-09-30,C2572,Keyboard,Accessories,East,1,2951,2951,Net Banking,Distributor
9088,2026-11-14,C2363,Office Chair,Furniture,West,4,9675,38700,Net Banking,Store
9089,2026-08-16,C2340,Printer,Office,Northeast,3,11171,33513,Cash,Online
9090,2026-01-02,C1183,Keyboard,Accessories,South,2,2971,5942,Cash,Distributor
9091,2026-10-30,C2976,Printer,Office,North,9,12921,116289,Net Banking,Online
9092,2026-08-09,C1503,Desk,Furniture,Central,8,14890,119120,UPI,Online
9093,2026-12-10,C2241,Laptop,Electronics,Northeast,10,56296,562960,Debit Card,Online
9094,2026-01-18,C1431,Mobile,Electronics,North,2,22776,45552,Credit Card,Online
9095,2026-12-09,C2709,Office Chair,Furniture,Northeast,4,9289,37156,Cash,Distributor
9096,2026-04-23,C1809,Mouse,Accessories,South,8,1495,11960,Net Banking,Distributor
9097,2026-09-21,C1626,Mouse,Accessories,West,3,1478,4434,Credit Card,Store
9098,2026-12-13,C2782,Desk,Furniture,Northeast,9,14496,130464,Credit Card,Store
9099,2026-04-21,C2668,Mobile,Electronics,North,8,24696,197568,Debit Card,Online
9100,2026-02-09,C2930,Mobile,Electronics,North,4,25656,102624,Debit Card,Distributor
9101,2026-12-31,C1329,Mobile,Electronics,South,10,26543,265430,Cash,Online
9102,2026-06-07,C2897,Keyboard,Accessories,South,7,2928,20496,Credit Card,Online
9103,2026-01-17,C2732,Mouse,Accessories,East,10,1463,14630,UPI,Store
9104,2026-05-05,C2474,Desk,Furniture,South,9,15053,135477,Credit Card,Online
9105,2026-11-29,C1270,Printer,Office,West,1,11344,11344,UPI,Store
9106,2026-07-06,C2059,Headphones,Accessories,East,2,4004,8008,UPI,Distributor
9107,2026-11-29,C1192,Laptop,Electronics,Northeast,6,59256,355536,UPI,Store
9108,2026-11-14,C1809,Desk,Furniture,East,9,13550,121950,Credit Card,Store
9109,2026-01-26,C1346,Office Chair,Furniture,Central,6,9768,58608,Cash,Distributor
9110,2026-05-08,C1425,Tablet,Electronics,East,9,28612,257508,Net Banking,Store
9111,2026-06-29,C1889,Office Chair,Furniture,South,8,10430,83440,UPI,Distributor
9112,2026-06-19,C2949,Printer,Office,Northeast,4,11142,44568,Net Banking,Distributor
9113,2026-03-30,C1940,Mobile,Electronics,North,1,25661,25661,Credit Card,Distributor
9114,2026-06-28,C2124,Headphones,Accessories,Central,3,3834,11502,Net Banking,Distributor
9115,2026-06-22,C1283,Keyboard,Accessories,South,9,3097,27873,Credit Card,Store
9116,2026-05-17,C2153,Keyboard,Accessories,South,2,3036,6072,Net Banking,Online
9117,2026-11-02,C1617,Office Chair,Furniture,South,10,9374,93740,Debit Card,Distributor
9118,2026-07-25,C1229,Mouse,Accessories,Northeast,5,1372,6860,Net Banking,Distributor
9119,2026-11-15,C1548,Mouse,Accessories,Central,6,1534,9204,Debit Card,Store
9120,2026-01-24,C2112,Keyboard,Accessories,West,7,3195,22365,Credit Card,Store
9121,2026-10-31,C1871,Office Chair,Furniture,South,10,10321,103210,Credit Card,Online
9122,2026-03-26,C2982,Laptop,Electronics,Northeast,1,65331,65331,Cash,Distributor
9123,2026-02-09,C2127,Laptop,Electronics,South,10,61957,619570,Cash,Distributor
9124,2026-01-29,C2059,Desk,Furniture,West,5,15616,78080,Debit Card,Distributor
9125,2026-11-23,C2910,Monitor,Electronics,East,5,20668,103340,Cash,Online
9126,2026-02-20,C2448,Mobile,Electronics,East,7,23757,166299,UPI,Distributor
9127,2026-09-06,C2943,Laptop,Electronics,West,5,60939,304695,Net Banking,Store
9128,2026-05-14,C2219,Headphones,Accessories,South,6,3666,21996,Credit Card,Store
9129,2026-05-31,C1926,Office Chair,Furniture,Central,9,9521,85689,Net Banking,Store
9130,2026-02-24,C2977,Tablet,Electronics,North,5,31627,158135,Cash,Store
9131,2026-02-03,C1074,Laptop,Electronics,West,3,55224,165672,Credit Card,Online
9132,2026-12-04,C2337,Mouse,Accessories,Central,10,1594,15940,Credit Card,Store
9133,2026-04-07,C2703,Printer,Office,Central,6,10806,64836,Net Banking,Distributor
9134,2026-10-15,C2620,Headphones,Accessories,Central,4,4292,17168,Debit Card,Store
9135,2026-09-17,C2917,Tablet,Electronics,Northeast,10,28359,283590,Cash,Online
9136,2026-10-13,C1477,Monitor,Electronics,South,9,19485,175365,Debit Card,Online
9137,2026-12-14,C2443,Laptop,Electronics,North,1,63974,63974,Cash,Online
9138,2026-12-14,C2168,Desk,Furniture,West,3,14521,43563,Net Banking,Distributor
9139,2026-02-13,C2067,Keyboard,Accessories,North,6,2868,17208,Debit Card,Store
9140,2026-01-23,C1721,Laptop,Electronics,North,1,58258,58258,Debit Card,Online
9141,2026-08-15,C2245,Keyboard,Accessories,Central,4,2941,11764,Credit Card,Distributor
9142,2026-01-03,C1004,Headphones,Accessories,South,5,3988,19940,Net Banking,Distributor
9143,2026-11-30,C2692,Mobile,Electronics,Central,5,23841,119205,Debit Card,Online
9144,2026-09-21,C2771,Keyboard,Accessories,South,3,2746,8238,Credit Card,Online
9145,2026-10-14,C1148,Tablet,Electronics,Central,5,30885,154425,Credit Card,Store
9146,2026-01-04,C2293,Laptop,Electronics,North,7,54995,384965,Cash,Online
9147,2026-05-19,C2313,Desk,Furniture,North,10,13676,136760,Credit Card,Store
9148,2026-01-12,C2791,Tablet,Electronics,West,5,27115,135575,Debit Card,Online
9149,2026-07-24,C2909,Office Chair,Furniture,South,8,10239,81912,UPI,Online
9150,2026-05-01,C1982,Mobile,Electronics,Northeast,9,24210,217890,Cash,Store
9151,2026-01-16,C1151,Laptop,Electronics,East,4,62599,250396,Net Banking,Store
9152,2026-02-10,C2179,Office Chair,Furniture,South,6,10494,62964,Debit Card,Online
9153,2026-02-11,C1557,Mobile,Electronics,South,4,24823,99292,Cash,Store
9154,2026-11-09,C2300,Keyboard,Accessories,East,10,3129,31290,Cash,Distributor
9155,2026-11-15,C2147,Desk,Furniture,South,10,16104,161040,Debit Card,Online
9156,2026-11-18,C2432,Printer,Office,Central,8,11110,88880,Credit Card,Distributor
9157,2026-12-06,C2505,Headphones,Accessories,Central,8,3605,28840,UPI,Distributor
9158,2026-06-29,C2602,Printer,Office,Northeast,7,11042,77294,UPI,Online
9159,2026-11-07,C1885,Tablet,Electronics,West,4,30605,122420,Debit Card,Online
9160,2026-06-09,C2181,Headphones,Accessories,West,10,3736,37360,Debit Card,Distributor
9161,2026-08-10,C2196,Mouse,Accessories,Northeast,2,1353,2706,Cash,Distributor
9162,2026-05-04,C2621,Printer,Office,East,8,11983,95864,Cash,Online
9163,2026-08-25,C2260,Headphones,Accessories,South,2,4376,8752,Debit Card,Online
9164,2026-08-11,C2021,Monitor,Electronics,East,8,18779,150232,Debit Card,Distributor
9165,2026-03-24,C1061,Keyboard,Accessories,North,7,2828,19796,Credit Card,Distributor
9166,2026-06-24,C2784,Office Chair,Furniture,Northeast,9,9603,86427,Net Banking,Distributor
9167,2026-12-31,C1786,Keyboard,Accessories,North,1,2885,2885,UPI,Store
9168,2026-06-07,C1644,Monitor,Electronics,Northeast,9,19922,179298,Net Banking,Store
9169,2026-02-09,C1689,Printer,Office,South,7,12803,89621,Credit Card,Online
9170,2026-08-21,C1130,Headphones,Accessories,Northeast,7,3726,26082,Cash,Online
9171,2026-02-27,C2147,Mobile,Electronics,East,10,27021,270210,Credit Card,Online
9172,2026-05-12,C1099,Office Chair,Furniture,South,10,9270,92700,Cash,Online
9173,2026-01-25,C2567,Mobile,Electronics,South,1,26393,26393,Cash,Online
9174,2026-06-12,C2661,Laptop,Electronics,Northeast,6,65537,393222,Cash,Online
9175,2026-08-08,C1704,Mouse,Accessories,Northeast,3,1449,4347,Cash,Online
9176,2026-07-16,C2027,Mouse,Accessories,East,7,1451,10157,UPI,Distributor
9177,2026-11-21,C1015,Office Chair,Furniture,Central,1,9443,9443,Credit Card,Online
9178,2026-09-07,C2017,Tablet,Electronics,East,5,30434,152170,Net Banking,Distributor
9179,2026-10-05,C1362,Keyboard,Accessories,South,7,3159,22113,Debit Card,Online
9180,2026-05-27,C2599,Monitor,Electronics,East,5,20067,100335,Debit Card,Distributor
9181,2026-01-27,C1162,Desk,Furniture,West,4,15009,60036,Credit Card,Store
9182,2026-07-20,C2890,Headphones,Accessories,East,6,3748,22488,Cash,Store
9183,2026-10-23,C2777,Tablet,Electronics,North,7,30966,216762,Debit Card,Distributor
9184,2026-10-26,C1308,Laptop,Electronics,South,3,57967,173901,Credit Card,Distributor
9185,2026-10-09,C1259,Printer,Office,East,4,10814,43256,Credit Card,Distributor
9186,2026-04-22,C1799,Printer,Office,East,6,11058,66348,Net Banking,Online
9187,2026-11-13,C2156,Desk,Furniture,North,8,14331,114648,Credit Card,Online
9188,2026-04-02,C1615,Desk,Furniture,West,7,14670,102690,Credit Card,Distributor
9189,2026-07-10,C1840,Keyboard,Accessories,Central,9,2962,26658,Debit Card,Store
9190,2026-10-09,C1008,Laptop,Electronics,North,5,63084,315420,Debit Card,Online
9191,2026-07-18,C1102,Monitor,Electronics,Northeast,3,18192,54576,UPI,Online
9192,2026-10-26,C1600,Headphones,Accessories,South,4,4020,16080,Net Banking,Online
9193,2026-02-19,C2945,Headphones,Accessories,North,2,3678,7356,Debit Card,Online
9194,2026-11-10,C1573,Tablet,Electronics,East,5,29345,146725,Cash,Store
9195,2026-10-19,C2067,Mouse,Accessories,Central,9,1492,13428,Cash,Distributor
9196,2026-05-30,C2786,Desk,Furniture,East,6,14488,86928,Cash,Distributor
9197,2026-10-15,C1737,Tablet,Electronics,Central,8,29785,238280,UPI,Distributor
9198,2026-08-15,C2029,Tablet,Electronics,Central,2,30376,60752,Cash,Online
9199,2026-01-03,C2682,Printer,Office,Central,10,12781,127810,UPI,Distributor
9200,2026-01-27,C2748,Keyboard,Accessories,South,4,2875,11500,Debit Card,Store
9201,2026-01-30,C1421,Headphones,Accessories,South,9,4345,39105,Debit Card,Store
9202,2026-04-09,C2408,Headphones,Accessories,Central,4,4188,16752,Credit Card,Online
9203,2026-07-09,C1382,Printer,Office,West,9,11904,107136,Cash,Online
9204,2026-12-15,C1623,Tablet,Electronics,Northeast,1,30901,30901,Cash,Store
9205,2026-10-08,C2636,Mobile,Electronics,East,7,23048,161336,Debit Card,Distributor
9206,2026-09-20,C1845,Headphones,Accessories,Northeast,10,3770,37700,Debit Card,Distributor
9207,2026-06-14,C1622,Office Chair,Furniture,North,10,9642,96420,Credit Card,Distributor
9208,2026-04-11,C1767,Tablet,Electronics,South,8,32352,258816,Cash,Store
9209,2026-07-30,C1930,Monitor,Electronics,Northeast,5,20806,104030,Debit Card,Online
9210,2026-01-04,C2594,Tablet,Electronics,North,1,28176,28176,Cash,Store
9211,2026-06-30,C1905,Desk,Furniture,East,2,15691,31382,Debit Card,Online
9212,2026-07-09,C2006,Monitor,Electronics,Northeast,5,18344,91720,Credit Card,Distributor
9213,2026-03-20,C1909,Monitor,Electronics,Northeast,1,20284,20284,Net Banking,Distributor
9214,2026-12-05,C1133,Keyboard,Accessories,West,7,2952,20664,UPI,Online
9215,2026-11-22,C2480,Headphones,Accessories,North,4,3985,15940,Debit Card,Distributor
9216,2026-11-17,C2856,Printer,Office,East,1,10891,10891,Debit Card,Distributor
9217,2026-02-03,C1239,Office Chair,Furniture,East,5,10364,51820,Cash,Store
9218,2026-08-18,C2167,Tablet,Electronics,Central,10,27436,274360,Credit Card,Store
9219,2026-01-04,C1350,Headphones,Accessories,Central,10,4396,43960,Net Banking,Store
9220,2026-09-15,C2173,Mobile,Electronics,Central,9,22876,205884,Debit Card,Online
9221,2026-11-19,C1713,Mouse,Accessories,West,8,1638,13104,UPI,Distributor
9222,2026-03-13,C1103,Headphones,Accessories,South,8,4263,34104,Net Banking,Store
9223,2026-11-28,C1521,Tablet,Electronics,West,5,27822,139110,Debit Card,Distributor
9224,2026-05-24,C1704,Mobile,Electronics,North,5,22692,113460,Debit Card,Online
9225,2026-08-26,C1649,Laptop,Electronics,Northeast,9,57855,520695,UPI,Online
9226,2026-09-21,C1295,Printer,Office,East,1,11682,11682,Debit Card,Store
9227,2026-06-14,C2441,Mouse,Accessories,East,3,1416,4248,Debit Card,Store
9228,2026-09-13,C2385,Mobile,Electronics,South,7,27455,192185,UPI,Distributor
9229,2026-01-19,C1415,Printer,Office,South,10,12096,120960,Net Banking,Distributor
9230,2026-03-05,C1218,Headphones,Accessories,Central,8,3713,29704,Debit Card,Distributor
9231,2026-10-25,C1240,Tablet,Electronics,South,9,32585,293265,UPI,Store
9232,2026-08-01,C1434,Printer,Office,East,3,10819,32457,UPI,Distributor
9233,2026-01-19,C2881,Mobile,Electronics,North,8,23053,184424,UPI,Store
9234,2026-01-11,C1078,Keyboard,Accessories,Northeast,9,3220,28980,Cash,Store
9235,2026-10-31,C1982,Tablet,Electronics,North,6,27827,166962,Debit Card,Store
9236,2026-11-17,C1720,Laptop,Electronics,North,9,62450,562050,Credit Card,Online
9237,2026-12-28,C1313,Laptop,Electronics,Central,10,58192,581920,Debit Card,Store
9238,2026-12-17,C2049,Headphones,Accessories,Central,9,3816,34344,Credit Card,Store
9239,2026-10-03,C1114,Laptop,Electronics,Northeast,6,54458,326748,Net Banking,Store
9240,2026-01-08,C1871,Laptop,Electronics,East,6,60329,361974,UPI,Distributor
9241,2026-06-24,C2117,Office Chair,Furniture,West,8,9291,74328,Debit Card,Distributor
9242,2026-05-17,C1409,Printer,Office,Central,4,12827,51308,Debit Card,Store
9243,2026-03-04,C2754,Mobile,Electronics,North,8,26592,212736,UPI,Distributor
9244,2026-09-18,C2107,Laptop,Electronics,West,10,60825,608250,Net Banking,Online
9245,2026-07-20,C1926,Office Chair,Furniture,East,10,9235,92350,Debit Card,Distributor
9246,2026-05-16,C2085,Desk,Furniture,East,1,15325,15325,Debit Card,Online
9247,2026-07-30,C2343,Desk,Furniture,North,8,15446,123568,Cash,Distributor
9248,2026-02-18,C2200,Mouse,Accessories,Northeast,9,1454,13086,Net Banking,Store
9249,2026-04-21,C2626,Monitor,Electronics,West,6,18192,109152,Credit Card,Distributor
9250,2026-04-30,C1317,Monitor,Electronics,North,7,18063,126441,Net Banking,Online
9251,2026-10-24,C1168,Mouse,Accessories,Northeast,1,1516,1516,Credit Card,Store
9252,2026-05-07,C2826,Monitor,Electronics,West,2,20062,40124,UPI,Online
9253,2026-11-25,C1811,Printer,Office,East,9,10990,98910,Credit Card,Store
9254,2026-08-14,C1447,Keyboard,Accessories,North,10,3261,32610,UPI,Distributor
9255,2026-02-01,C1268,Keyboard,Accessories,South,10,3007,30070,Net Banking,Online
9256,2026-07-07,C1872,Desk,Furniture,North,1,14267,14267,Credit Card,Store
9257,2026-06-18,C1822,Monitor,Electronics,East,8,19116,152928,UPI,Distributor
9258,2026-10-24,C2133,Office Chair,Furniture,West,6,9913,59478,Cash,Online
9259,2026-02-03,C2517,Tablet,Electronics,Northeast,7,32748,229236,UPI,Distributor
9260,2026-04-11,C2287,Tablet,Electronics,Central,6,31058,186348,UPI,Online
9261,2026-06-07,C2398,Monitor,Electronics,East,4,21104,84416,Net Banking,Online
9262,2026-06-30,C2130,Mouse,Accessories,Northeast,4,1503,6012,Debit Card,Online
9263,2026-07-30,C1473,Printer,Office,North,10,12746,127460,Cash,Distributor
9264,2026-07-18,C1476,Mouse,Accessories,Central,7,1409,9863,Debit Card,Store
9265,2026-11-18,C1149,Headphones,Accessories,East,1,3886,3886,UPI,Store
9266,2026-06-30,C2188,Laptop,Electronics,West,6,54433,326598,Cash,Store
9267,2026-04-28,C1283,Mobile,Electronics,West,5,25249,126245,UPI,Distributor
9268,2026-11-02,C1082,Headphones,Accessories,Central,10,4057,40570,Credit Card,Store
9269,2026-04-27,C1900,Mouse,Accessories,South,1,1553,1553,UPI,Distributor
9270,2026-03-13,C1202,Mouse,Accessories,West,1,1631,1631,Credit Card,Store
9271,2026-02-05,C1043,Headphones,Accessories,Northeast,2,3654,7308,UPI,Distributor
9272,2026-09-07,C1747,Office Chair,Furniture,Northeast,8,9145,73160,UPI,Distributor
9273,2026-12-07,C1791,Mobile,Electronics,North,4,25149,100596,UPI,Distributor
9274,2026-10-29,C2839,Tablet,Electronics,East,5,30170,150850,UPI,Online
9275,2026-08-21,C1442,Tablet,Electronics,South,9,29176,262584,Debit Card,Distributor
9276,2026-12-22,C1273,Monitor,Electronics,Northeast,3,19929,59787,Cash,Online
9277,2026-09-14,C2318,Keyboard,Accessories,Northeast,5,2711,13555,Cash,Distributor
9278,2026-07-11,C1023,Desk,Furniture,South,5,13970,69850,UPI,Store
9279,2026-04-29,C2294,Office Chair,Furniture,North,8,10409,83272,Cash,Online
9280,2026-08-16,C1794,Headphones,Accessories,North,2,3922,7844,Cash,Distributor
9281,2026-05-22,C2269,Office Chair,Furniture,West,6,9901,59406,Cash,Online
9282,2026-02-15,C2874,Tablet,Electronics,North,9,30463,274167,UPI,Distributor
9283,2026-06-27,C2305,Monitor,Electronics,South,3,20832,62496,UPI,Online
9284,2026-03-09,C2471,Tablet,Electronics,West,5,31195,155975,Credit Card,Online
9285,2026-05-07,C1073,Office Chair,Furniture,East,8,9787,78296,Net Banking,Distributor
9286,2026-09-17,C1322,Headphones,Accessories,Northeast,9,4291,38619,UPI,Distributor
9287,2026-11-05,C2533,Printer,Office,East,3,11832,35496,Cash,Online
9288,2026-12-31,C1860,Mouse,Accessories,Northeast,2,1573,3146,Cash,Online
9289,2026-05-08,C2456,Printer,Office,North,6,11534,69204,Cash,Store
9290,2026-12-24,C2804,Keyboard,Accessories,East,2,3000,6000,Debit Card,Online
9291,2026-02-10,C1001,Desk,Furniture,West,4,16472,65888,UPI,Distributor
9292,2026-08-20,C1675,Desk,Furniture,South,6,14117,84702,Credit Card,Store
9293,2026-03-23,C2538,Headphones,Accessories,East,3,4186,12558,UPI,Distributor
9294,2026-06-18,C1495,Mobile,Electronics,Central,6,26119,156714,Net Banking,Online
9295,2026-07-16,C1030,Office Chair,Furniture,Central,1,10462,10462,Credit Card,Distributor
9296,2026-04-16,C1624,Tablet,Electronics,South,3,30165,90495,Debit Card,Online
9297,2026-02-19,C2205,Keyboard,Accessories,West,2,3057,6114,Credit Card,Distributor
9298,2026-01-14,C1164,Office Chair,Furniture,East,10,9108,91080,Debit Card,Online
9299,2026-09-27,C1874,Headphones,Accessories,Central,8,3798,30384,Debit Card,Online
9300,2026-06-04,C1036,Desk,Furniture,East,5,13625,68125,UPI,Online
9301,2026-05-01,C2866,Mobile,Electronics,North,7,23598,165186,Cash,Distributor
9302,2026-06-09,C1683,Monitor,Electronics,South,7,19364,135548,UPI,Online
9303,2026-03-16,C1994,Office Chair,Furniture,North,4,9832,39328,Credit Card,Online
9304,2026-08-07,C2774,Mouse,Accessories,South,8,1463,11704,Debit Card,Online
9305,2026-10-13,C2135,Keyboard,Accessories,Northeast,1,2936,2936,Debit Card,Online
9306,2026-11-08,C1781,Headphones,Accessories,West,2,4059,8118,UPI,Online
9307,2026-01-04,C2907,Tablet,Electronics,North,5,31772,158860,UPI,Online
9308,2026-09-06,C2557,Headphones,Accessories,West,3,4305,12915,Credit Card,Distributor
9309,2026-01-28,C1230,Mouse,Accessories,Central,9,1400,12600,Credit Card,Distributor
9310,2026-06-03,C1242,Tablet,Electronics,East,2,28274,56548,Debit Card,Distributor
9311,2026-07-20,C1635,Printer,Office,Central,9,11046,99414,Cash,Distributor
9312,2026-06-07,C2045,Printer,Office,North,3,11183,33549,Cash,Store
9313,2026-01-26,C2189,Monitor,Electronics,Northeast,3,20542,61626,Debit Card,Store
9314,2026-10-29,C1949,Desk,Furniture,Central,4,15030,60120,Net Banking,Online
9315,2026-03-14,C2706,Headphones,Accessories,South,1,3866,3866,Cash,Distributor
9316,2026-07-29,C1442,Office Chair,Furniture,Northeast,10,9759,97590,Debit Card,Store
9317,2026-05-01,C1274,Monitor,Electronics,North,4,18884,75536,UPI,Online
9318,2026-11-13,C1131,Laptop,Electronics,Northeast,10,57181,571810,UPI,Distributor
9319,2026-05-13,C2913,Printer,Office,West,1,10986,10986,Credit Card,Online
9320,2026-10-09,C2423,Monitor,Electronics,Northeast,9,21761,195849,Debit Card,Store
9321,2026-11-17,C1942,Mouse,Accessories,Northeast,8,1604,12832,Debit Card,Online
9322,2026-10-20,C1816,Laptop,Electronics,Central,4,55789,223156,Net Banking,Online
9323,2026-11-03,C2315,Headphones,Accessories,West,1,3723,3723,Credit Card,Distributor
9324,2026-09-14,C2963,Printer,Office,South,3,11753,35259,Cash,Distributor
9325,2026-08-01,C2980,Tablet,Electronics,West,9,32105,288945,Credit Card,Online
9326,2026-01-01,C2843,Tablet,Electronics,North,2,30606,61212,Debit Card,Online
9327,2026-04-23,C2928,Printer,Office,Central,7,13112,91784,Credit Card,Online
9328,2026-10-01,C2375,Printer,Office,East,3,11445,34335,Credit Card,Store
9329,2026-09-17,C2625,Mouse,Accessories,East,6,1477,8862,Net Banking,Store
9330,2026-07-03,C1687,Mobile,Electronics,Northeast,6,23926,143556,Cash,Store
9331,2026-06-12,C2855,Monitor,Electronics,North,10,18339,183390,Net Banking,Online
9332,2026-06-09,C1324,Headphones,Accessories,Northeast,4,3855,15420,UPI,Online
9333,2026-11-18,C2852,Office Chair,Furniture,West,5,10952,54760,Debit Card,Store
9334,2026-06-17,C1344,Laptop,Electronics,South,7,55478,388346,Credit Card,Store
9335,2026-03-23,C2646,Mobile,Electronics,West,4,22922,91688,Net Banking,Distributor
9336,2026-09-20,C1958,Office Chair,Furniture,East,2,9787,19574,Credit Card,Online
9337,2026-07-24,C2207,Laptop,Electronics,South,7,64280,449960,Cash,Online
9338,2026-01-04,C2375,Desk,Furniture,North,6,16441,98646,Net Banking,Store
9339,2026-05-03,C1179,Tablet,Electronics,Northeast,4,28100,112400,Net Banking,Online
9340,2026-05-19,C2029,Mobile,Electronics,South,4,23899,95596,Debit Card,Store
9341,2026-02-22,C2853,Mouse,Accessories,East,3,1418,4254,Net Banking,Online
9342,2026-05-08,C1519,Headphones,Accessories,North,3,3976,11928,Cash,Distributor
9343,2026-07-12,C1895,Mobile,Electronics,Northeast,1,24359,24359,Cash,Online
9344,2026-06-18,C1124,Laptop,Electronics,North,10,59423,594230,Debit Card,Store
9345,2026-05-15,C2426,Mouse,Accessories,Central,2,1573,3146,Cash,Online
9346,2026-03-23,C1181,Monitor,Electronics,East,1,20463,20463,Debit Card,Online
9347,2026-09-17,C1090,Printer,Office,Northeast,4,11184,44736,Credit Card,Online
9348,2026-11-26,C1315,Mobile,Electronics,East,3,24908,74724,Debit Card,Store
9349,2026-03-16,C1043,Office Chair,Furniture,South,7,9730,68110,Debit Card,Distributor
9350,2026-11-02,C1395,Office Chair,Furniture,East,5,10192,50960,Debit Card,Online
9351,2026-05-29,C2086,Monitor,Electronics,Central,2,18928,37856,Net Banking,Distributor
9352,2026-10-28,C1886,Headphones,Accessories,Central,5,4357,21785,Net Banking,Online
9353,2026-02-11,C1577,Monitor,Electronics,Northeast,1,20585,20585,Credit Card,Distributor
9354,2026-12-24,C2299,Monitor,Electronics,North,1,18078,18078,Credit Card,Online
9355,2026-01-29,C1207,Keyboard,Accessories,Central,9,2897,26073,Net Banking,Distributor
9356,2026-11-07,C2533,Mouse,Accessories,South,6,1632,9792,Net Banking,Distributor
9357,2026-10-21,C1934,Desk,Furniture,North,4,14089,56356,UPI,Distributor
9358,2026-01-28,C2392,Headphones,Accessories,East,10,3822,38220,UPI,Store
9359,2026-11-09,C1631,Keyboard,Accessories,Central,10,2791,27910,Debit Card,Store
9360,2026-07-22,C1558,Office Chair,Furniture,North,3,10573,31719,Cash,Online
9361,2026-12-26,C2881,Tablet,Electronics,North,8,31403,251224,Cash,Store
9362,2026-07-09,C1895,Monitor,Electronics,East,8,21527,172216,Credit Card,Online
9363,2026-05-19,C2386,Office Chair,Furniture,East,7,9089,63623,Cash,Online
9364,2026-08-04,C1285,Office Chair,Furniture,East,3,10919,32757,Cash,Distributor
9365,2026-06-18,C2264,Printer,Office,Northeast,9,13037,117333,Credit Card,Online
9366,2026-06-14,C2786,Laptop,Electronics,Northeast,6,59181,355086,UPI,Distributor
9367,2026-07-04,C1394,Laptop,Electronics,South,2,58566,117132,Net Banking,Store
9368,2026-10-01,C2789,Laptop,Electronics,West,8,59415,475320,Net Banking,Store
9369,2026-01-15,C2508,Mobile,Electronics,South,6,27223,163338,Credit Card,Distributor
9370,2026-06-01,C2214,Monitor,Electronics,Northeast,3,18405,55215,Net Banking,Store
9371,2026-09-27,C2394,Printer,Office,Northeast,8,11673,93384,UPI,Online
9372,2026-10-11,C1439,Printer,Office,East,4,11442,45768,Credit Card,Distributor
9373,2026-01-08,C1637,Desk,Furniture,South,3,13809,41427,Cash,Distributor
9374,2026-02-16,C2545,Office Chair,Furniture,North,5,9600,48000,UPI,Online
9375,2026-03-31,C1109,Keyboard,Accessories,West,4,3192,12768,Cash,Distributor
9376,2026-07-02,C2727,Tablet,Electronics,North,1,31045,31045,Net Banking,Store
9377,2026-02-06,C1749,Tablet,Electronics,Central,8,31689,253512,Credit Card,Store
9378,2026-07-27,C1344,Laptop,Electronics,Northeast,6,65748,394488,Credit Card,Distributor
9379,2026-06-23,C1212,Desk,Furniture,West,5,13557,67785,Cash,Store
9380,2026-09-12,C1335,Tablet,Electronics,West,2,30795,61590,Net Banking,Distributor
9381,2026-03-17,C2040,Office Chair,Furniture,South,8,9233,73864,Net Banking,Online
9382,2026-04-08,C2448,Keyboard,Accessories,East,2,2912,5824,Credit Card,Online
9383,2026-04-25,C2293,Headphones,Accessories,Central,5,4039,20195,Debit Card,Online
9384,2026-05-13,C2566,Keyboard,Accessories,West,1,3042,3042,UPI,Distributor
9385,2026-07-31,C1257,Laptop,Electronics,East,10,56044,560440,Debit Card,Distributor
9386,2026-01-18,C2015,Headphones,Accessories,North,5,4350,21750,Credit Card,Store
9387,2026-05-14,C1463,Printer,Office,Central,8,12338,98704,Net Banking,Online
9388,2026-04-07,C1347,Printer,Office,South,3,12334,37002,UPI,Online
9389,2026-11-12,C2246,Tablet,Electronics,Northeast,10,30435,304350,Net Banking,Online
9390,2026-12-21,C1822,Headphones,Accessories,East,8,4255,34040,UPI,Distributor
9391,2026-03-01,C1024,Mouse,Accessories,East,7,1595,11165,UPI,Store
9392,2026-02-25,C2078,Mobile,Electronics,Northeast,8,22780,182240,Net Banking,Online
9393,2026-08-21,C2554,Tablet,Electronics,West,9,32930,296370,UPI,Online
9394,2026-05-21,C2443,Laptop,Electronics,North,7,54571,381997,Cash,Online
9395,2026-09-02,C1617,Keyboard,Accessories,East,1,2877,2877,UPI,Store
9396,2026-03-25,C1831,Office Chair,Furniture,East,4,10141,40564,Cash,Store
9397,2026-09-28,C1039,Mobile,Electronics,Northeast,2,25358,50716,Cash,Online
9398,2026-04-11,C1608,Printer,Office,East,1,12045,12045,Net Banking,Store
9399,2026-11-23,C2451,Desk,Furniture,Central,10,15037,150370,Cash,Store
9400,2026-02-07,C1364,Mobile,Electronics,East,10,24296,242960,Cash,Online
9401,2026-11-07,C1488,Desk,Furniture,Northeast,4,15700,62800,Credit Card,Online
9402,2026-11-09,C2937,Keyboard,Accessories,North,9,2807,25263,Debit Card,Online
9403,2026-04-26,C1317,Office Chair,Furniture,West,1,9034,9034,Credit Card,Store
9404,2026-05-22,C2140,Office Chair,Furniture,West,4,9572,38288,Credit Card,Online
9405,2026-03-25,C2909,Keyboard,Accessories,North,10,2797,27970,Net Banking,Store
9406,2026-02-09,C2364,Tablet,Electronics,South,2,29916,59832,UPI,Store
9407,2026-04-12,C2986,Mouse,Accessories,South,7,1474,10318,Cash,Store
9408,2026-02-04,C1922,Mouse,Accessories,Northeast,9,1561,14049,Debit Card,Distributor
9409,2026-11-30,C1381,Keyboard,Accessories,Central,4,3063,12252,Net Banking,Store
9410,2026-08-15,C2430,Monitor,Electronics,Central,9,21132,190188,Cash,Online
9411,2026-05-15,C1296,Laptop,Electronics,West,9,63378,570402,Net Banking,Store
9412,2026-07-19,C1583,Mobile,Electronics,Northeast,2,26587,53174,Debit Card,Store
9413,2026-01-05,C2148,Printer,Office,North,8,10890,87120,Net Banking,Distributor
9414,2026-02-02,C2273,Printer,Office,North,9,11818,106362,Cash,Distributor
9415,2026-08-16,C1613,Laptop,Electronics,West,8,60922,487376,UPI,Online
9416,2026-01-04,C1776,Desk,Furniture,Northeast,3,16388,49164,Debit Card,Distributor
9417,2026-05-02,C1193,Desk,Furniture,South,2,14415,28830,UPI,Distributor
9418,2026-01-19,C2377,Laptop,Electronics,West,8,55102,440816,Credit Card,Online
9419,2026-11-02,C2221,Mobile,Electronics,Northeast,9,26639,239751,Credit Card,Online
9420,2026-12-04,C1113,Office Chair,Furniture,North,7,10410,72870,Net Banking,Distributor
9421,2026-05-12,C2663,Laptop,Electronics,North,1,57479,57479,Debit Card,Online
9422,2026-04-18,C1903,Office Chair,Furniture,West,6,9210,55260,Cash,Store
9423,2026-05-31,C2377,Mobile,Electronics,North,5,24657,123285,UPI,Distributor
9424,2026-08-03,C2051,Mobile,Electronics,West,3,24206,72618,Net Banking,Store
9425,2026-09-22,C1014,Headphones,Accessories,East,5,3985,19925,Debit Card,Online
9426,2026-07-10,C1012,Tablet,Electronics,Central,7,32849,229943,Credit Card,Online
9427,2026-05-08,C2458,Office Chair,Furniture,West,10,10855,108550,Cash,Store
9428,2026-10-30,C2871,Headphones,Accessories,West,7,4196,29372,Net Banking,Online
9429,2026-04-21,C1514,Laptop,Electronics,Central,4,62339,249356,Debit Card,Store
9430,2026-03-14,C1224,Laptop,Electronics,Central,10,64035,640350,Cash,Store
9431,2026-02-16,C1590,Mouse,Accessories,Central,4,1482,5928,Net Banking,Online
9432,2026-10-12,C1594,Printer,Office,North,3,10830,32490,UPI,Online
9433,2026-04-01,C1388,Office Chair,Furniture,East,4,10289,41156,UPI,Store
9434,2026-01-29,C2020,Keyboard,Accessories,North,8,3000,24000,UPI,Store
9435,2026-10-21,C2094,Headphones,Accessories,Central,10,3899,38990,Credit Card,Distributor
9436,2026-09-05,C2422,Monitor,Electronics,West,9,21818,196362,UPI,Distributor
9437,2026-06-18,C1459,Mobile,Electronics,North,1,26692,26692,Net Banking,Distributor
9438,2026-03-18,C1506,Monitor,Electronics,Northeast,4,18104,72416,UPI,Store
9439,2026-03-07,C1721,Tablet,Electronics,West,3,31220,93660,Cash,Online
9440,2026-01-20,C1781,Keyboard,Accessories,West,1,2770,2770,Credit Card,Distributor
9441,2026-03-04,C1587,Tablet,Electronics,East,3,27811,83433,Credit Card,Distributor
9442,2026-01-24,C2898,Tablet,Electronics,East,2,32871,65742,UPI,Distributor
9443,2026-12-26,C1639,Mouse,Accessories,South,4,1363,5452,UPI,Store
9444,2026-12-24,C2254,Mobile,Electronics,South,10,27144,271440,Debit Card,Distributor
9445,2026-08-21,C1756,Laptop,Electronics,South,8,58144,465152,Net Banking,Store
9446,2026-03-14,C2494,Tablet,Electronics,West,2,29586,59172,UPI,Online
9447,2026-03-13,C1986,Tablet,Electronics,Northeast,1,32349,32349,Net Banking,Online
9448,2026-01-23,C2844,Keyboard,Accessories,South,7,3121,21847,Cash,Distributor
9449,2026-04-29,C1074,Keyboard,Accessories,North,9,3249,29241,Debit Card,Store
9450,2026-02-18,C1827,Monitor,Electronics,North,3,21916,65748,Debit Card,Distributor
9451,2026-02-11,C1352,Laptop,Electronics,East,9,60120,541080,Cash,Online
9452,2026-01-23,C1297,Headphones,Accessories,North,5,3630,18150,Debit Card,Distributor
9453,2026-01-31,C1938,Printer,Office,Northeast,7,11531,80717,Net Banking,Online
9454,2026-03-01,C2669,Laptop,Electronics,North,9,65063,585567,Net Banking,Online
9455,2026-10-12,C1874,Printer,Office,West,10,12518,125180,Net Banking,Store
9456,2026-01-08,C1133,Office Chair,Furniture,North,10,10069,100690,UPI,Store
9457,2026-12-24,C1895,Headphones,Accessories,East,7,3617,25319,Credit Card,Distributor
9458,2026-10-10,C2034,Tablet,Electronics,North,3,30289,90867,Cash,Store
9459,2026-09-28,C1058,Keyboard,Accessories,Central,2,2728,5456,Net Banking,Online
9460,2026-03-26,C2467,Office Chair,Furniture,North,9,9591,86319,Debit Card,Online
9461,2026-04-06,C1543,Headphones,Accessories,West,4,3918,15672,Debit Card,Store
9462,2026-09-09,C1298,Mouse,Accessories,West,6,1648,9888,Cash,Store
9463,2026-05-06,C2749,Tablet,Electronics,North,2,32922,65844,UPI,Store
9464,2026-05-03,C2525,Laptop,Electronics,North,5,57468,287340,UPI,Distributor
9465,2026-06-21,C1843,Keyboard,Accessories,East,7,2780,19460,Debit Card,Distributor
9466,2026-05-24,C2934,Mouse,Accessories,West,8,1454,11632,Cash,Distributor
9467,2026-08-30,C1034,Mouse,Accessories,Northeast,5,1611,8055,UPI,Store
9468,2026-10-18,C1519,Mobile,Electronics,Northeast,4,25604,102416,Net Banking,Store
9469,2026-06-08,C2957,Headphones,Accessories,North,8,4045,32360,Net Banking,Distributor
9470,2026-08-31,C1436,Printer,Office,Central,1,11245,11245,Net Banking,Distributor
9471,2026-04-27,C2403,Monitor,Electronics,South,2,21122,42244,Debit Card,Online
9472,2026-12-13,C2441,Headphones,Accessories,Central,7,3923,27461,Cash,Distributor
9473,2026-12-08,C1302,Tablet,Electronics,East,8,31875,255000,Net Banking,Distributor
9474,2026-03-06,C2956,Laptop,Electronics,North,6,56078,336468,UPI,Distributor
9475,2026-06-02,C2842,Mobile,Electronics,West,2,25884,51768,UPI,Store
9476,2026-05-16,C1789,Mobile,Electronics,Northeast,8,25466,203728,Credit Card,Distributor
9477,2026-02-21,C2668,Mobile,Electronics,Central,7,24002,168014,Credit Card,Distributor
9478,2026-08-31,C1721,Desk,Furniture,West,9,14620,131580,Credit Card,Online
9479,2026-05-07,C1565,Mobile,Electronics,East,4,24644,98576,UPI,Store
9480,2026-07-24,C2307,Mouse,Accessories,Northeast,7,1355,9485,UPI,Distributor
9481,2026-08-25,C1709,Headphones,Accessories,Central,1,3990,3990,UPI,Online
9482,2026-05-01,C2690,Laptop,Electronics,Northeast,10,56565,565650,Credit Card,Online
9483,2026-12-23,C1485,Laptop,Electronics,Central,6,55485,332910,UPI,Online
9484,2026-08-27,C2500,Headphones,Accessories,Central,8,4026,32208,Credit Card,Distributor
9485,2026-12-03,C1539,Laptop,Electronics,East,1,57122,57122,Debit Card,Online
9486,2026-02-14,C2220,Mobile,Electronics,East,1,25227,25227,Credit Card,Online
9487,2026-10-18,C2586,Laptop,Electronics,North,9,60922,548298,Cash,Distributor
9488,2026-09-27,C2547,Mouse,Accessories,Central,10,1516,15160,Credit Card,Distributor
9489,2026-04-21,C2284,Desk,Furniture,South,10,14437,144370,Net Banking,Distributor
9490,2026-06-02,C2061,Printer,Office,East,5,13032,65160,Cash,Online
9491,2026-11-08,C2644,Monitor,Electronics,West,8,19721,157768,Debit Card,Distributor
9492,2026-06-26,C1965,Desk,Furniture,South,1,14313,14313,UPI,Distributor
9493,2026-04-07,C2976,Headphones,Accessories,Northeast,10,3611,36110,Cash,Store
9494,2026-08-19,C2889,Headphones,Accessories,East,8,3873,30984,Cash,Store
9495,2026-10-07,C2147,Laptop,Electronics,North,10,64221,642210,Debit Card,Store
9496,2026-03-10,C2341,Mobile,Electronics,Central,1,24912,24912,Debit Card,Distributor
9497,2026-04-09,C2680,Printer,Office,South,6,12814,76884,Net Banking,Distributor
9498,2026-08-10,C2341,Keyboard,Accessories,Northeast,3,2812,8436,Credit Card,Store
9499,2026-12-18,C2123,Laptop,Electronics,Northeast,5,59282,296410,Cash,Distributor
9500,2026-10-22,C1959,Desk,Furniture,East,2,15818,31636,Credit Card,Online
9501,2026-09-08,C1866,Laptop,Electronics,South,1,57353,57353,UPI,Distributor
9502,2026-08-05,C2794,Headphones,Accessories,Central,2,4042,8084,UPI,Store
9503,2026-10-12,C1245,Mouse,Accessories,North,4,1611,6444,Cash,Store
9504,2026-07-11,C2199,Tablet,Electronics,Northeast,1,28655,28655,Debit Card,Distributor
9505,2026-04-16,C2408,Mobile,Electronics,Northeast,2,23053,46106,Credit Card,Online
9506,2026-04-08,C2526,Printer,Office,Central,7,10969,76783,UPI,Store
9507,2026-01-18,C2582,Mobile,Electronics,Northeast,8,27226,217808,UPI,Store
9508,2026-01-02,C2677,Mobile,Electronics,Northeast,7,24372,170604,Net Banking,Store
9509,2026-10-27,C1459,Monitor,Electronics,West,10,19247,192470,Credit Card,Distributor
9510,2026-02-26,C2218,Headphones,Accessories,East,3,4021,12063,Credit Card,Store
9511,2026-09-16,C2398,Keyboard,Accessories,North,5,3274,16370,Cash,Distributor
9512,2026-04-23,C1108,Office Chair,Furniture,North,3,10199,30597,Cash,Store
9513,2026-09-17,C1880,Laptop,Electronics,Northeast,5,64165,320825,Debit Card,Store
9514,2026-08-26,C2263,Printer,Office,East,2,13085,26170,Cash,Store
9515,2026-05-17,C2307,Monitor,Electronics,North,5,20948,104740,Net Banking,Online
9516,2026-04-28,C1907,Mobile,Electronics,Central,6,22983,137898,Debit Card,Store
9517,2026-04-30,C1190,Mouse,Accessories,Northeast,3,1583,4749,Debit Card,Online
9518,2026-01-17,C2470,Office Chair,Furniture,Central,9,10688,96192,Debit Card,Distributor
9519,2026-02-27,C1011,Office Chair,Furniture,West,10,9925,99250,Net Banking,Online
9520,2026-01-23,C2948,Tablet,Electronics,East,6,28283,169698,UPI,Distributor
9521,2026-04-15,C1431,Headphones,Accessories,West,3,4360,13080,Cash,Distributor
9522,2026-08-20,C1770,Printer,Office,North,8,11828,94624,Net Banking,Distributor
9523,2026-03-20,C1119,Mobile,Electronics,Central,10,26542,265420,UPI,Online
9524,2026-01-03,C1671,Monitor,Electronics,South,3,18692,56076,Credit Card,Distributor
9525,2026-09-06,C1004,Mobile,Electronics,East,7,24485,171395,Net Banking,Distributor
9526,2026-05-23,C1325,Mobile,Electronics,West,9,27451,247059,Debit Card,Distributor
9527,2026-09-06,C1350,Keyboard,Accessories,South,3,2799,8397,Net Banking,Online
9528,2026-05-27,C2146,Headphones,Accessories,Central,9,4098,36882,UPI,Distributor
9529,2026-08-27,C1023,Tablet,Electronics,Central,4,27920,111680,Cash,Online
9530,2026-09-16,C1715,Mouse,Accessories,East,10,1397,13970,Debit Card,Store
9531,2026-01-27,C1597,Keyboard,Accessories,Northeast,10,2828,28280,Debit Card,Distributor
9532,2026-02-07,C2770,Mobile,Electronics,Northeast,2,23099,46198,Debit Card,Online
9533,2026-08-05,C1789,Headphones,Accessories,South,10,3725,37250,Net Banking,Store
9534,2026-11-05,C2924,Printer,Office,North,6,11907,71442,Net Banking,Distributor
9535,2026-10-16,C2998,Keyboard,Accessories,Northeast,10,2807,28070,Credit Card,Distributor
9536,2026-12-24,C2951,Mobile,Electronics,North,8,23462,187696,Credit Card,Online
9537,2026-07-29,C1405,Keyboard,Accessories,Northeast,2,2847,5694,UPI,Distributor
9538,2026-07-23,C2051,Monitor,Electronics,East,3,19885,59655,Credit Card,Online
9539,2026-05-27,C2688,Monitor,Electronics,Northeast,4,21611,86444,Net Banking,Distributor
9540,2026-07-14,C2074,Headphones,Accessories,East,10,4332,43320,Cash,Online
9541,2026-01-27,C2639,Desk,Furniture,West,4,13523,54092,UPI,Online
9542,2026-10-14,C2310,Monitor,Electronics,South,8,19286,154288,Debit Card,Store
9543,2026-07-27,C2635,Keyboard,Accessories,East,5,2843,14215,Credit Card,Online
9544,2026-02-27,C1127,Desk,Furniture,West,3,15498,46494,Credit Card,Distributor
9545,2026-08-13,C2924,Headphones,Accessories,North,10,3625,36250,Cash,Distributor
9546,2026-10-02,C1572,Laptop,Electronics,West,8,60429,483432,Net Banking,Store
9547,2026-03-13,C1246,Headphones,Accessories,Central,4,4013,16052,Debit Card,Store
9548,2026-11-13,C1570,Office Chair,Furniture,Central,9,10916,98244,Credit Card,Online
9549,2026-01-11,C1316,Keyboard,Accessories,Central,6,3159,18954,UPI,Distributor
9550,2026-05-01,C1682,Office Chair,Furniture,North,7,10862,76034,UPI,Store
9551,2026-05-17,C1347,Mobile,Electronics,South,3,27440,82320,Cash,Store
9552,2026-01-04,C1555,Printer,Office,North,1,12679,12679,Cash,Store
9553,2026-08-30,C1244,Office Chair,Furniture,Northeast,9,10874,97866,Net Banking,Online
9554,2026-10-14,C1735,Printer,Office,East,1,12810,12810,Cash,Online
9555,2026-08-20,C1166,Laptop,Electronics,North,6,64778,388668,Net Banking,Store
9556,2026-10-15,C2002,Desk,Furniture,North,1,14134,14134,Debit Card,Store
9557,2026-08-12,C1920,Mouse,Accessories,East,10,1445,14450,Debit Card,Distributor
9558,2026-07-25,C1425,Mouse,Accessories,West,2,1450,2900,Credit Card,Online
9559,2026-02-12,C2191,Desk,Furniture,North,1,14650,14650,Net Banking,Store
9560,2026-03-09,C1814,Monitor,Electronics,Northeast,1,20025,20025,Cash,Distributor
9561,2026-08-02,C2409,Laptop,Electronics,West,2,62286,124572,Net Banking,Distributor
9562,2026-03-17,C1256,Keyboard,Accessories,Northeast,1,2869,2869,Cash,Distributor
9563,2026-06-23,C2469,Mobile,Electronics,Central,7,24000,168000,Net Banking,Store
9564,2026-10-29,C1240,Laptop,Electronics,West,2,61375,122750,UPI,Distributor
9565,2026-08-02,C2581,Mobile,Electronics,East,4,25698,102792,Net Banking,Online
9566,2026-10-19,C1117,Laptop,Electronics,West,8,61812,494496,Cash,Store
9567,2026-10-15,C2549,Headphones,Accessories,East,9,4272,38448,Net Banking,Store
9568,2026-05-31,C2246,Headphones,Accessories,Northeast,4,4342,17368,Cash,Store
9569,2026-05-12,C1405,Laptop,Electronics,North,4,62364,249456,UPI,Distributor
9570,2026-07-10,C1692,Mouse,Accessories,Northeast,2,1562,3124,Net Banking,Distributor
9571,2026-07-23,C1436,Mouse,Accessories,North,1,1373,1373,Credit Card,Distributor
9572,2026-09-17,C1975,Mouse,Accessories,North,1,1520,1520,Cash,Distributor
9573,2026-05-30,C1601,Mobile,Electronics,South,7,24519,171633,UPI,Store
9574,2026-11-11,C2836,Monitor,Electronics,North,4,21849,87396,Net Banking,Distributor
9575,2026-05-29,C1233,Mobile,Electronics,Central,8,24113,192904,Net Banking,Online
9576,2026-05-26,C1607,Monitor,Electronics,Northeast,9,21839,196551,Debit Card,Distributor
9577,2026-06-18,C1800,Mouse,Accessories,South,8,1566,12528,Net Banking,Online
9578,2026-11-24,C1526,Desk,Furniture,North,9,15368,138312,Net Banking,Online
9579,2026-04-21,C1563,Printer,Office,South,5,11995,59975,Cash,Online
9580,2026-05-09,C2871,Monitor,Electronics,East,7,19194,134358,Net Banking,Online
9581,2026-10-27,C1506,Laptop,Electronics,Central,1,55889,55889,Net Banking,Store
9582,2026-10-09,C2712,Laptop,Electronics,South,2,54777,109554,Debit Card,Store
9583,2026-01-22,C2512,Mouse,Accessories,West,3,1381,4143,Cash,Store
9584,2026-02-26,C2355,Headphones,Accessories,West,9,3871,34839,Net Banking,Online
9585,2026-06-17,C1104,Tablet,Electronics,South,2,27662,55324,Net Banking,Online
9586,2026-09-18,C1063,Headphones,Accessories,West,8,3741,29928,Debit Card,Online
9587,2026-07-17,C1657,Desk,Furniture,Northeast,1,15522,15522,Debit Card,Online
9588,2026-11-13,C1475,Office Chair,Furniture,West,4,9171,36684,UPI,Store
9589,2026-06-23,C1646,Mobile,Electronics,North,3,22903,68709,Debit Card,Distributor
9590,2026-08-28,C2432,Desk,Furniture,East,4,15096,60384,Cash,Store
9591,2026-02-09,C1329,Printer,Office,East,5,11924,59620,Credit Card,Online
9592,2026-11-05,C1987,Keyboard,Accessories,East,7,2913,20391,Debit Card,Store
9593,2026-12-01,C2069,Printer,Office,Northeast,9,11388,102492,Credit Card,Distributor
9594,2026-10-07,C1014,Monitor,Electronics,South,6,19422,116532,Debit Card,Distributor
9595,2026-08-16,C2542,Desk,Furniture,South,8,15426,123408,Net Banking,Store
9596,2026-04-25,C2980,Laptop,Electronics,Northeast,2,54553,109106,UPI,Distributor
9597,2026-05-15,C2074,Keyboard,Accessories,North,6,3100,18600,Debit Card,Store
9598,2026-10-17,C2064,Headphones,Accessories,East,3,4181,12543,Debit Card,Online
9599,2026-12-07,C2501,Printer,Office,West,4,11861,47444,Credit Card,Distributor
9600,2026-06-05,C2255,Mouse,Accessories,Northeast,9,1393,12537,Net Banking,Store
9601,2026-11-08,C2213,Tablet,Electronics,East,10,30858,308580,Net Banking,Store
9602,2026-02-24,C1326,Desk,Furniture,Northeast,4,15013,60052,Cash,Distributor
9603,2026-04-12,C2249,Headphones,Accessories,South,5,3635,18175,UPI,Online
9604,2026-12-27,C2057,Keyboard,Accessories,West,6,3159,18954,Debit Card,Store
9605,2026-07-19,C2822,Mobile,Electronics,East,9,25740,231660,Credit Card,Online
9606,2026-07-17,C1689,Mouse,Accessories,South,10,1499,14990,Cash,Store
9607,2026-07-29,C1723,Monitor,Electronics,East,6,19459,116754,Cash,Store
9608,2026-07-06,C1082,Printer,Office,South,3,11542,34626,Credit Card,Online
9609,2026-03-31,C2363,Tablet,Electronics,West,7,28525,199675,UPI,Online
9610,2026-03-24,C2591,Desk,Furniture,South,6,15018,90108,UPI,Distributor
9611,2026-12-20,C2158,Desk,Furniture,East,8,15823,126584,UPI,Distributor
9612,2026-08-10,C1888,Headphones,Accessories,Central,7,4330,30310,UPI,Store
9613,2026-04-29,C1592,Keyboard,Accessories,South,3,3294,9882,UPI,Store
9614,2026-04-06,C1606,Mobile,Electronics,West,10,24132,241320,Credit Card,Online
9615,2026-12-13,C2151,Mouse,Accessories,Central,2,1446,2892,Debit Card,Distributor
9616,2026-03-20,C1847,Mouse,Accessories,East,1,1630,1630,Credit Card,Distributor
9617,2026-12-18,C1379,Laptop,Electronics,East,1,58060,58060,Debit Card,Store
9618,2026-05-19,C2525,Mobile,Electronics,West,1,26285,26285,Net Banking,Distributor
9619,2026-08-08,C2348,Printer,Office,East,1,12265,12265,Net Banking,Store
9620,2026-11-04,C2667,Printer,Office,East,6,11206,67236,Credit Card,Store
9621,2026-04-14,C2013,Office Chair,Furniture,Northeast,9,10237,92133,Debit Card,Distributor
9622,2026-12-15,C2988,Tablet,Electronics,South,5,30566,152830,Credit Card,Distributor
9623,2026-02-26,C2417,Keyboard,Accessories,South,6,2896,17376,Credit Card,Online
9624,2026-04-07,C1512,Desk,Furniture,Central,10,15236,152360,UPI,Online
9625,2026-09-04,C1626,Headphones,Accessories,Northeast,8,3823,30584,UPI,Online
9626,2026-12-26,C2140,Desk,Furniture,East,5,13922,69610,UPI,Online
9627,2026-06-15,C2910,Desk,Furniture,East,2,14546,29092,Cash,Store
9628,2026-11-25,C1379,Laptop,Electronics,North,10,60254,602540,Credit Card,Store
9629,2026-05-03,C1720,Office Chair,Furniture,North,7,9637,67459,Credit Card,Distributor
9630,2026-06-14,C2894,Office Chair,Furniture,South,1,9512,9512,UPI,Store
9631,2026-01-01,C2174,Tablet,Electronics,Northeast,2,31376,62752,UPI,Store
9632,2026-12-22,C1299,Desk,Furniture,Northeast,10,15736,157360,Net Banking,Online
9633,2026-02-26,C1926,Desk,Furniture,South,8,15642,125136,UPI,Distributor
9634,2026-03-13,C1487,Tablet,Electronics,East,3,28720,86160,Net Banking,Store
9635,2026-04-14,C2144,Headphones,Accessories,South,8,4371,34968,Net Banking,Online
9636,2026-05-13,C1024,Mouse,Accessories,West,1,1393,1393,Net Banking,Distributor
9637,2026-10-22,C2544,Monitor,Electronics,North,1,18329,18329,Debit Card,Online
9638,2026-06-07,C2277,Monitor,Electronics,West,8,18111,144888,UPI,Online
9639,2026-05-19,C1138,Headphones,Accessories,East,9,3823,34407,UPI,Store
9640,2026-01-14,C2896,Laptop,Electronics,South,9,64404,579636,UPI,Online
9641,2026-11-16,C2818,Keyboard,Accessories,Northeast,3,3182,9546,Net Banking,Store
9642,2026-01-12,C1923,Tablet,Electronics,Northeast,7,32103,224721,UPI,Online
9643,2026-11-16,C1144,Desk,Furniture,Northeast,9,14230,128070,Cash,Store
9644,2026-08-11,C1152,Office Chair,Furniture,East,7,10563,73941,Net Banking,Distributor
9645,2026-08-09,C2398,Monitor,Electronics,East,3,21053,63159,UPI,Distributor
9646,2026-04-05,C2442,Desk,Furniture,Northeast,2,14808,29616,Net Banking,Distributor
9647,2026-02-04,C1761,Desk,Furniture,East,9,14618,131562,Credit Card,Distributor
9648,2026-11-15,C2230,Monitor,Electronics,South,1,20064,20064,Net Banking,Distributor
9649,2026-01-19,C1186,Mobile,Electronics,North,9,22795,205155,Debit Card,Distributor
9650,2026-06-05,C2703,Printer,Office,West,2,11165,22330,Credit Card,Distributor
9651,2026-10-08,C2180,Desk,Furniture,East,2,15364,30728,Cash,Distributor
9652,2026-02-17,C1055,Mouse,Accessories,West,3,1484,4452,Cash,Store
9653,2026-10-12,C2408,Laptop,Electronics,West,7,61685,431795,Cash,Distributor
9654,2026-12-01,C1910,Mobile,Electronics,Northeast,6,25177,151062,UPI,Distributor
9655,2026-08-07,C2903,Monitor,Electronics,Central,4,18668,74672,Cash,Store
9656,2026-12-02,C2764,Keyboard,Accessories,Northeast,8,3070,24560,Cash,Distributor
9657,2026-03-04,C1350,Monitor,Electronics,South,10,19879,198790,Debit Card,Distributor
9658,2026-08-16,C1749,Laptop,Electronics,Northeast,3,54686,164058,Cash,Distributor
9659,2026-07-21,C1472,Laptop,Electronics,Northeast,2,58964,117928,Credit Card,Store
9660,2026-02-15,C2589,Laptop,Electronics,South,1,61583,61583,Credit Card,Store
9661,2026-07-06,C2455,Desk,Furniture,North,8,13556,108448,Net Banking,Distributor
9662,2026-03-25,C1866,Monitor,Electronics,Northeast,4,19235,76940,Credit Card,Store
9663,2026-10-28,C2654,Mobile,Electronics,West,3,24876,74628,UPI,Store
9664,2026-08-15,C1567,Mobile,Electronics,Northeast,9,25261,227349,Net Banking,Online
9665,2026-05-02,C2204,Mobile,Electronics,South,10,22653,226530,Net Banking,Store
9666,2026-12-17,C2062,Tablet,Electronics,Northeast,5,29468,147340,Cash,Online
9667,2026-08-04,C2116,Office Chair,Furniture,Central,4,10745,42980,Cash,Distributor
9668,2026-03-08,C1259,Laptop,Electronics,North,5,61707,308535,Debit Card,Online
9669,2026-01-20,C2535,Tablet,Electronics,North,6,28846,173076,Credit Card,Distributor
9670,2026-02-17,C2418,Laptop,Electronics,East,4,61378,245512,Cash,Store
9671,2026-08-29,C1771,Laptop,Electronics,Central,2,54295,108590,Credit Card,Store
9672,2026-08-12,C1405,Monitor,Electronics,Central,3,21433,64299,UPI,Store
9673,2026-01-08,C2606,Headphones,Accessories,Central,10,4344,43440,Debit Card,Online
9674,2026-06-27,C2370,Office Chair,Furniture,Northeast,6,10339,62034,UPI,Online
9675,2026-09-22,C1748,Desk,Furniture,East,1,13606,13606,Credit Card,Distributor
9676,2026-06-09,C2366,Mobile,Electronics,West,6,25649,153894,Debit Card,Store
9677,2026-08-30,C2901,Mouse,Accessories,West,2,1430,2860,Debit Card,Store
9678,2026-12-15,C1824,Printer,Office,West,4,12063,48252,Credit Card,Online
9679,2026-12-06,C2584,Monitor,Electronics,Central,9,18498,166482,Net Banking,Distributor
9680,2026-04-27,C1023,Printer,Office,North,4,11289,45156,Debit Card,Store
9681,2026-12-15,C2405,Desk,Furniture,East,6,13845,83070,Debit Card,Distributor
9682,2026-11-21,C1197,Printer,Office,Central,1,11531,11531,UPI,Distributor
9683,2026-06-03,C2413,Laptop,Electronics,Central,10,56806,568060,Debit Card,Distributor
9684,2026-02-14,C1043,Office Chair,Furniture,Northeast,1,9524,9524,Credit Card,Distributor
9685,2026-11-21,C2038,Laptop,Electronics,West,5,55118,275590,Credit Card,Store
9686,2026-11-01,C1403,Mouse,Accessories,West,1,1354,1354,Credit Card,Store
9687,2026-04-04,C1213,Mouse,Accessories,Northeast,5,1571,7855,Debit Card,Online
9688,2026-06-26,C2687,Keyboard,Accessories,Northeast,8,2756,22048,Net Banking,Store
9689,2026-08-22,C1498,Desk,Furniture,West,7,16280,113960,UPI,Distributor
9690,2026-12-25,C2261,Mobile,Electronics,West,6,27468,164808,Cash,Distributor
9691,2026-10-25,C1600,Laptop,Electronics,South,5,59777,298885,UPI,Online
9692,2026-02-27,C2974,Laptop,Electronics,Central,8,56834,454672,Debit Card,Online
9693,2026-11-21,C1825,Tablet,Electronics,East,7,28453,199171,Cash,Online
9694,2026-08-05,C1466,Tablet,Electronics,Central,1,31631,31631,Debit Card,Online
9695,2026-07-18,C2631,Desk,Furniture,North,8,15165,121320,UPI,Online
9696,2026-10-17,C2756,Office Chair,Furniture,Central,9,9829,88461,Debit Card,Store
9697,2026-01-26,C1909,Keyboard,Accessories,West,8,2823,22584,UPI,Online
9698,2026-04-01,C2752,Laptop,Electronics,South,9,55142,496278,Net Banking,Distributor
9699,2026-02-20,C1008,Printer,Office,Central,10,11498,114980,Credit Card,Store
9700,2026-12-04,C1813,Monitor,Electronics,Central,3,19038,57114,Net Banking,Store
9701,2026-04-19,C2133,Mobile,Electronics,North,7,25217,176519,Debit Card,Store
9702,2026-06-24,C2264,Headphones,Accessories,Northeast,7,4268,29876,Credit Card,Online
9703,2026-03-11,C2438,Monitor,Electronics,West,2,18535,37070,Cash,Online
9704,2026-12-29,C1248,Headphones,Accessories,North,10,3975,39750,Cash,Online
9705,2026-04-19,C1912,Headphones,Accessories,South,1,3762,3762,Net Banking,Store
9706,2026-11-08,C2590,Tablet,Electronics,North,9,30783,277047,Cash,Distributor
9707,2026-07-23,C1162,Laptop,Electronics,West,4,58462,233848,Credit Card,Online
9708,2026-07-03,C2967,Laptop,Electronics,South,3,57966,173898,UPI,Distributor
9709,2026-04-18,C1116,Desk,Furniture,East,8,15709,125672,UPI,Online
9710,2026-07-28,C2128,Mouse,Accessories,North,4,1382,5528,UPI,Store
9711,2026-08-07,C1065,Mobile,Electronics,South,9,22673,204057,Net Banking,Store
9712,2026-09-11,C1887,Monitor,Electronics,Central,10,19877,198770,Debit Card,Distributor
9713,2026-03-20,C2515,Desk,Furniture,Central,3,15290,45870,Debit Card,Online
9714,2026-05-10,C2510,Monitor,Electronics,Central,7,20428,142996,Credit Card,Store
9715,2026-05-16,C1785,Monitor,Electronics,South,10,20397,203970,UPI,Online
9716,2026-03-18,C2261,Mouse,Accessories,North,1,1628,1628,Credit Card,Distributor
9717,2026-03-24,C1741,Headphones,Accessories,West,6,3968,23808,Cash,Store
9718,2026-12-06,C1838,Printer,Office,South,3,11526,34578,Cash,Store
9719,2026-09-26,C1298,Office Chair,Furniture,South,4,9087,36348,Net Banking,Store
9720,2026-03-16,C2850,Printer,Office,North,5,11986,59930,Credit Card,Distributor
9721,2026-02-07,C2811,Keyboard,Accessories,Northeast,3,2809,8427,Net Banking,Store
9722,2026-08-23,C2335,Mobile,Electronics,East,1,23080,23080,Cash,Online
9723,2026-10-25,C2137,Keyboard,Accessories,East,6,3185,19110,Net Banking,Online
9724,2026-08-19,C2122,Keyboard,Accessories,Northeast,3,2982,8946,Net Banking,Store
9725,2026-09-18,C1008,Office Chair,Furniture,North,5,9801,49005,Net Banking,Distributor
9726,2026-03-06,C1520,Tablet,Electronics,East,3,29267,87801,Net Banking,Online
9727,2026-08-20,C1424,Headphones,Accessories,North,2,4071,8142,UPI,Online
9728,2026-05-15,C2237,Tablet,Electronics,Northeast,2,29764,59528,Credit Card,Store
9729,2026-11-18,C1758,Keyboard,Accessories,Central,5,2945,14725,UPI,Store
9730,2026-12-21,C1113,Printer,Office,Central,1,11338,11338,Net Banking,Distributor
9731,2026-06-06,C2313,Monitor,Electronics,West,1,20889,20889,Credit Card,Store
9732,2026-09-20,C1187,Office Chair,Furniture,West,7,10094,70658,Cash,Online
9733,2026-06-04,C1476,Mouse,Accessories,North,5,1353,6765,Net Banking,Distributor
9734,2026-11-01,C1101,Mobile,Electronics,East,1,25856,25856,Cash,Distributor
9735,2026-01-23,C2322,Monitor,Electronics,Central,9,21031,189279,Debit Card,Distributor
9736,2026-06-25,C2245,Laptop,Electronics,West,7,57351,401457,Credit Card,Distributor
9737,2026-08-04,C2032,Printer,Office,Central,6,10905,65430,UPI,Distributor
9738,2026-06-05,C2498,Desk,Furniture,West,5,15425,77125,Debit Card,Distributor
9739,2026-01-29,C1954,Tablet,Electronics,East,4,32193,128772,UPI,Online
9740,2026-04-16,C2276,Monitor,Electronics,Central,6,20287,121722,Cash,Online
9741,2026-12-19,C1831,Mouse,Accessories,Northeast,8,1447,11576,UPI,Store
9742,2026-02-17,C2501,Mouse,Accessories,Central,5,1592,7960,Cash,Store
9743,2026-04-13,C2103,Headphones,Accessories,East,8,4165,33320,UPI,Store
9744,2026-11-29,C1124,Desk,Furniture,North,2,14078,28156,Credit Card,Online
9745,2026-06-28,C1982,Mobile,Electronics,East,3,24921,74763,UPI,Distributor
9746,2026-09-13,C1291,Headphones,Accessories,Northeast,4,4058,16232,Net Banking,Distributor
9747,2026-04-07,C2654,Desk,Furniture,East,3,14789,44367,UPI,Store
9748,2026-01-23,C1945,Mouse,Accessories,East,10,1468,14680,Credit Card,Store
9749,2026-07-15,C2924,Laptop,Electronics,Central,1,56029,56029,Debit Card,Store
9750,2026-04-10,C1815,Tablet,Electronics,East,9,28435,255915,Credit Card,Store
9751,2026-07-03,C1756,Office Chair,Furniture,North,2,10942,21884,Credit Card,Store
9752,2026-10-01,C2032,Monitor,Electronics,South,4,21723,86892,Credit Card,Distributor
9753,2026-01-22,C2046,Laptop,Electronics,South,5,63923,319615,UPI,Online
9754,2026-10-22,C2792,Mobile,Electronics,Central,5,25703,128515,Credit Card,Online
9755,2026-03-27,C2878,Mobile,Electronics,West,9,23354,210186,Net Banking,Online
9756,2026-12-09,C2634,Monitor,Electronics,North,1,19854,19854,Cash,Online
9757,2026-02-27,C1833,Desk,Furniture,West,8,14357,114856,Cash,Distributor
9758,2026-12-19,C2712,Mobile,Electronics,Northeast,10,23883,238830,Credit Card,Store
9759,2026-04-24,C1498,Mobile,Electronics,South,8,22947,183576,UPI,Store
9760,2026-05-25,C1052,Mouse,Accessories,Central,7,1373,9611,Debit Card,Online
9761,2026-08-02,C1711,Printer,Office,East,4,11609,46436,Cash,Online
9762,2026-05-27,C1677,Headphones,Accessories,North,3,4397,13191,Net Banking,Distributor
9763,2026-03-03,C2897,Monitor,Electronics,West,4,21742,86968,UPI,Online
9764,2026-05-14,C2507,Office Chair,Furniture,East,2,10320,20640,Cash,Distributor
9765,2026-08-07,C2866,Printer,Office,North,8,12538,100304,Cash,Distributor
9766,2026-12-24,C2144,Mobile,Electronics,West,5,25390,126950,UPI,Online
9767,2026-11-04,C2144,Laptop,Electronics,South,9,57495,517455,Debit Card,Online
9768,2026-09-04,C1216,Headphones,Accessories,West,8,3690,29520,UPI,Online
9769,2026-06-24,C2144,Headphones,Accessories,East,5,3602,18010,Debit Card,Online
9770,2026-02-12,C1453,Headphones,Accessories,Northeast,1,4228,4228,Net Banking,Online
9771,2026-05-18,C2771,Tablet,Electronics,East,1,27511,27511,Debit Card,Distributor
9772,2026-09-06,C1814,Printer,Office,South,8,13096,104768,Debit Card,Store
9773,2026-08-10,C1816,Headphones,Accessories,South,3,3652,10956,Debit Card,Store
9774,2026-06-02,C2156,Headphones,Accessories,North,5,3646,18230,Net Banking,Online
9775,2026-04-02,C2093,Headphones,Accessories,North,10,3807,38070,Net Banking,Store
9776,2026-02-12,C1220,Mobile,Electronics,North,6,23154,138924,Credit Card,Online
9777,2026-03-19,C1983,Printer,Office,East,9,11112,100008,Debit Card,Store
9778,2026-12-24,C2708,Laptop,Electronics,Northeast,8,63824,510592,Cash,Store
9779,2026-12-02,C2627,Keyboard,Accessories,Central,6,2934,17604,UPI,Distributor
9780,2026-06-19,C1160,Tablet,Electronics,West,10,28696,286960,Credit Card,Store
9781,2026-01-17,C2971,Headphones,Accessories,Central,10,4083,40830,Cash,Store
9782,2026-01-28,C1832,Printer,Office,Northeast,1,11954,11954,Debit Card,Online
9783,2026-04-03,C1920,Mouse,Accessories,North,5,1537,7685,Cash,Distributor
9784,2026-05-01,C1577,Desk,Furniture,East,4,14975,59900,UPI,Online
9785,2026-03-30,C1059,Laptop,Electronics,Central,2,65381,130762,UPI,Online
9786,2026-04-16,C2907,Mouse,Accessories,South,6,1387,8322,Debit Card,Distributor
9787,2026-06-21,C1257,Office Chair,Furniture,North,1,10671,10671,Net Banking,Distributor
9788,2026-06-02,C1647,Keyboard,Accessories,North,4,3269,13076,Credit Card,Store
9789,2026-03-30,C1773,Monitor,Electronics,North,2,21230,42460,Cash,Distributor
9790,2026-04-22,C2346,Monitor,Electronics,West,10,18186,181860,Net Banking,Online
9791,2026-07-11,C1239,Tablet,Electronics,Central,10,27754,277540,Net Banking,Distributor
9792,2026-04-25,C1895,Keyboard,Accessories,South,1,3098,3098,Net Banking,Online
9793,2026-10-24,C1717,Headphones,Accessories,Central,5,4233,21165,Cash,Store
9794,2026-12-13,C1762,Office Chair,Furniture,South,9,10453,94077,Cash,Online
9795,2026-03-26,C1039,Mouse,Accessories,Northeast,10,1520,15200,Debit Card,Online
9796,2026-06-04,C2087,Headphones,Accessories,West,4,4046,16184,Net Banking,Store
9797,2026-06-21,C1726,Mouse,Accessories,Central,4,1594,6376,Net Banking,Online
9798,2026-03-11,C1100,Mobile,Electronics,Central,7,22989,160923,Debit Card,Online
9799,2026-07-02,C2054,Monitor,Electronics,Central,3,21471,64413,Cash,Online
9800,2026-12-30,C2542,Headphones,Accessories,Central,6,3949,23694,Credit Card,Online
9801,2026-01-23,C2216,Laptop,Electronics,South,8,56322,450576,UPI,Online
9802,2026-04-14,C2292,Mobile,Electronics,West,5,25242,126210,Credit Card,Store
9803,2026-04-30,C2018,Laptop,Electronics,South,10,57135,571350,Cash,Online
9804,2026-05-11,C2696,Office Chair,Furniture,South,1,10303,10303,UPI,Online
9805,2026-02-17,C1303,Mouse,Accessories,East,3,1480,4440,UPI,Store
9806,2026-05-03,C2491,Tablet,Electronics,West,9,29425,264825,Cash,Distributor
9807,2026-06-22,C1009,Mobile,Electronics,East,1,26835,26835,UPI,Store
9808,2026-01-01,C1622,Keyboard,Accessories,Northeast,4,3153,12612,Credit Card,Store
9809,2026-09-11,C1969,Office Chair,Furniture,West,5,9377,46885,UPI,Distributor
9810,2026-04-11,C2989,Keyboard,Accessories,West,4,2868,11472,Cash,Online
9811,2026-05-26,C1987,Laptop,Electronics,North,10,64909,649090,Credit Card,Distributor
9812,2026-01-20,C2562,Mobile,Electronics,Northeast,2,24090,48180,UPI,Distributor
9813,2026-11-28,C1696,Laptop,Electronics,Northeast,10,57773,577730,Cash,Online
9814,2026-08-11,C1388,Mobile,Electronics,West,3,24640,73920,Net Banking,Distributor
9815,2026-07-06,C2521,Mouse,Accessories,Northeast,5,1527,7635,Debit Card,Distributor
9816,2026-04-05,C1287,Desk,Furniture,Central,1,14843,14843,Debit Card,Distributor
9817,2026-06-04,C1568,Laptop,Electronics,Northeast,10,60426,604260,Cash,Store
9818,2026-01-07,C2585,Monitor,Electronics,West,3,20666,61998,UPI,Store
9819,2026-01-20,C2560,Keyboard,Accessories,Northeast,10,2874,28740,UPI,Store
9820,2026-05-26,C2977,Mouse,Accessories,Central,3,1572,4716,UPI,Online
9821,2026-02-07,C2111,Printer,Office,Central,5,11142,55710,Cash,Store
9822,2026-01-27,C2876,Mobile,Electronics,Central,7,26548,185836,Cash,Online
9823,2026-06-14,C2409,Printer,Office,Central,7,13018,91126,Credit Card,Online
9824,2026-12-03,C2680,Mouse,Accessories,North,8,1366,10928,UPI,Store
9825,2026-06-30,C2314,Mouse,Accessories,Northeast,9,1559,14031,Credit Card,Store
9826,2026-06-15,C1514,Mouse,Accessories,South,5,1488,7440,Credit Card,Store
9827,2026-01-02,C1362,Office Chair,Furniture,West,6,9088,54528,Debit Card,Store
9828,2026-03-27,C1437,Printer,Office,South,5,12095,60475,Credit Card,Online
9829,2026-08-13,C2423,Desk,Furniture,Northeast,10,14267,142670,Debit Card,Online
9830,2026-04-06,C2775,Mobile,Electronics,East,2,24507,49014,Net Banking,Online
9831,2026-07-14,C1238,Monitor,Electronics,West,8,21866,174928,Net Banking,Online
9832,2026-07-14,C1864,Office Chair,Furniture,North,5,10848,54240,Cash,Online
9833,2026-09-15,C2273,Desk,Furniture,Northeast,3,14314,42942,Net Banking,Store
9834,2026-11-05,C1442,Monitor,Electronics,North,1,21026,21026,Cash,Store
9835,2026-01-01,C1274,Tablet,Electronics,East,4,30124,120496,Credit Card,Store
9836,2026-08-22,C1127,Printer,Office,Central,4,10976,43904,UPI,Store
9837,2026-05-07,C1151,Monitor,Electronics,North,9,21611,194499,Cash,Distributor
9838,2026-09-21,C2750,Monitor,Electronics,Central,2,19319,38638,Net Banking,Online
9839,2026-10-23,C2345,Desk,Furniture,South,2,14806,29612,Debit Card,Online
9840,2026-10-17,C2816,Mouse,Accessories,East,2,1639,3278,Cash,Store
9841,2026-05-14,C1841,Monitor,Electronics,South,9,21611,194499,Debit Card,Online
9842,2026-02-21,C2970,Headphones,Accessories,Northeast,8,3805,30440,Cash,Store
9843,2026-11-02,C2303,Laptop,Electronics,Central,3,62491,187473,Cash,Online
9844,2026-11-17,C2195,Headphones,Accessories,Central,7,3661,25627,UPI,Store
9845,2026-02-16,C1129,Office Chair,Furniture,Central,1,9838,9838,Cash,Online
9846,2026-02-02,C1296,Tablet,Electronics,West,2,32945,65890,Credit Card,Online
9847,2026-07-03,C1843,Desk,Furniture,South,1,15166,15166,Debit Card,Store
9848,2026-03-30,C1623,Headphones,Accessories,Northeast,10,4137,41370,UPI,Store
9849,2026-04-08,C1962,Headphones,Accessories,Northeast,5,3637,18185,UPI,Distributor
9850,2026-11-29,C2906,Keyboard,Accessories,Central,1,3110,3110,UPI,Distributor
9851,2026-10-09,C1842,Office Chair,Furniture,East,5,10158,50790,Net Banking,Store
9852,2026-08-17,C2063,Mouse,Accessories,East,3,1447,4341,Net Banking,Online
9853,2026-07-13,C1607,Printer,Office,West,7,12005,84035,Credit Card,Store
9854,2026-09-03,C2489,Monitor,Electronics,Central,9,18084,162756,Cash,Distributor
9855,2026-11-06,C1465,Laptop,Electronics,North,5,56389,281945,Credit Card,Online
9856,2026-04-18,C1633,Monitor,Electronics,Central,7,20078,140546,UPI,Store
9857,2026-04-04,C1121,Desk,Furniture,West,10,16249,162490,Cash,Online
9858,2026-02-05,C2045,Desk,Furniture,West,5,16360,81800,UPI,Distributor
9859,2026-10-12,C2615,Keyboard,Accessories,North,2,2962,5924,Debit Card,Online
9860,2026-02-13,C1825,Mouse,Accessories,Northeast,2,1418,2836,UPI,Online
9861,2026-04-24,C2255,Desk,Furniture,West,2,14594,29188,UPI,Distributor
9862,2026-03-02,C2218,Printer,Office,West,10,13188,131880,Debit Card,Store
9863,2026-09-24,C1807,Laptop,Electronics,West,5,60289,301445,Debit Card,Store
9864,2026-02-26,C2763,Desk,Furniture,East,4,15044,60176,UPI,Online
9865,2026-08-25,C2321,Desk,Furniture,South,7,14969,104783,Cash,Online
9866,2026-01-01,C2974,Keyboard,Accessories,East,8,2896,23168,Credit Card,Online
9867,2026-09-14,C2637,Keyboard,Accessories,North,9,3138,28242,UPI,Online
9868,2026-04-19,C2930,Tablet,Electronics,West,4,28554,114216,Net Banking,Online
9869,2026-03-06,C1488,Laptop,Electronics,West,10,65001,650010,Net Banking,Store
9870,2026-07-18,C2141,Monitor,Electronics,East,9,19464,175176,Net Banking,Online
9871,2026-03-04,C1899,Office Chair,Furniture,East,3,10318,30954,Net Banking,Distributor
9872,2026-03-20,C1612,Printer,Office,North,5,11004,55020,Debit Card,Online
9873,2026-04-11,C1258,Mobile,Electronics,East,3,22862,68586,Debit Card,Distributor
9874,2026-09-10,C2214,Monitor,Electronics,Northeast,10,21310,213100,Cash,Online
9875,2026-06-23,C2475,Laptop,Electronics,Central,3,63181,189543,Debit Card,Distributor
9876,2026-06-24,C1871,Desk,Furniture,East,8,16164,129312,Cash,Store
9877,2026-12-25,C1853,Mouse,Accessories,North,6,1397,8382,Cash,Online
9878,2026-12-22,C2604,Printer,Office,West,4,11427,45708,UPI,Distributor
9879,2026-11-26,C2769,Keyboard,Accessories,South,2,2876,5752,Debit Card,Distributor
9880,2026-05-16,C1856,Laptop,Electronics,East,9,65615,590535,UPI,Distributor
9881,2026-10-13,C2946,Desk,Furniture,West,9,14796,133164,Net Banking,Online
9882,2026-06-06,C2618,Mobile,Electronics,South,5,24212,121060,Debit Card,Store
9883,2026-11-22,C2702,Laptop,Electronics,East,5,57082,285410,Debit Card,Online
9884,2026-12-11,C2725,Laptop,Electronics,North,5,64346,321730,Credit Card,Store
9885,2026-12-21,C2080,Monitor,Electronics,Northeast,2,20783,41566,Debit Card,Online
9886,2026-06-10,C1919,Tablet,Electronics,West,3,28595,85785,Debit Card,Online
9887,2026-07-30,C2993,Desk,Furniture,East,8,15237,121896,Net Banking,Online
9888,2026-07-31,C1012,Tablet,Electronics,North,2,29462,58924,Debit Card,Online
9889,2026-11-14,C1379,Headphones,Accessories,Northeast,7,4274,29918,Debit Card,Online
9890,2026-01-13,C1302,Headphones,Accessories,Northeast,2,4167,8334,Net Banking,Distributor
9891,2026-06-18,C2709,Monitor,Electronics,East,1,19563,19563,Cash,Online
9892,2026-07-20,C2785,Printer,Office,South,9,11915,107235,Debit Card,Store
9893,2026-02-06,C2502,Laptop,Electronics,Central,9,64226,578034,Credit Card,Online
9894,2026-04-13,C2211,Laptop,Electronics,Central,1,55975,55975,UPI,Online
9895,2026-01-24,C2910,Tablet,Electronics,Northeast,3,29510,88530,Cash,Online
9896,2026-03-18,C1634,Desk,Furniture,West,5,15390,76950,UPI,Store
9897,2026-07-20,C2927,Monitor,Electronics,Central,6,20024,120144,Cash,Store
9898,2026-10-14,C2002,Desk,Furniture,Northeast,9,14146,127314,Net Banking,Online
9899,2026-11-30,C1155,Office Chair,Furniture,South,3,10529,31587,Credit Card,Store
9900,2026-04-18,C2075,Mouse,Accessories,East,10,1389,13890,Cash,Online
9901,2026-05-06,C1023,Monitor,Electronics,Central,9,20089,180801,Net Banking,Distributor
9902,2026-07-13,C1353,Mobile,Electronics,Northeast,1,25905,25905,Credit Card,Distributor
9903,2026-12-05,C2903,Monitor,Electronics,East,7,19440,136080,Cash,Distributor
9904,2026-12-12,C1034,Desk,Furniture,West,6,14270,85620,Cash,Distributor
9905,2026-03-02,C1413,Office Chair,Furniture,West,8,9948,79584,Net Banking,Distributor
9906,2026-11-05,C2456,Laptop,Electronics,East,7,64308,450156,UPI,Distributor
9907,2026-09-06,C1273,Mouse,Accessories,West,3,1456,4368,UPI,Distributor
9908,2026-04-14,C1972,Tablet,Electronics,East,6,28276,169656,Cash,Store
9909,2026-06-06,C2680,Keyboard,Accessories,North,2,3215,6430,Debit Card,Store
9910,2026-08-24,C2087,Tablet,Electronics,East,5,27064,135320,Net Banking,Distributor
9911,2026-02-23,C2628,Monitor,Electronics,West,9,19956,179604,Debit Card,Distributor
9912,2026-12-05,C1584,Office Chair,Furniture,East,8,10654,85232,Net Banking,Distributor
9913,2026-04-04,C2971,Printer,Office,Central,5,12081,60405,Credit Card,Online
9914,2026-12-24,C2286,Mobile,Electronics,South,4,25039,100156,Cash,Online
9915,2026-05-08,C2200,Monitor,Electronics,East,4,19819,79276,UPI,Distributor
9916,2026-04-20,C1006,Monitor,Electronics,North,10,19100,191000,UPI,Online
9917,2026-03-10,C2792,Headphones,Accessories,Northeast,4,3824,15296,Debit Card,Online
9918,2026-09-17,C1039,Printer,Office,West,5,13096,65480,UPI,Online
9919,2026-07-16,C2890,Laptop,Electronics,East,6,65129,390774,Net Banking,Online
9920,2026-12-18,C2540,Mobile,Electronics,South,2,22871,45742,UPI,Online
9921,2026-10-30,C2296,Laptop,Electronics,East,7,62637,438459,Credit Card,Store
9922,2026-07-18,C2015,Keyboard,Accessories,Northeast,1,3219,3219,Debit Card,Distributor
9923,2026-07-27,C2117,Laptop,Electronics,North,6,64102,384612,Debit Card,Store
9924,2026-06-08,C1800,Tablet,Electronics,South,4,28946,115784,Net Banking,Online
9925,2026-11-08,C1059,Tablet,Electronics,South,10,27857,278570,Net Banking,Online
9926,2026-09-25,C1566,Desk,Furniture,Central,6,15085,90510,Credit Card,Online
9927,2026-01-17,C1688,Keyboard,Accessories,East,9,3117,28053,UPI,Distributor
9928,2026-08-10,C2902,Mouse,Accessories,Central,10,1432,14320,Net Banking,Online
9929,2026-03-16,C1547,Mouse,Accessories,South,1,1619,1619,Cash,Distributor
9930,2026-08-29,C2575,Keyboard,Accessories,Northeast,3,2904,8712,Debit Card,Distributor
9931,2026-05-11,C2462,Keyboard,Accessories,North,1,2932,2932,Net Banking,Store
9932,2026-06-17,C1521,Tablet,Electronics,Northeast,7,28022,196154,Debit Card,Distributor
9933,2026-12-21,C2208,Office Chair,Furniture,North,7,10454,73178,Cash,Online
9934,2026-01-14,C1538,Headphones,Accessories,Northeast,3,4309,12927,Net Banking,Store
9935,2026-11-16,C2940,Mouse,Accessories,East,4,1561,6244,Debit Card,Online
9936,2026-05-06,C2732,Desk,Furniture,Northeast,5,13621,68105,Cash,Store
9937,2026-06-06,C1946,Office Chair,Furniture,Central,3,9005,27015,Debit Card,Distributor
9938,2026-05-07,C1214,Mobile,Electronics,North,9,23148,208332,UPI,Distributor
9939,2026-06-21,C1588,Printer,Office,East,1,13192,13192,Credit Card,Online
9940,2026-04-29,C1894,Laptop,Electronics,East,10,60258,602580,Debit Card,Online
9941,2026-12-18,C2506,Desk,Furniture,North,8,14052,112416,Cash,Distributor
9942,2026-05-23,C1355,Tablet,Electronics,Central,9,30765,276885,Net Banking,Online
9943,2026-05-21,C1218,Headphones,Accessories,West,3,4000,12000,UPI,Online
9944,2026-12-28,C1272,Mouse,Accessories,North,6,1573,9438,Cash,Store
9945,2026-07-27,C1177,Printer,Office,Northeast,10,11467,114670,Cash,Store
9946,2026-04-04,C2335,Desk,Furniture,Northeast,8,14248,113984,UPI,Store
9947,2026-12-14,C2590,Printer,Office,East,3,12350,37050,Cash,Online
9948,2026-10-29,C2765,Keyboard,Accessories,South,9,2703,24327,UPI,Distributor
9949,2026-11-13,C2943,Mouse,Accessories,North,3,1466,4398,UPI,Distributor
9950,2026-12-01,C1662,Laptop,Electronics,North,1,59762,59762,UPI,Store
9951,2026-12-11,C2305,Printer,Office,Northeast,5,12439,62195,Net Banking,Distributor
9952,2026-04-08,C2486,Keyboard,Accessories,North,7,3146,22022,UPI,Store
9953,2026-11-14,C1674,Keyboard,Accessories,Northeast,4,3037,12148,Credit Card,Distributor
9954,2026-07-25,C2980,Mobile,Electronics,South,10,22593,225930,Cash,Online
9955,2026-10-10,C1332,Keyboard,Accessories,East,5,2844,14220,Net Banking,Store
9956,2026-11-01,C1252,Keyboard,Accessories,Central,9,2804,25236,Credit Card,Distributor
9957,2026-04-27,C1387,Office Chair,Furniture,Northeast,9,10473,94257,Debit Card,Distributor
9958,2026-10-13,C1835,Tablet,Electronics,South,8,27450,219600,Debit Card,Store
9959,2026-11-05,C1531,Desk,Furniture,Central,8,15850,126800,Cash,Store
9960,2026-03-16,C2308,Printer,Office,North,6,11510,69060,UPI,Distributor
9961,2026-06-08,C1936,Printer,Office,Central,7,12949,90643,Debit Card,Store
9962,2026-12-07,C2072,Keyboard,Accessories,Central,1,3129,3129,Net Banking,Store
9963,2026-02-25,C1930,Headphones,Accessories,West,2,3685,7370,Credit Card,Store
9964,2026-06-11,C1113,Keyboard,Accessories,Central,8,2967,23736,UPI,Distributor
9965,2026-08-09,C1129,Printer,Office,Northeast,7,10824,75768,Credit Card,Store
9966,2026-07-12,C1720,Mouse,Accessories,Northeast,3,1429,4287,Net Banking,Online
9967,2026-01-24,C2545,Monitor,Electronics,West,4,21443,85772,UPI,Distributor
9968,2026-06-16,C2422,Keyboard,Accessories,Central,5,3104,15520,Debit Card,Store
9969,2026-07-04,C1949,Headphones,Accessories,West,8,4051,32408,Credit Card,Store
9970,2026-05-30,C1114,Tablet,Electronics,Northeast,4,30520,122080,Credit Card,Store
9971,2026-04-17,C1724,Mobile,Electronics,Northeast,9,27198,244782,Cash,Store
9972,2026-03-21,C2628,Desk,Furniture,Central,2,13792,27584,Debit Card,Store
9973,2026-05-30,C2669,Mobile,Electronics,Northeast,1,24868,24868,Debit Card,Online
9974,2026-04-11,C1772,Headphones,Accessories,North,4,4325,17300,Cash,Online
9975,2026-05-25,C1699,Mouse,Accessories,Central,1,1402,1402,Cash,Distributor
9976,2026-05-17,C1533,Laptop,Electronics,Central,8,55701,445608,Net Banking,Online
9977,2026-08-26,C2300,Monitor,Electronics,North,2,21226,42452,Credit Card,Store
9978,2026-09-22,C1287,Monitor,Electronics,South,3,19035,57105,Cash,Distributor
9979,2026-12-12,C1367,Office Chair,Furniture,Northeast,7,9963,69741,Credit Card,Distributor
9980,2026-04-17,C1473,Keyboard,Accessories,South,3,2935,8805,UPI,Distributor
9981,2026-01-14,C1633,Keyboard,Accessories,South,1,3127,3127,Debit Card,Online
9982,2026-07-07,C2494,Office Chair,Furniture,East,4,9020,36080,Net Banking,Store
9983,2026-09-01,C1333,Mouse,Accessories,Northeast,10,1513,15130,Credit Card,Distributor
9984,2026-02-11,C1706,Mobile,Electronics,Central,9,23618,212562,UPI,Online
9985,2026-09-22,C2901,Tablet,Electronics,East,4,31238,124952,Credit Card,Online
9986,2026-06-03,C1285,Keyboard,Accessories,North,5,2824,14120,Net Banking,Store
9987,2026-03-13,C2987,Office Chair,Furniture,Central,6,10721,64326,Cash,Distributor
9988,2026-10-19,C1009,Mouse,Accessories,East,9,1648,14832,UPI,Online
9989,2026-04-18,C1072,Mouse,Accessories,Central,9,1422,12798,Net Banking,Online
9990,2026-03-16,C1028,Printer,Office,East,4,12071,48284,Cash,Online
9991,2026-09-08,C2898,Desk,Furniture,South,8,15992,127936,Net Banking,Distributor
9992,2026-09-20,C2060,Headphones,Accessories,South,7,3901,27307,UPI,Distributor
9993,2026-10-11,C1821,Tablet,Electronics,South,9,31368,282312,Cash,Distributor
9994,2026-09-30,C2719,Desk,Furniture,Central,3,14493,43479,Net Banking,Store
9995,2026-01-16,C2902,Desk,Furniture,West,1,15605,15605,Net Banking,Store
9996,2026-12-13,C1551,Monitor,Electronics,South,4,21500,86000,Net Banking,Store
9997,2026-08-30,C1936,Mouse,Accessories,Northeast,8,1511,12088,Credit Card,Online
9998,2026-12-28,C1855,Laptop,Electronics,West,4,60875,243500,Credit Card,Online
9999,2026-08-24,C2807,Printer,Office,South,9,11046,99414,Cash,Distributor
10000,2026-11-02,C1331,Mouse,Accessories,Central,8,1392,11136,Credit Card,Online
